"time","x1","x2","min_growth_rate","max_growth_rate","expect_avg_growth_rate","tau","x3","model"
0,0.3418031,2.747028,-0.845449938224546,0.254523019679158,-0.0395062131884645,0.1,NA,"rosenzweig_macarthur_2sp_forced_fixed_point"
0.101,0.36385999041858,2.75739529968304,-0.87265359146201,0.237664033396555,-0.0573875780563997,0.1,NA,"rosenzweig_macarthur_2sp_forced_fixed_point"
0.202,0.386462131386,2.77085880005052,-0.901461218082743,0.223172288776947,-0.0732630655316154,0.1,NA,"rosenzweig_macarthur_2sp_forced_fixed_point"
0.303,0.409441127901734,2.78742577308851,-0.931165500955294,0.210892914949007,-0.087179036377127,0.1,NA,"rosenzweig_macarthur_2sp_forced_fixed_point"
0.404,0.432611700651092,2.80708931534678,-0.961047299354503,0.200615500543557,-0.0992369124751296,0.1,NA,"rosenzweig_macarthur_2sp_forced_fixed_point"
0.505,0.455775487616411,2.8298284727499,-0.990410446936284,0.192098567062381,-0.109578617556192,0.1,NA,"rosenzweig_macarthur_2sp_forced_fixed_point"
0.606,0.478725326504175,2.85560857145256,-1.0186104345622,0.185090572302965,-0.118371722267427,0.1,NA,"rosenzweig_macarthur_2sp_forced_fixed_point"
0.707,0.501249760152813,2.88438169332218,-1.04507567371038,0.179346218116956,-0.125795662413746,0.1,NA,"rosenzweig_macarthur_2sp_forced_fixed_point"
0.808,0.523137503424224,2.91608722788031,-1.06932142469263,0.174638018301262,-0.132029912447935,0.1,NA,"rosenzweig_macarthur_2sp_forced_fixed_point"
0.909,0.544181635122028,2.95065243219496,-1.09095735118059,0.170763788120931,-0.137244511687231,0.1,NA,"rosenzweig_macarthur_2sp_forced_fixed_point"
1.01,0.564183326562759,2.98799293557824,-1.10969007518179,0.167551008073213,-0.141592945720243,0.1,NA,"rosenzweig_macarthur_2sp_forced_fixed_point"
1.111,0.582954980705262,3.02801313571124,-1.12532218770901,0.16485903066811,-0.145207118770197,0.1,NA,"rosenzweig_macarthur_2sp_forced_fixed_point"
1.212,0.600322722259086,3.07060644540892,-1.13774905270239,0.162579971662243,-0.148194013892798,0.1,NA,"rosenzweig_macarthur_2sp_forced_fixed_point"
1.313,0.616128240893455,3.11565536309132,-1.14695452286098,0.16063894639647,-0.150633603564202,0.1,NA,"rosenzweig_macarthur_2sp_forced_fixed_point"
1.414,0.630230039877166,3.16303135382755,-1.15300642542222,0.158994125861356,-0.152577612772085,0.1,NA,"rosenzweig_macarthur_2sp_forced_fixed_point"
1.515,0.642504177561934,3.21259454063079,-1.15605240396955,0.157636913679417,-0.154048822221461,0.1,NA,"rosenzweig_macarthur_2sp_forced_fixed_point"
1.616,0.652844608385667,3.26419321698822,-1.1563164302202,0.156592383804491,-0.155040710163666,0.1,NA,"rosenzweig_macarthur_2sp_forced_fixed_point"
1.717,0.66116323512275,3.31766320126857,-1.15409602704041,0.155919959424692,-0.155517354948157,0.1,NA,"rosenzweig_macarthur_2sp_forced_fixed_point"
1.818,0.667389777950694,3.37282706182011,-1.14975996459259,0.155714143282345,-0.155413649686512,0.1,NA,"rosenzweig_macarthur_2sp_forced_fixed_point"
1.919,0.671471552058915,3.42949324860503,-1.1437458998315,0.156104918005033,-0.154636010639543,0.1,NA,"rosenzweig_macarthur_2sp_forced_fixed_point"
2.02,0.673373227341013,3.48745517356358,-1.13655712816837,0.157257221465776,-0.153063885470741,0.1,NA,"rosenzweig_macarthur_2sp_forced_fixed_point"
2.121,0.673076623917207,3.54649028802742,-1.12875732700381,0.159368685699564,-0.150552473734443,0.1,NA,"rosenzweig_macarthur_2sp_forced_fixed_point"
2.222,0.670580577754847,3.60635921181734,-1.12096194832385,0.162664658987478,-0.14693713787515,0.1,NA,"rosenzweig_macarthur_2sp_forced_fixed_point"
2.323,0.665900892614996,3.66680497546967,-1.11382485776578,0.167389499789365,-0.142039976043034,0.1,NA,"rosenzweig_macarthur_2sp_forced_fixed_point"
2.424,0.659070378392923,3.7275524444859,-1.10801905228903,0.173793362026603,-0.135678908473987,0.1,NA,"rosenzweig_macarthur_2sp_forced_fixed_point"
2.525,0.65013896157927,3.78830800254128,-1.10421094711905,0.182114303023432,-0.127679360738866,0.1,NA,"rosenzweig_macarthur_2sp_forced_fixed_point"
2.626,0.63917384067902,3.84875957891413,-1.1030288519367,0.192556574515036,-0.117888195709486,0.1,NA,"rosenzweig_macarthur_2sp_forced_fixed_point"
2.727,0.626259647501124,3.90857711339371,-1.10502771988625,0.205267258482542,-0.106188983433749,0.1,NA,"rosenzweig_macarthur_2sp_forced_fixed_point"
2.828,0.611498563840086,3.96741355859257,-1.11065367592695,0.22031460570549,-0.0925171008493432,0.1,NA,"rosenzweig_macarthur_2sp_forced_fixed_point"
2.929,0.595010331993989,4.02490652348868,-1.12021268107617,0.237672001648078,-0.0768726810767952,0.1,NA,"rosenzweig_macarthur_2sp_forced_fixed_point"
3.03,0.57693208695047,4.08068066122132,-1.13384752091834,0.257210999091569,-0.0593292718430293,0.1,NA,"rosenzweig_macarthur_2sp_forced_fixed_point"
3.131,0.557417928583906,4.13435089624414,-1.15152604954928,0.278705287982041,-0.0400363595414181,0.1,NA,"rosenzweig_macarthur_2sp_forced_fixed_point"
3.232,0.536638145137324,4.18552656809799,-1.1730416848424,0.301845283868928,-0.0192146957304076,0.1,NA,"rosenzweig_macarthur_2sp_forced_fixed_point"
3.333,0.514777996602733,4.2338165383697,-1.1980252301537,0.326260957826031,0.00285550900877229,0.1,NA,"rosenzweig_macarthur_2sp_forced_fixed_point"
3.434,0.4920359710024,4.27883526124813,-1.22596578402284,0.351549246464447,0.0258522538383844,0.1,NA,"rosenzweig_macarthur_2sp_forced_fixed_point"
3.535,0.468621441054943,4.32020975491424,-1.25623800618648,0.377302112829879,0.0494330393433576,0.1,NA,"rosenzweig_macarthur_2sp_forced_fixed_point"
3.636,0.444751676222075,4.35758733123675,-1.28813316557259,0.403131903942433,0.0732570450846912,0.1,NA,"rosenzweig_macarthur_2sp_forced_fixed_point"
3.737,0.420648207685223,4.39064384837277,-1.32089185730707,0.42869168119219,0.0970055124003243,0.1,NA,"rosenzweig_macarthur_2sp_forced_fixed_point"
3.838,0.396532601401633,4.41909215236295,-1.35373674028977,0.453689313626587,0.120398180187004,0.1,NA,"rosenzweig_macarthur_2sp_forced_fixed_point"
3.939,0.372621763907287,4.44269028151122,-1.38590396740931,0.477895086530655,0.143204433415302,0.1,NA,"rosenzweig_macarthur_2sp_forced_fixed_point"
4.04,0.349122979906881,4.46124893684091,-1.4166721518784,0.501143296704547,0.165248706406602,0.1,NA,"rosenzweig_macarthur_2sp_forced_fixed_point"
4.141,0.32622894896623,4.4746376905059,-1.44538780583957,0.523328780486963,0.186410462484523,0.1,NA,"rosenzweig_macarthur_2sp_forced_fixed_point"
4.242,0.304113137289951,4.4827894271476,-1.4714862842687,0.544399586808231,0.206619646076309,0.1,NA,"rosenzweig_macarthur_2sp_forced_fixed_point"
4.343,0.282925776314176,4.48570259995584,-1.49450742838965,0.564347106221538,0.225848838696774,0.1,NA,"rosenzweig_macarthur_2sp_forced_fixed_point"
4.444,0.262790813268258,4.48344103223693,-1.51410535434039,0.583194932834757,0.244103461808031,0.1,NA,"rosenzweig_macarthur_2sp_forced_fixed_point"
4.545,0.243804048047248,4.4761311924378,-1.53005216839996,0.600987599225286,0.261411300207181,0.1,NA,"rosenzweig_macarthur_2sp_forced_fixed_point"
4.646,0.226032583268844,4.46395708986393,-1.54223577764288,0.617780113880159,0.277812423293722,0.1,NA,"rosenzweig_macarthur_2sp_forced_fixed_point"
4.747,0.209515586631501,4.44715314677871,-1.55065235547085,0.633628977462094,0.293350313120507,0.1,NA,"rosenzweig_macarthur_2sp_forced_fixed_point"
4.848,0.194266238189233,4.42599556762906,-1.55539436035063,0.648585090510384,0.308064717269778,0.1,NA,"rosenzweig_macarthur_2sp_forced_fixed_point"
4.949,0.180274631175574,4.40079282353143,-1.55663524549322,0.662688721134178,0.321986471978179,0.1,NA,"rosenzweig_macarthur_2sp_forced_fixed_point"
5.05,0.167511329121967,4.37187588945512,-1.55461210791178,0.675966500302437,0.335134315188846,0.1,NA,"rosenzweig_macarthur_2sp_forced_fixed_point"
5.151,0.15593126068264,4.33958881769012,-1.54960750335071,0.688430267771857,0.347513545338082,0.1,NA,"rosenzweig_macarthur_2sp_forced_fixed_point"
5.252,0.145477653685142,4.30428012168122,-1.54193151989011,0.70007750546829,0.359116281492094,0.1,NA,"rosenzweig_macarthur_2sp_forced_fixed_point"
5.353,0.136085761074347,4.26629530351597,-1.53190499609086,0.710893059337972,0.36992303509952,0.1,NA,"rosenzweig_macarthur_2sp_forced_fixed_point"
5.454,0.127686199723805,4.2259707111339,-1.51984453430931,0.720851850994333,0.379905297701454,0.1,NA,"rosenzweig_macarthur_2sp_forced_fixed_point"
5.555,0.120207794994026,4.1836287779468,-1.50604973657361,0.729922300357906,0.389028864914772,0.1,NA,"rosenzweig_macarthur_2sp_forced_fixed_point"
5.656,0.113579888892972,4.13957459099381,-1.49079290686571,0.738070204897546,0.397257639090992,0.1,NA,"rosenzweig_macarthur_2sp_forced_fixed_point"
5.757,0.107734121407503,4.094093659371,-1.47431133145131,0.745262839147595,0.404557669831091,0.1,NA,"rosenzweig_macarthur_2sp_forced_fixed_point"
5.858,0.102605730722505,4.04745071165389,-1.45680216448932,0.751473044454545,0.410901197216417,0.1,NA,"rosenzweig_macarthur_2sp_forced_fixed_point"
5.959,0.0981344393711203,3.99988933455409,-1.43841989461444,0.756683073528453,0.4162704571257,0.1,NA,"rosenzweig_macarthur_2sp_forced_fixed_point"
6.06,0.09426500241209,3.95163226846331,-1.41927632871922,0.760887942289861,0.420660996198062,0.1,NA,"rosenzweig_macarthur_2sp_forced_fixed_point"
6.161,0.090947493747322,3.90288219202973,-1.39944298104205,0.764098031097962,0.424084234220465,0.1,NA,"rosenzweig_macarthur_2sp_forced_fixed_point"
6.262,0.0881374008150965,3.8538228515572,-1.37895568380083,0.766340678723271,0.426569013963499,0.1,NA,"rosenzweig_macarthur_2sp_forced_fixed_point"
6.363,0.0857955887254684,3.80462041723612,-1.35782113482127,0.767660534966989,0.428161902344461,0.1,NA,"rosenzweig_macarthur_2sp_forced_fixed_point"
6.464,0.0838881843555706,3.75542497382994,-1.33602497478206,0.768118488768788,0.428926059391866,0.1,NA,"rosenzweig_macarthur_2sp_forced_fixed_point"
6.565,0.082386420245631,3.70637207649365,-1.31354086004074,0.767789070998327,0.428938575794228,0.1,NA,"rosenzweig_macarthur_2sp_forced_fixed_point"
6.666,0.0812664680572164,3.65758432188081,-1.29033989216015,0.766756342706074,0.428286293558776,0.1,NA,"rosenzweig_macarthur_2sp_forced_fixed_point"
6.767,0.0805092822402091,3.60917290026539,-1.26639970899042,0.765108412734319,0.427060259634426,0.1,NA,"rosenzweig_macarthur_2sp_forced_fixed_point"
6.868,0.0801004665699571,3.56123910616858,-1.24171255522057,0.762930870615274,0.425349106360854,0.1,NA,"rosenzweig_macarthur_2sp_forced_fixed_point"
6.969,0.0800301694480201,3.51387579332047,-1.21629174156114,0.760299555286208,0.423231788603792,0.1,NA,"rosenzweig_macarthur_2sp_forced_fixed_point"
7.07,0.0802930083890192,3.46716876524046,-1.19017606533393,0.7572731892763,0.420770216927666,0.1,NA,"rosenzweig_macarthur_2sp_forced_fixed_point"
7.171,0.0808880200304576,3.42119809591469,-1.16343198164155,0.753886474408523,0.418002391435555,0.1,NA,"rosenzweig_macarthur_2sp_forced_fixed_point"
7.272,0.081818629362468,3.37603937662811,-1.13615355421277,0.750144255208337,0.414936648136932,0.1,NA,"rosenzweig_macarthur_2sp_forced_fixed_point"
7.373,0.0830926306449162,3.33176488559102,-1.10846044535373,0.746017303406963,0.411547572096015,0.1,NA,"rosenzweig_macarthur_2sp_forced_fixed_point"
7.474,0.0847221724603167,3.28844467711254,-1.08049439419179,0.741440163692771,0.40777401196662,0.1,NA,"rosenzweig_macarthur_2sp_forced_fixed_point"
7.575,0.0867237401444186,3.24614758710374,-1.05241475772687,0.736311339930953,0.40351946218767,0.1,NA,"rosenzweig_macarthur_2sp_forced_fixed_point"
7.676,0.0891181298737953,3.20494215185004,-1.02439373684168,0.73049591409048,0.398654884561776,0.1,NA,"rosenzweig_macarthur_2sp_forced_fixed_point"
7.777,0.0919304093268915,3.16489743729839,-0.996611878265316,0.723830503877122,0.393023847682372,0.1,NA,"rosenzweig_macarthur_2sp_forced_fixed_point"
7.878,0.0951898594868549,3.12608377642313,-0.969254344120024,0.71613030585998,0.3864496973369,0.1,NA,"rosenzweig_macarthur_2sp_forced_fixed_point"
7.979,0.0989298904292233,3.08857341233723,-0.942508292819384,0.707197858460721,0.378744353127263,0.1,NA,"rosenzweig_macarthur_2sp_forced_fixed_point"
8.08,0.103187920723475,3.05244104446245,-0.916561543288602,0.69683310219629,0.36971826402945,0.1,NA,"rosenzweig_macarthur_2sp_forced_fixed_point"
8.181,0.108005205560395,3.01776427409246,-0.891602523076142,0.684844308808883,0.359191043384144,0.1,NA,"rosenzweig_macarthur_2sp_forced_fixed_point"
8.282,0.113426593334158,2.98462394403745,-0.867821349355039,0.671059480809022,0.347002325951872,0.1,NA,"rosenzweig_macarthur_2sp_forced_fixed_point"
8.383,0.119500184767541,2.95310436484504,-0.84541177143254,0.655337865618966,0.333022424309932,0.1,NA,"rosenzweig_macarthur_2sp_forced_fixed_point"
8.484,0.12627686347502,2.92329341762155,-0.824573616303204,0.637581258869318,0.317162387258105,0.1,NA,"rosenzweig_macarthur_2sp_forced_fixed_point"
8.585,0.133809662865744,2.89528252112872,-0.805515318510789,0.617744766923459,0.299383063049922,0.1,NA,"rosenzweig_macarthur_2sp_forced_fixed_point"
8.686,0.142152932289765,2.8691664490875,-0.788456069109802,0.59584664278652,0.279702739116763,0.1,NA,"rosenzweig_macarthur_2sp_forced_fixed_point"
8.787,0.151361266167721,2.84504298300278,-0.773627069478815,0.571976693881983,0.258202873627654,0.1,NA,"rosenzweig_macarthur_2sp_forced_fixed_point"
8.888,0.161488164405638,2.82301238684063,-0.761271309245099,0.546302587155825,0.235031371449982,0.1,NA,"rosenzweig_macarthur_2sp_forced_fixed_point"
8.989,0.172584401579603,2.80317669298058,-0.751641197910889,0.519073164222154,0.210402817828209,0.1,NA,"rosenzweig_macarthur_2sp_forced_fixed_point"
9.09,0.184696096975511,2.78563879433379,-0.744993282329116,0.4906176680038,0.184595105287857,0.1,NA,"rosenzweig_macarthur_2sp_forced_fixed_point"
9.191,0.197862498092949,2.77050134545853,-0.741579229134924,0.461339649254197,0.157942012693144,0.1,NA,"rosenzweig_macarthur_2sp_forced_fixed_point"
9.292,0.212113516619622,2.75786548572327,-0.741632344653114,0.431704388204114,0.130821552104374,0.1,NA,"rosenzweig_macarthur_2sp_forced_fixed_point"
9.393,0.227467087239383,2.74782940951713,-0.745349291170506,0.402219091628361,0.103640300148841,0.1,NA,"rosenzweig_macarthur_2sp_forced_fixed_point"
9.494,0.243926453886997,2.74048682124771,-0.752867479905221,0.373406052871388,0.0768144511854462,0.1,NA,"rosenzweig_macarthur_2sp_forced_fixed_point"
9.595,0.261477521822364,2.73592532509284,-0.764239905871284,0.345770411619951,0.0507488977979014,0.1,NA,"rosenzweig_macarthur_2sp_forced_fixed_point"
9.696,0.28008644253729,2.73422480961527,-0.779410710746301,0.319765876295641,0.0258161426575134,0.1,NA,"rosenzweig_macarthur_2sp_forced_fixed_point"
9.797,0.299697616577939,2.73545589376964,-0.798195966308607,0.29576319994533,0.00233713321736373,0.1,NA,"rosenzweig_macarthur_2sp_forced_fixed_point"
9.898,0.32023230141485,2.73967850208425,-0.820274344564517,0.274026584540819,-0.0194339351986199,0.1,NA,"rosenzweig_macarthur_2sp_forced_fixed_point"
9.999,0.34158799322972,2.74694063193758,-0.845191005780369,0.254702026586768,-0.0393192327075982,0.1,NA,"rosenzweig_macarthur_2sp_forced_fixed_point"
0,0.3418031,2.747028,-0.913643932260871,0.148520538123195,-0.0212206708971404,0.2,NA,"rosenzweig_macarthur_2sp_forced_fixed_point"
0.101,0.36385999041858,2.75739529968304,-0.930497331244074,0.134019230957072,-0.0357549476513416,0.2,NA,"rosenzweig_macarthur_2sp_forced_fixed_point"
0.202,0.386462131386,2.77085880005052,-0.946012578578009,0.120370277965053,-0.0494298439855359,0.2,NA,"rosenzweig_macarthur_2sp_forced_fixed_point"
0.303,0.409441127901734,2.78742577308851,-0.959883308985556,0.107516685804695,-0.062297495173663,0.2,NA,"rosenzweig_macarthur_2sp_forced_fixed_point"
0.404,0.432611700651092,2.80708931534678,-0.97181932391825,0.0953701256558037,-0.0744411497649831,0.2,NA,"rosenzweig_macarthur_2sp_forced_fixed_point"
0.505,0.455775487616411,2.8298284727499,-0.981558093045458,0.0838194541703026,-0.0859667167155193,0.2,NA,"rosenzweig_macarthur_2sp_forced_fixed_point"
0.606,0.478725326504175,2.85560857145256,-0.988876123356011,0.0727402254745062,-0.0969932564133138,0.2,NA,"rosenzweig_macarthur_2sp_forced_fixed_point"
0.707,0.501249760152813,2.88438169332218,-0.993599392709099,0.062004394738526,-0.107643219688092,0.2,NA,"rosenzweig_macarthur_2sp_forced_fixed_point"
0.808,0.523137503424224,2.91608722788031,-0.995612334471262,0.0514896549547106,-0.118033015805833,0.2,NA,"rosenzweig_macarthur_2sp_forced_fixed_point"
0.909,0.544181635122028,2.95065243219496,-0.994865186074317,0.0410881394603221,-0.128264216239042,0.2,NA,"rosenzweig_macarthur_2sp_forced_fixed_point"
1.01,0.564183326562759,2.98799293557824,-0.991379795415988,0.030714487567351,-0.138415453489526,0.2,NA,"rosenzweig_macarthur_2sp_forced_fixed_point"
1.111,0.582954980705262,3.02801313571124,-0.985254159919925,0.0203134561573576,-0.148534910081686,0.2,NA,"rosenzweig_macarthur_2sp_forced_fixed_point"
1.212,0.600322722259086,3.07060644540892,-0.976666025489099,0.0098673354715985,-0.158633245327367,0.2,NA,"rosenzweig_macarthur_2sp_forced_fixed_point"
1.313,0.616128240893455,3.11565536309132,-0.965875785009458,-0.000596625434839057,-0.168676892941661,0.2,NA,"rosenzweig_macarthur_2sp_forced_fixed_point"
1.414,0.630230039877166,3.16303135382755,-0.953228681006256,-0.0109987760335617,-0.178581887397983,0.2,NA,"rosenzweig_macarthur_2sp_forced_fixed_point"
1.515,0.642504177561934,3.21259454063079,-0.939155922881954,-0.021199962872084,-0.188208737279694,0.2,NA,"rosenzweig_macarthur_2sp_forced_fixed_point"
1.616,0.652844608385667,3.26419321698822,-0.924173763933042,-0.0309956848775354,-0.197359333567222,0.2,NA,"rosenzweig_macarthur_2sp_forced_fixed_point"
1.717,0.66116323512275,3.31766320126857,-0.908878860656235,-0.0401131649144304,-0.20577738497705,0.2,NA,"rosenzweig_macarthur_2sp_forced_fixed_point"
1.818,0.667389777950694,3.37282706182011,-0.893937455671481,-0.0482138340621566,-0.213154254795826,0.2,NA,"rosenzweig_macarthur_2sp_forced_fixed_point"
1.919,0.671471552058915,3.42949324860503,-0.88006536600276,-0.0549043738792221,-0.219142079204885,0.2,NA,"rosenzweig_macarthur_2sp_forced_fixed_point"
2.02,0.673373227341013,3.48745517356358,-0.867995969694401,-0.0597593643661456,-0.22337536413908,0.2,NA,"rosenzweig_macarthur_2sp_forced_fixed_point"
2.121,0.673076623917207,3.54649028802742,-0.858435121869826,-0.0623569680999566,-0.225500664790161,0.2,NA,"rosenzweig_macarthur_2sp_forced_fixed_point"
2.222,0.670580577754847,3.60635921181734,-0.852005718492276,-0.0623253980910534,-0.225211564446798,0.2,NA,"rosenzweig_macarthur_2sp_forced_fixed_point"
2.323,0.665900892614996,3.66680497546967,-0.849189876920924,-0.0593927274212743,-0.222283653379932,0.2,NA,"rosenzweig_macarthur_2sp_forced_fixed_point"
2.424,0.659070378392923,3.7275524444859,-0.850281043378443,-0.0534282540241852,-0.21660270472255,0.2,NA,"rosenzweig_macarthur_2sp_forced_fixed_point"
2.525,0.65013896157927,3.78830800254128,-0.85535841826386,-0.0444634735264963,-0.208179828516019,0.2,NA,"rosenzweig_macarthur_2sp_forced_fixed_point"
2.626,0.63917384067902,3.84875957891413,-0.864290292267963,-0.0326863609879518,-0.197150283145714,0.2,NA,"rosenzweig_macarthur_2sp_forced_fixed_point"
2.727,0.626259647501124,3.90857711339371,-0.876763627975712,-0.0184117230537988,-0.183756814337503,0.2,NA,"rosenzweig_macarthur_2sp_forced_fixed_point"
2.828,0.611498563840086,3.96741355859257,-0.892329678011575,-0.00203771622474107,-0.168322093173382,0.2,NA,"rosenzweig_macarthur_2sp_forced_fixed_point"
2.929,0.595010331993989,4.02490652348868,-0.910453327444995,0.0159994515835088,-0.151216584100546,0.2,NA,"rosenzweig_macarthur_2sp_forced_fixed_point"
3.03,0.57693208695047,4.08068066122132,-0.930556836882057,0.0352637295152221,-0.132827684963759,0.2,NA,"rosenzweig_macarthur_2sp_forced_fixed_point"
3.131,0.557417928583906,4.13435089624414,-0.952053658867493,0.0553464762594399,-0.113534021070058,0.2,NA,"rosenzweig_macarthur_2sp_forced_fixed_point"
3.232,0.536638145137324,4.18552656809799,-0.974372142087181,0.0758830009627035,-0.0936864981063331,0.2,NA,"rosenzweig_macarthur_2sp_forced_fixed_point"
3.333,0.514777996602733,4.2338165383697,-0.996971109532045,0.096560719428325,-0.0735959697473494,0.2,NA,"rosenzweig_macarthur_2sp_forced_fixed_point"
3.434,0.4920359710024,4.27883526124813,-1.01934979588673,0.11712163310017,-0.0535264442212518,0.2,NA,"rosenzweig_macarthur_2sp_forced_fixed_point"
3.535,0.468621441054943,4.32020975491424,-1.04105422893647,0.137361321651916,-0.0336925103494762,0.2,NA,"rosenzweig_macarthur_2sp_forced_fixed_point"
3.636,0.444751676222075,4.35758733123675,-1.06168147382368,0.157125887730796,-0.0142598184009623,0.2,NA,"rosenzweig_macarthur_2sp_forced_fixed_point"
3.737,0.420648207685223,4.39064384837277,-1.08088255998401,0.176307656053865,0.00465225593401641,0.2,NA,"rosenzweig_macarthur_2sp_forced_fixed_point"
3.838,0.396532601401633,4.41909215236295,-1.09836448033399,0.194840018331158,0.0229663647879216,0.2,NA,"rosenzweig_macarthur_2sp_forced_fixed_point"
3.939,0.372621763907287,4.44269028151122,-1.11389137750951,0.212691613049426,0.0406417745272985,0.2,NA,"rosenzweig_macarthur_2sp_forced_fixed_point"
4.04,0.349122979906881,4.46124893684091,-1.12728486695776,0.229859973643074,0.0576681090077589,0.2,NA,"rosenzweig_macarthur_2sp_forced_fixed_point"
4.141,0.32622894896623,4.4746376905059,-1.13842335361934,0.246364806785073,0.0740585500733633,0.2,NA,"rosenzweig_macarthur_2sp_forced_fixed_point"
4.242,0.304113137289951,4.4827894271476,-1.14724015901957,0.262241124182488,0.0898428103198898,0.2,NA,"rosenzweig_macarthur_2sp_forced_fixed_point"
4.343,0.282925776314176,4.48570259995584,-1.15372028526441,0.277532510911901,0.105060216700417,0.2,NA,"rosenzweig_macarthur_2sp_forced_fixed_point"
4.444,0.262790813268258,4.48344103223693,-1.15789570398184,0.292284848276293,0.119753253583286,0.2,NA,"rosenzweig_macarthur_2sp_forced_fixed_point"
4.545,0.243804048047248,4.4761311924378,-1.15983917037048,0.306540807375625,0.133961896196995,0.2,NA,"rosenzweig_macarthur_2sp_forced_fixed_point"
4.646,0.226032583268844,4.46395708986393,-1.15965671411033,0.32033538836056,0.147719014737484,0.2,NA,"rosenzweig_macarthur_2sp_forced_fixed_point"
4.747,0.209515586631501,4.44715314677871,-1.15747912756254,0.333692705031324,0.161047048912047,0.2,NA,"rosenzweig_macarthur_2sp_forced_fixed_point"
4.848,0.194266238189233,4.42599556762906,-1.15345292716574,0.346624116431581,0.173956052105523,0.2,NA,"rosenzweig_macarthur_2sp_forced_fixed_point"
4.949,0.180274631175574,4.40079282353143,-1.14773137493487,0.359127700875556,0.186443097095916,0.2,NA,"rosenzweig_macarthur_2sp_forced_fixed_point"
5.05,0.167511329121967,4.37187588945512,-1.14046618895934,0.371188967791123,0.198492934995825,0.2,NA,"rosenzweig_macarthur_2sp_forced_fixed_point"
5.151,0.15593126068264,4.33958881769012,-1.13180053302789,0.382782620295257,0.210079716885854,0.2,NA,"rosenzweig_macarthur_2sp_forced_fixed_point"
5.252,0.145477653685142,4.30428012168122,-1.12186375947755,0.393875123460642,0.221169530125046,0.2,NA,"rosenzweig_macarthur_2sp_forced_fixed_point"
5.353,0.136085761074347,4.26629530351597,-1.11076820347137,0.404427801971868,0.231723470622404,0.2,NA,"rosenzweig_macarthur_2sp_forced_fixed_point"
5.454,0.127686199723805,4.2259707111339,-1.0986081182015,0.414400184595253,0.241700966631469,0.2,NA,"rosenzweig_macarthur_2sp_forced_fixed_point"
5.555,0.120207794994026,4.1836287779468,-1.0854606300173,0.42375332731734,0.251063084542801,0.2,NA,"rosenzweig_macarthur_2sp_forced_fixed_point"
5.656,0.113579888892972,4.13957459099381,-1.07138840945131,0.432452876619622,0.259775577130674,0.2,NA,"rosenzweig_macarthur_2sp_forced_fixed_point"
5.757,0.107734121407503,4.094093659371,-1.05644362121976,0.44047167345339,0.267811474044032,0.2,NA,"rosenzweig_macarthur_2sp_forced_fixed_point"
5.858,0.102605730722505,4.04745071165389,-1.04067264629348,0.447791741958132,0.275153057924187,0.2,NA,"rosenzweig_macarthur_2sp_forced_fixed_point"
5.959,0.0981344393711203,3.99988933455409,-1.02412106373153,0.454405550865463,0.281793113450788,0.2,NA,"rosenzweig_macarthur_2sp_forced_fixed_point"
6.06,0.09426500241209,3.95163226846331,-1.00683843062475,0.460316477381712,0.287735378446762,0.2,NA,"rosenzweig_macarthur_2sp_forced_fixed_point"
6.161,0.090947493747322,3.90288219202973,-0.988882489385926,0.465538442336777,0.292994165162382,0.2,NA,"rosenzweig_macarthur_2sp_forced_fixed_point"
6.262,0.0881374008150965,3.8538228515572,-0.970322543662367,0.470094722285397,0.297593156826713,0.2,NA,"rosenzweig_macarthur_2sp_forced_fixed_point"
6.363,0.0857955887254684,3.80462041723612,-0.951241859094393,0.474015980986635,0.301563421484031,0.2,NA,"rosenzweig_macarthur_2sp_forced_fixed_point"
6.464,0.0838881843555706,3.75542497382994,-0.931739048744909,0.477337601686447,0.304940724464289,0.2,NA,"rosenzweig_macarthur_2sp_forced_fixed_point"
6.565,0.082386420245631,3.70637207649365,-0.911928486547635,0.480096444847542,0.307762264518973,0.2,NA,"rosenzweig_macarthur_2sp_forced_fixed_point"
6.666,0.0812664680572164,3.65758432188081,-0.891939852244193,0.482327203854343,0.310063007074054,0.2,NA,"rosenzweig_macarthur_2sp_forced_fixed_point"
6.767,0.0805092822402091,3.60917290026539,-0.871916948760134,0.484058581707227,0.311871839043434,0.2,NA,"rosenzweig_macarthur_2sp_forced_fixed_point"
6.868,0.0801004665699571,3.56123910616858,-0.852015950771623,0.4853095595837,0.313207817839627,0.2,NA,"rosenzweig_macarthur_2sp_forced_fixed_point"
6.969,0.0800301694480201,3.51387579332047,-0.832403244759773,0.486086064978244,0.314076824055593,0.2,NA,"rosenzweig_macarthur_2sp_forced_fixed_point"
7.07,0.0802930083890192,3.46716876524046,-0.813253008887883,0.486378362283867,0.314468942012807,0.2,NA,"rosenzweig_macarthur_2sp_forced_fixed_point"
7.171,0.0808880200304576,3.42119809591469,-0.794744657370028,0.486159471282503,0.314356874112424,0.2,NA,"rosenzweig_macarthur_2sp_forced_fixed_point"
7.272,0.081818629362468,3.37603937662811,-0.777060240043994,0.485384860992319,0.313695635768656,0.2,NA,"rosenzweig_macarthur_2sp_forced_fixed_point"
7.373,0.0830926306449162,3.33176488559102,-0.760381845784272,0.483993565738482,0.312423676018166,0.2,NA,"rosenzweig_macarthur_2sp_forced_fixed_point"
7.474,0.0847221724603167,3.28844467711254,-0.744889012341168,0.481910734063178,0.310465431977991,0.2,NA,"rosenzweig_macarthur_2sp_forced_fixed_point"
7.575,0.0867237401444186,3.24614758710374,-0.730756102040515,0.479051465741146,0.307735170091833,0.2,NA,"rosenzweig_macarthur_2sp_forced_fixed_point"
7.676,0.0891181298737953,3.20494215185004,-0.718149571812108,0.475325642104782,0.304141818101062,0.2,NA,"rosenzweig_macarthur_2sp_forced_fixed_point"
7.777,0.0919304093268915,3.16489743729839,-0.707225057304951,0.470643337647555,0.299594376279624,0.2,NA,"rosenzweig_macarthur_2sp_forced_fixed_point"
7.878,0.0951898594868549,3.12608377642313,-0.698124212454758,0.464920340656036,0.294007438371803,0.2,NA,"rosenzweig_macarthur_2sp_forced_fixed_point"
7.979,0.0989298904292233,3.08857341233723,-0.690971300560182,0.458083321672831,0.287306365392362,0.2,NA,"rosenzweig_macarthur_2sp_forced_fixed_point"
8.08,0.103187920723475,3.05244104446245,-0.685869615460638,0.450074270583588,0.279431737914196,0.2,NA,"rosenzweig_macarthur_2sp_forced_fixed_point"
8.181,0.108005205560395,3.01776427409246,-0.682897907583028,0.440853959974556,0.270342848117005,0.2,NA,"rosenzweig_macarthur_2sp_forced_fixed_point"
8.282,0.113426593334158,2.98462394403745,-0.682107077917255,0.430404355243154,0.260020152835103,0.2,NA,"rosenzweig_macarthur_2sp_forced_fixed_point"
8.383,0.119500184767541,2.95310436484504,-0.683517459000741,0.418730045574256,0.248466758561999,0.2,NA,"rosenzweig_macarthur_2sp_forced_fixed_point"
8.484,0.12627686347502,2.92329341762155,-0.687117004859002,0.405858881293368,0.235709116964485,0.2,NA,"rosenzweig_macarthur_2sp_forced_fixed_point"
8.585,0.133809662865744,2.89528252112872,-0.69286065065763,0.391842049558095,0.221797153557203,0.2,NA,"rosenzweig_macarthur_2sp_forced_fixed_point"
8.686,0.142152932289765,2.8691664490875,-0.700670980886113,0.376753794874235,0.206804026887271,0.2,NA,"rosenzweig_macarthur_2sp_forced_fixed_point"
8.787,0.151361266167721,2.84504298300278,-0.710440179994973,0.36069090334722,0.190825631072574,0.2,NA,"rosenzweig_macarthur_2sp_forced_fixed_point"
8.888,0.161488164405638,2.82301238684063,-0.72203305979333,0.343771943122241,0.173979833507886,0.2,NA,"rosenzweig_macarthur_2sp_forced_fixed_point"
8.989,0.172584401579603,2.80317669298058,-0.735290795696205,0.326136118510148,0.156405311059272,0.2,NA,"rosenzweig_macarthur_2sp_forced_fixed_point"
9.09,0.184696096975511,2.78563879433379,-0.750034888589653,0.30794148297987,0.138259741515977,0.2,NA,"rosenzweig_macarthur_2sp_forced_fixed_point"
9.191,0.197862498092949,2.77050134545853,-0.766070823460397,0.289362193993357,0.11971704824363,0.2,NA,"rosenzweig_macarthur_2sp_forced_fixed_point"
9.292,0.212113516619622,2.75786548572327,-0.78319093483451,0.270584502299523,0.10096340533313,0.2,NA,"rosenzweig_macarthur_2sp_forced_fixed_point"
9.393,0.227467087239383,2.74782940951713,-0.8011761190438,0.251801264373668,0.0821918020213948,0.2,NA,"rosenzweig_macarthur_2sp_forced_fixed_point"
9.494,0.243926453886997,2.74048682124771,-0.819796250696955,0.233204953320808,0.0635951431641411,0.2,NA,"rosenzweig_macarthur_2sp_forced_fixed_point"
9.595,0.261477521822364,2.73592532509284,-0.838809446394468,0.214979408011786,0.0453581157511933,0.2,NA,"rosenzweig_macarthur_2sp_forced_fixed_point"
9.696,0.28008644253729,2.73422480961527,-0.857960631882851,0.197290865479347,0.0276483456343291,0.2,NA,"rosenzweig_macarthur_2sp_forced_fixed_point"
9.797,0.299697616577939,2.73545589376964,-0.876980145167428,0.180279103945195,0.0106076438659118,0.2,NA,"rosenzweig_macarthur_2sp_forced_fixed_point"
9.898,0.32023230141485,2.73967850208425,-0.895583269430118,0.164049702409988,-0.00565567888290092,0.2,NA,"rosenzweig_macarthur_2sp_forced_fixed_point"
9.999,0.34158799322972,2.74694063193758,-0.913471567776817,0.148668423831663,-0.0210724404558252,0.2,NA,"rosenzweig_macarthur_2sp_forced_fixed_point"
0,0.3418031,2.747028,-0.849925101046063,0.0131501534377798,-0.101437559809319,0.3,NA,"rosenzweig_macarthur_2sp_forced_fixed_point"
0.101,0.36385999041858,2.75739529968304,-0.84824868728412,-0.00621893831160319,-0.120680964697212,0.3,NA,"rosenzweig_macarthur_2sp_forced_fixed_point"
0.202,0.386462131386,2.77085880005052,-0.84437938203412,-0.0259019155208004,-0.140203259275054,0.3,NA,"rosenzweig_macarthur_2sp_forced_fixed_point"
0.303,0.409441127901734,2.78742577308851,-0.838208366193325,-0.0459766224940022,-0.160070244096472,0.3,NA,"rosenzweig_macarthur_2sp_forced_fixed_point"
0.404,0.432611700651092,2.80708931534678,-0.829648793848317,-0.0665354765880442,-0.180357326618364,0.3,NA,"rosenzweig_macarthur_2sp_forced_fixed_point"
0.505,0.455775487616411,2.8298284727499,-0.818646217620688,-0.0876745467806524,-0.201136468099726,0.3,NA,"rosenzweig_macarthur_2sp_forced_fixed_point"
0.606,0.478725326504175,2.85560857145256,-0.80519049561872,-0.109479749312658,-0.22245939061781,0.3,NA,"rosenzweig_macarthur_2sp_forced_fixed_point"
0.707,0.501249760152813,2.88438169332218,-0.789329016766067,-0.132010282822893,-0.244336976194491,0.3,NA,"rosenzweig_macarthur_2sp_forced_fixed_point"
0.808,0.523137503424224,2.91608722788031,-0.771181295250974,-0.155279315314615,-0.266714880108982,0.3,NA,"rosenzweig_macarthur_2sp_forced_fixed_point"
0.909,0.544181635122028,2.95065243219496,-0.750955187196001,-0.179231847623953,-0.289445898740499,0.3,NA,"rosenzweig_macarthur_2sp_forced_fixed_point"
1.01,0.564183326562759,2.98799293557824,-0.728965110429431,-0.203719665437976,-0.31226104252269,0.3,NA,"rosenzweig_macarthur_2sp_forced_fixed_point"
1.111,0.582954980705262,3.02801313571124,-0.705652729330491,-0.228473313284606,-0.334744086679253,0.3,NA,"rosenzweig_macarthur_2sp_forced_fixed_point"
1.212,0.600322722259086,3.07060644540892,-0.681610751849743,-0.253070913418574,-0.356318773616735,0.3,NA,"rosenzweig_macarthur_2sp_forced_fixed_point"
1.313,0.616128240893455,3.11565536309132,-0.657610798569411,-0.276903371561911,-0.376262656602085,0.3,NA,"rosenzweig_macarthur_2sp_forced_fixed_point"
1.414,0.630230039877166,3.16303135382755,-0.634635361549768,-0.299136431066537,-0.393762965825679,0.3,NA,"rosenzweig_macarthur_2sp_forced_fixed_point"
1.515,0.642504177561934,3.21259454063079,-0.613905175950294,-0.318678650972328,-0.408021411875496,0.3,NA,"rosenzweig_macarthur_2sp_forced_fixed_point"
1.616,0.652844608385667,3.26419321698822,-0.596860218275812,-0.334197359791064,-0.418392443005245,0.3,NA,"rosenzweig_macarthur_2sp_forced_fixed_point"
1.717,0.66116323512275,3.31766320126857,-0.584983975873936,-0.344293038740561,-0.424511244487613,0.3,NA,"rosenzweig_macarthur_2sp_forced_fixed_point"
1.818,0.667389777950694,3.37282706182011,-0.579349552376827,-0.347953491718488,-0.426356772248038,0.3,NA,"rosenzweig_macarthur_2sp_forced_fixed_point"
1.919,0.671471552058915,3.42949324860503,-0.58006166966568,-0.345113505916126,-0.424220001522225,0.3,NA,"rosenzweig_macarthur_2sp_forced_fixed_point"
2.02,0.673373227341013,3.48745517356358,-0.58616886516821,-0.336745353605146,-0.418595689019179,0.3,NA,"rosenzweig_macarthur_2sp_forced_fixed_point"
2.121,0.673076623917207,3.54649028802742,-0.596220115160501,-0.324305494650937,-0.410049993639213,0.3,NA,"rosenzweig_macarthur_2sp_forced_fixed_point"
2.222,0.670580577754847,3.60635921181734,-0.608883806632211,-0.30911914584877,-0.399114004170007,0.3,NA,"rosenzweig_macarthur_2sp_forced_fixed_point"
2.323,0.665900892614996,3.66680497546967,-0.623204227905418,-0.292127182316906,-0.386226478776168,0.3,NA,"rosenzweig_macarthur_2sp_forced_fixed_point"
2.424,0.659070378392923,3.7275524444859,-0.638577873290569,-0.273912790287205,-0.371722692027131,0.3,NA,"rosenzweig_macarthur_2sp_forced_fixed_point"
2.525,0.65013896157927,3.78830800254128,-0.654641429834536,-0.25481581181943,-0.355853139108637,0.3,NA,"rosenzweig_macarthur_2sp_forced_fixed_point"
2.626,0.63917384067902,3.84875957891413,-0.671167007062484,-0.235039122543342,-0.338814580915442,0.3,NA,"rosenzweig_macarthur_2sp_forced_fixed_point"
2.727,0.626259647501124,3.90857711339371,-0.687988281803595,-0.214723354730914,-0.32078034414595,0.3,NA,"rosenzweig_macarthur_2sp_forced_fixed_point"
2.828,0.611498563840086,3.96741355859257,-0.70495581794447,-0.193991756407524,-0.301922401736661,0.3,NA,"rosenzweig_macarthur_2sp_forced_fixed_point"
2.929,0.595010331993989,4.02490652348868,-0.721914488388747,-0.172972358981876,-0.282422600814225,0.3,NA,"rosenzweig_macarthur_2sp_forced_fixed_point"
3.03,0.57693208695047,4.08068066122132,-0.738696046378562,-0.151804540418868,-0.262473891953235,0.3,NA,"rosenzweig_macarthur_2sp_forced_fixed_point"
3.131,0.557417928583906,4.13435089624414,-0.75512099782519,-0.130635989523607,-0.242274424520683,0.3,NA,"rosenzweig_macarthur_2sp_forced_fixed_point"
3.232,0.536638145137324,4.18552656809799,-0.771005152874909,-0.10961486519214,-0.222018014922251,0.3,NA,"rosenzweig_macarthur_2sp_forced_fixed_point"
3.333,0.514777996602733,4.2338165383697,-0.786167501420436,-0.0888806867393761,-0.201884099884355,0.3,NA,"rosenzweig_macarthur_2sp_forced_fixed_point"
3.434,0.4920359710024,4.27883526124813,-0.800437292527644,-0.0685562590854183,-0.182029334925142,0.3,NA,"rosenzweig_macarthur_2sp_forced_fixed_point"
3.535,0.468621441054943,4.32020975491424,-0.813659271824114,-0.0487418580949925,-0.16258194720449,0.3,NA,"rosenzweig_macarthur_2sp_forced_fixed_point"
3.636,0.444751676222075,4.35758733123675,-0.825696835740483,-0.0295120816977435,-0.143639102146929,0.3,NA,"rosenzweig_macarthur_2sp_forced_fixed_point"
3.737,0.420648207685223,4.39064384837277,-0.836433363092538,-0.0109152417336265,-0.125267003887866,0.3,NA,"rosenzweig_macarthur_2sp_forced_fixed_point"
3.838,0.396532601401633,4.41909215236295,-0.8457722191577,0.00702510994913018,-0.10750319135521,0.3,NA,"rosenzweig_macarthur_2sp_forced_fixed_point"
3.939,0.372621763907287,4.44269028151122,-0.853635968599539,0.024307034590414,-0.0903604245093787,0.3,NA,"rosenzweig_macarthur_2sp_forced_fixed_point"
4.04,0.349122979906881,4.46124893684091,-0.859965258820948,0.0409459599412753,-0.0738315874777416,0.3,NA,"rosenzweig_macarthur_2sp_forced_fixed_point"
4.141,0.32622894896623,4.4746376905059,-0.864717707108007,0.0569698188444579,-0.057895102763549,0.3,NA,"rosenzweig_macarthur_2sp_forced_fixed_point"
4.242,0.304113137289951,4.4827894271476,-0.867866985921786,0.0724140079953288,-0.0425204207497355,0.3,NA,"rosenzweig_macarthur_2sp_forced_fixed_point"
4.343,0.282925776314176,4.48570259995584,-0.86940217674162,0.0873165489016016,-0.027673212661054,0.3,NA,"rosenzweig_macarthur_2sp_forced_fixed_point"
4.444,0.262790813268258,4.48344103223693,-0.869327368042573,0.101713775379442,-0.0133199572848053,0.3,NA,"rosenzweig_macarthur_2sp_forced_fixed_point"
4.545,0.243804048047248,4.4761311924378,-0.867661413453717,0.115636804467913,0.000568320215017626,0.3,NA,"rosenzweig_macarthur_2sp_forced_fixed_point"
4.646,0.226032583268844,4.46395708986393,-0.864437742060407,0.129108967594481,0.0140133203946893,0.3,NA,"rosenzweig_macarthur_2sp_forced_fixed_point"
4.747,0.209515586631501,4.44715314677871,-0.859704119280007,0.142144288514335,0.0270278273832846,0.3,NA,"rosenzweig_macarthur_2sp_forced_fixed_point"
4.848,0.194266238189233,4.42599556762906,-0.853522284827232,0.154747001394275,0.0396151364241321,0.3,NA,"rosenzweig_macarthur_2sp_forced_fixed_point"
4.949,0.180274631175574,4.40079282353143,-0.845967432855269,0.166912016702163,0.0517694513403095,0.3,NA,"rosenzweig_macarthur_2sp_forced_fixed_point"
5.05,0.167511329121967,4.37187588945512,-0.837127537485911,0.178626174277329,0.0634770855397847,0.3,NA,"rosenzweig_macarthur_2sp_forced_fixed_point"
5.151,0.15593126068264,4.33958881769012,-0.82710255619723,0.189870078950145,0.0747182574801287,0.3,NA,"rosenzweig_macarthur_2sp_forced_fixed_point"
5.252,0.145477653685142,4.30428012168122,-0.816003559364436,0.200620296520559,0.0854692549512653,0.3,NA,"rosenzweig_macarthur_2sp_forced_fixed_point"
5.353,0.136085761074347,4.26629530351597,-0.803951836068758,0.210851694295132,0.0957047496652563,0.3,NA,"rosenzweig_macarthur_2sp_forced_fixed_point"
5.454,0.127686199723805,4.2259707111339,-0.791078016532854,0.220539734821447,0.105400068628674,0.3,NA,"rosenzweig_macarthur_2sp_forced_fixed_point"
5.555,0.120207794994026,4.1836287779468,-0.777521234180408,0.229662566524195,0.114533264254269,0.3,NA,"rosenzweig_macarthur_2sp_forced_fixed_point"
5.656,0.113579888892972,4.13957459099381,-0.763428329484861,0.23820279348697,0.123086864053989,0.3,NA,"rosenzweig_macarthur_2sp_forced_fixed_point"
5.757,0.107734121407503,4.094093659371,-0.748953076865165,0.246148843031887,0.131049217501049,0.3,NA,"rosenzweig_macarthur_2sp_forced_fixed_point"
5.858,0.102605730722505,4.04745071165389,-0.734255397248675,0.253495880570709,0.138415388862169,0.3,NA,"rosenzweig_macarthur_2sp_forced_fixed_point"
5.959,0.0981344393711203,3.99988933455409,-0.719500503977584,0.260246245162571,0.145187569267447,0.3,NA,"rosenzweig_macarthur_2sp_forced_fixed_point"
6.06,0.09426500241209,3.95163226846331,-0.704857919366063,0.2664093968764,0.151374999611336,0.3,NA,"rosenzweig_macarthur_2sp_forced_fixed_point"
6.161,0.090947493747322,3.90288219202973,-0.690500294157095,0.272001380304798,0.156993409960503,0.3,NA,"rosenzweig_macarthur_2sp_forced_fixed_point"
6.262,0.0881374008150965,3.8538228515572,-0.67660196325646,0.277043820063125,0.162063993591257,0.3,NA,"rosenzweig_macarthur_2sp_forced_fixed_point"
6.363,0.0857955887254684,3.80462041723612,-0.6633371795196,0.28156247672267,0.166611947351772,0.3,NA,"rosenzweig_macarthur_2sp_forced_fixed_point"
6.464,0.0838881843555706,3.75542497382994,-0.650877984157135,0.285585407969452,0.170664627113308,0.3,NA,"rosenzweig_macarthur_2sp_forced_fixed_point"
6.565,0.082386420245631,3.70637207649365,-0.639391698267112,0.289140801618405,0.174249389092529,0.3,NA,"rosenzweig_macarthur_2sp_forced_fixed_point"
6.666,0.0812664680572164,3.65758432188081,-0.629038054935596,0.292254574809824,0.177391214816586,0.3,NA,"rosenzweig_macarthur_2sp_forced_fixed_point"
6.767,0.0805092822402091,3.60917290026539,-0.619966033588102,0.294947865696519,0.180110247643226,0.3,NA,"rosenzweig_macarthur_2sp_forced_fixed_point"
6.868,0.0801004665699571,3.56123910616858,-0.612310504170674,0.297234576331759,0.18241939818019,0.3,NA,"rosenzweig_macarthur_2sp_forced_fixed_point"
6.969,0.0800301694480201,3.51387579332047,-0.606188832606525,0.299119152201319,0.18432219897693,0.3,NA,"rosenzweig_macarthur_2sp_forced_fixed_point"
7.07,0.0802930083890192,3.46716876524046,-0.601697633625774,0.300594797325049,0.185811098717871,0.3,NA,"rosenzweig_macarthur_2sp_forced_fixed_point"
7.171,0.0808880200304576,3.42119809591469,-0.598909875033645,0.3016423165274,0.186866376353168,0.3,NA,"rosenzweig_macarthur_2sp_forced_fixed_point"
7.272,0.081818629362468,3.37603937662811,-0.597872532779665,0.302229742989172,0.187455821809697,0.3,NA,"rosenzweig_macarthur_2sp_forced_fixed_point"
7.373,0.0830926306449162,3.33176488559102,-0.598604966205142,0.302312848701207,0.18753527178569,0.3,NA,"rosenzweig_macarthur_2sp_forced_fixed_point"
7.474,0.0847221724603167,3.28844467711254,-0.601098129717723,0.301836553213321,0.187050011595614,0.3,NA,"rosenzweig_macarthur_2sp_forced_fixed_point"
7.575,0.0867237401444186,3.24614758710374,-0.605314667988091,0.300737153513809,0.185936967364867,0.3,NA,"rosenzweig_macarthur_2sp_forced_fixed_point"
7.676,0.0891181298737953,3.20494215185004,-0.611189867437036,0.29894521051693,0.184127531017686,0.3,NA,"rosenzweig_macarthur_2sp_forced_fixed_point"
7.777,0.0919304093268915,3.16489743729839,-0.618633369378478,0.296388861417503,0.181550797941899,0.3,NA,"rosenzweig_macarthur_2sp_forced_fixed_point"
7.878,0.0951898594868549,3.12608377642313,-0.627531500074466,0.292997294149847,0.178136965218354,0.3,NA,"rosenzweig_macarthur_2sp_forced_fixed_point"
7.979,0.0989298904292233,3.08857341233723,-0.637750046335149,0.288704125202991,0.173820641805709,0.3,NA,"rosenzweig_macarthur_2sp_forced_fixed_point"
8.08,0.103187920723475,3.05244104446245,-0.649137303044744,0.283450461549953,0.168543858345555,0.3,NA,"rosenzweig_macarthur_2sp_forced_fixed_point"
8.181,0.108005205560395,3.01776427409246,-0.661527237115596,0.277187490858381,0.162258623841622,0.3,NA,"rosenzweig_macarthur_2sp_forced_fixed_point"
8.282,0.113426593334158,2.98462394403745,-0.674742643610614,0.269878517023644,0.154928945940741,0.3,NA,"rosenzweig_macarthur_2sp_forced_fixed_point"
8.383,0.119500184767541,2.95310436484504,-0.688598205709097,0.261500425879374,0.146532296994084,0.3,NA,"rosenzweig_macarthur_2sp_forced_fixed_point"
8.484,0.12627686347502,2.92329341762155,-0.702903403095287,0.252044617171089,0.137060558150264,0.3,NA,"rosenzweig_macarthur_2sp_forced_fixed_point"
8.585,0.133809662865744,2.89528252112872,-0.717465237374772,0.241517466671451,0.126520501405077,0.3,NA,"rosenzweig_macarthur_2sp_forced_fixed_point"
8.686,0.142152932289765,2.8691664490875,-0.732090754785182,0.229940384703265,0.114933872508877,0.3,NA,"rosenzweig_macarthur_2sp_forced_fixed_point"
8.787,0.151361266167721,2.84504298300278,-0.746589344649836,0.217349516497708,0.102337117754013,0.3,NA,"rosenzweig_macarthur_2sp_forced_fixed_point"
8.888,0.161488164405638,2.82301238684063,-0.760774777887253,0.203795091070175,0.0887807599981682,0.3,NA,"rosenzweig_macarthur_2sp_forced_fixed_point"
8.989,0.172584401579603,2.80317669298058,-0.774466926938627,0.189340376394728,0.0743283814387236,0.3,NA,"rosenzweig_macarthur_2sp_forced_fixed_point"
9.09,0.184696096975511,2.78563879433379,-0.787493082873736,0.17406014958802,0.0590551225957555,0.3,NA,"rosenzweig_macarthur_2sp_forced_fixed_point"
9.191,0.197862498092949,2.77050134545853,-0.799688766357905,0.158038553912167,0.0430455710732905,0.3,NA,"rosenzweig_macarthur_2sp_forced_fixed_point"
9.292,0.212113516619622,2.75786548572327,-0.810897928622627,0.141366204147487,0.0263909045215149,0.3,NA,"rosenzweig_macarthur_2sp_forced_fixed_point"
9.393,0.227467087239383,2.74782940951713,-0.820972469967706,0.124136433421504,0.00918518509192145,0.3,NA,"rosenzweig_macarthur_2sp_forced_fixed_point"
9.494,0.243926453886997,2.74048682124771,-0.829771077848232,0.106440660182076,-0.00847921002257773,0.3,NA,"rosenzweig_macarthur_2sp_forced_fixed_point"
9.595,0.261477521822364,2.73592532509284,-0.837157507627893,0.0883629972510924,-0.0265168918805626,0.3,NA,"rosenzweig_macarthur_2sp_forced_fixed_point"
9.696,0.28008644253729,2.73422480961527,-0.842998585619393,0.069974413980697,-0.0448551747007981,0.3,NA,"rosenzweig_macarthur_2sp_forced_fixed_point"
9.797,0.299697616577939,2.73545589376964,-0.847162376698565,0.051326965980516,-0.063439672415442,0.3,NA,"rosenzweig_macarthur_2sp_forced_fixed_point"
9.898,0.32023230141485,2.73967850208425,-0.849517082565003,0.0324487761909888,-0.0822390712595689,0.3,NA,"rosenzweig_macarthur_2sp_forced_fixed_point"
9.999,0.34158799322972,2.74694063193758,-0.849931273539075,0.0133405333224482,-0.101248280981207,0.3,NA,"rosenzweig_macarthur_2sp_forced_fixed_point"
0,0.3418031,2.747028,-0.638642317897912,-0.208253115867657,-0.290963419048024,0.4,NA,"rosenzweig_macarthur_2sp_forced_fixed_point"
0.101,0.36385999041858,2.75739529968304,-0.61611749893865,-0.242938053590276,-0.323421089242314,0.4,NA,"rosenzweig_macarthur_2sp_forced_fixed_point"
0.202,0.386462131386,2.77085880005052,-0.59177657737568,-0.278572379275678,-0.355407840410321,0.4,NA,"rosenzweig_macarthur_2sp_forced_fixed_point"
0.303,0.409441127901734,2.78742577308851,-0.56648937428727,-0.314270949352372,-0.385310730702959,0.4,NA,"rosenzweig_macarthur_2sp_forced_fixed_point"
0.404,0.432611700651092,2.80708931534678,-0.541947766339044,-0.348327160499852,-0.410888335055865,0.4,NA,"rosenzweig_macarthur_2sp_forced_fixed_point"
0.505,0.455775487616411,2.8298284727499,-0.521573690407574,-0.377303929545235,-0.429687053795142,0.4,NA,"rosenzweig_macarthur_2sp_forced_fixed_point"
0.606,0.478725326504175,2.85560857145256,-0.511926504078325,-0.394625843834198,-0.439993799024792,0.4,NA,"rosenzweig_macarthur_2sp_forced_fixed_point"
0.707,0.501249760152813,2.88438169332218,-0.518819408088589,-0.394462843028291,-0.441775157497161,0.4,NA,"rosenzweig_macarthur_2sp_forced_fixed_point"
0.808,0.523137503424224,2.91608722788031,-0.537369251754929,-0.381681097533911,-0.436708018044724,0.4,NA,"rosenzweig_macarthur_2sp_forced_fixed_point"
0.909,0.544181635122028,2.95065243219496,-0.55935217203758,-0.364488541680978,-0.427266647340119,0.4,NA,"rosenzweig_macarthur_2sp_forced_fixed_point"
1.01,0.564183326562759,2.98799293557824,-0.580593791279994,-0.347046185706038,-0.415744871005224,0.4,NA,"rosenzweig_macarthur_2sp_forced_fixed_point"
1.111,0.582954980705262,3.02801313571124,-0.599481052199779,-0.330957944627857,-0.403804575605198,0.4,NA,"rosenzweig_macarthur_2sp_forced_fixed_point"
1.212,0.600322722259086,3.07060644540892,-0.615438153123979,-0.316796334877402,-0.392471685430053,0.4,NA,"rosenzweig_macarthur_2sp_forced_fixed_point"
1.313,0.616128240893455,3.11565536309132,-0.628319272561324,-0.304711185909317,-0.382302261937831,0.4,NA,"rosenzweig_macarthur_2sp_forced_fixed_point"
1.414,0.630230039877166,3.16303135382755,-0.638169754783851,-0.294669570406953,-0.373551994661084,0.4,NA,"rosenzweig_macarthur_2sp_forced_fixed_point"
1.515,0.642504177561934,3.21259454063079,-0.645123457900008,-0.286559172204854,-0.366298869378514,0.4,NA,"rosenzweig_macarthur_2sp_forced_fixed_point"
1.616,0.652844608385667,3.26419321698822,-0.649356221650309,-0.280235098162432,-0.360519931031054,0.4,NA,"rosenzweig_macarthur_2sp_forced_fixed_point"
1.717,0.66116323512275,3.31766320126857,-0.651065286537967,-0.275540300355728,-0.356135127165514,0.4,NA,"rosenzweig_macarthur_2sp_forced_fixed_point"
1.818,0.667389777950694,3.37282706182011,-0.650461994171583,-0.272312300332051,-0.353029876782985,0.4,NA,"rosenzweig_macarthur_2sp_forced_fixed_point"
1.919,0.671471552058915,3.42949324860503,-0.647772073265661,-0.270381945712908,-0.351064251830533,0.4,NA,"rosenzweig_macarthur_2sp_forced_fixed_point"
2.02,0.673373227341013,3.48745517356358,-0.643240887193281,-0.269566862836882,-0.35007363716792,0.4,NA,"rosenzweig_macarthur_2sp_forced_fixed_point"
2.121,0.673076623917207,3.54649028802742,-0.637142372636194,-0.269660915325747,-0.349863917784052,0.4,NA,"rosenzweig_macarthur_2sp_forced_fixed_point"
2.222,0.670580577754847,3.60635921181734,-0.629790764068562,-0.270420611516245,-0.350203477816879,0.4,NA,"rosenzweig_macarthur_2sp_forced_fixed_point"
2.323,0.665900892614996,3.66680497546967,-0.621553707062212,-0.271549895167239,-0.350814407961833,0.4,NA,"rosenzweig_macarthur_2sp_forced_fixed_point"
2.424,0.659070378392923,3.7275524444859,-0.612863854145242,-0.272686266673998,-0.351366153993227,0.4,NA,"rosenzweig_macarthur_2sp_forced_fixed_point"
2.525,0.65013896157927,3.78830800254128,-0.604223355361403,-0.273393872513411,-0.351476092723856,0.4,NA,"rosenzweig_macarthur_2sp_forced_fixed_point"
2.626,0.63917384067902,3.84875957891413,-0.596192319700135,-0.27317255132815,-0.350722438231733,0.4,NA,"rosenzweig_macarthur_2sp_forced_fixed_point"
2.727,0.626259647501124,3.90857711339371,-0.589350721247824,-0.271493447167453,-0.348674069816385,0.4,NA,"rosenzweig_macarthur_2sp_forced_fixed_point"
2.828,0.611498563840086,3.96741355859257,-0.584228279878447,-0.267866767327318,-0.344937730412676,0.4,NA,"rosenzweig_macarthur_2sp_forced_fixed_point"
2.929,0.595010331993989,4.02490652348868,-0.581212748869693,-0.261931382438435,-0.339215285907207,0.4,NA,"rosenzweig_macarthur_2sp_forced_fixed_point"
3.03,0.57693208695047,4.08068066122132,-0.580468169859397,-0.253534856856885,-0.331355376193054,0.4,NA,"rosenzweig_macarthur_2sp_forced_fixed_point"
3.131,0.557417928583906,4.13435089624414,-0.581901614188666,-0.242765548195057,-0.321380899726139,0.4,NA,"rosenzweig_macarthur_2sp_forced_fixed_point"
3.232,0.536638145137324,4.18552656809799,-0.585195234437343,-0.229920106121181,-0.309480852228586,0.4,NA,"rosenzweig_macarthur_2sp_forced_fixed_point"
3.333,0.514777996602733,4.2338165383697,-0.58988506881339,-0.215425061328648,-0.295969377574043,0.4,NA,"rosenzweig_macarthur_2sp_forced_fixed_point"
3.434,0.4920359710024,4.27883526124813,-0.595449824204662,-0.199749374677997,-0.28122739831819,0.4,NA,"rosenzweig_macarthur_2sp_forced_fixed_point"
3.535,0.468621441054943,4.32020975491424,-0.60138123667468,-0.183336389954543,-0.265645455374982,0.4,NA,"rosenzweig_macarthur_2sp_forced_fixed_point"
3.636,0.444751676222075,4.35758733123675,-0.607226596393717,-0.166564579905294,-0.249580731997652,0.4,NA,"rosenzweig_macarthur_2sp_forced_fixed_point"
3.737,0.420648207685223,4.39064384837277,-0.612607488829731,-0.149732938269836,-0.233332503687755,0.4,NA,"rosenzweig_macarthur_2sp_forced_fixed_point"
3.838,0.396532601401633,4.41909215236295,-0.617223208006831,-0.133062393965037,-0.217133695360629,0.4,NA,"rosenzweig_macarthur_2sp_forced_fixed_point"
3.939,0.372621763907287,4.44269028151122,-0.620846304683747,-0.11670554956566,-0.201153484064535,0.4,NA,"rosenzweig_macarthur_2sp_forced_fixed_point"
4.04,0.349122979906881,4.46124893684091,-0.623315160827203,-0.100759562182857,-0.185505964156576,0.4,NA,"rosenzweig_macarthur_2sp_forced_fixed_point"
4.141,0.32622894896623,4.4746376905059,-0.624526199039926,-0.0852792294073277,-0.170261186708268,0.4,NA,"rosenzweig_macarthur_2sp_forced_fixed_point"
4.242,0.304113137289951,4.4827894271476,-0.624426817026523,-0.0702888468959306,-0.155456296642095,0.4,NA,"rosenzweig_macarthur_2sp_forced_fixed_point"
4.343,0.282925776314176,4.48570259995584,-0.62300929050029,-0.0557922654084695,-0.141105565238996,0.4,NA,"rosenzweig_macarthur_2sp_forced_fixed_point"
4.444,0.262790813268258,4.48344103223693,-0.620305496311087,-0.0417810141762203,-0.127208795103323,0.4,NA,"rosenzweig_macarthur_2sp_forced_fixed_point"
4.545,0.243804048047248,4.4761311924378,-0.616382184251053,-0.0282405605423756,-0.113757956053289,0.4,NA,"rosenzweig_macarthur_2sp_forced_fixed_point"
4.646,0.226032583268844,4.46395708986393,-0.611336542571126,-0.0151548644937209,-0.100742109416062,0.4,NA,"rosenzweig_macarthur_2sp_forced_fixed_point"
4.747,0.209515586631501,4.44715314677871,-0.605291878325288,-0.00250942833098666,-0.0881507805337702,0.4,NA,"rosenzweig_macarthur_2sp_forced_fixed_point"
4.848,0.194266238189233,4.42599556762906,-0.598393321486295,0.00970693312043015,-0.0759759945534354,0.4,NA,"rosenzweig_macarthur_2sp_forced_fixed_point"
4.949,0.180274631175574,4.40079282353143,-0.590803534985489,0.0215013585734803,-0.0642132214728667,0.4,NA,"rosenzweig_macarthur_2sp_forced_fixed_point"
5.05,0.167511329121967,4.37187588945512,-0.582698459777788,0.0328769901769636,-0.0528614900880967,0.4,NA,"rosenzweig_macarthur_2sp_forced_fixed_point"
5.151,0.15593126068264,4.33958881769012,-0.574263143668017,0.0438335581276293,-0.0419229275398256,0.4,NA,"rosenzweig_macarthur_2sp_forced_fixed_point"
5.252,0.145477653685142,4.30428012168122,-0.565687701111865,0.0543682694953015,-0.0314019613197413,0.4,NA,"rosenzweig_macarthur_2sp_forced_fixed_point"
5.353,0.136085761074347,4.26629530351597,-0.557163438422271,0.0644768043332185,-0.0213043854782432,0.4,NA,"rosenzweig_macarthur_2sp_forced_fixed_point"
5.454,0.127686199723805,4.2259707111339,-0.54887916493843,0.0741542671585718,-0.0116364465278328,0.4,NA,"rosenzweig_macarthur_2sp_forced_fixed_point"
5.555,0.120207794994026,4.1836287779468,-0.541017703299596,0.0833959924584883,-0.00240405334821217,0.4,NA,"rosenzweig_macarthur_2sp_forced_fixed_point"
5.656,0.113579888892972,4.13957459099381,-0.533752614220689,0.0921981519541885,0.00638783358725516,0.4,NA,"rosenzweig_macarthur_2sp_forced_fixed_point"
5.757,0.107734121407503,4.094093659371,-0.527245161726448,0.1005581520374,0.014735618311332,0.4,NA,"rosenzweig_macarthur_2sp_forced_fixed_point"
5.858,0.102605730722505,4.04745071165389,-0.521641558884006,0.108474836674128,0.0226373012327258,0.4,NA,"rosenzweig_macarthur_2sp_forced_fixed_point"
5.959,0.0981344393711203,3.99988933455409,-0.517070545586192,0.11594852151627,0.0300925465898298,0.4,NA,"rosenzweig_macarthur_2sp_forced_fixed_point"
6.06,0.09426500241209,3.95163226846331,-0.513641353814485,0.122980880034805,0.0371025997341532,0.4,NA,"rosenzweig_macarthur_2sp_forced_fixed_point"
6.161,0.090947493747322,3.90288219202973,-0.511442109788194,0.129574687107888,0.0436700532508123,0.4,NA,"rosenzweig_macarthur_2sp_forced_fixed_point"
6.262,0.0881374008150965,3.8538228515572,-0.51053870760835,0.135733407482992,0.049798443998456,0.4,NA,"rosenzweig_macarthur_2sp_forced_fixed_point"
6.363,0.0857955887254684,3.80462041723612,-0.510974169155201,0.141460604554729,0.0554916531303332,0.4,NA,"rosenzweig_macarthur_2sp_forced_fixed_point"
6.464,0.0838881843555706,3.75542497382994,-0.512768484677205,0.146759145876721,0.0607530846599471,0.4,NA,"rosenzweig_macarthur_2sp_forced_fixed_point"
6.565,0.082386420245631,3.70637207649365,-0.51591891127339,0.151630198690198,0.0655846176600895,0.4,NA,"rosenzweig_macarthur_2sp_forced_fixed_point"
6.666,0.0812664680572164,3.65758432188081,-0.52040069370868,0.156072039462621,0.0699853602394481,0.4,NA,"rosenzweig_macarthur_2sp_forced_fixed_point"
6.767,0.0805092822402091,3.60917290026539,-0.526168162956918,0.160078739604359,0.0739502732674645,0.4,NA,"rosenzweig_macarthur_2sp_forced_fixed_point"
6.868,0.0801004665699571,3.56123910616858,-0.533156160667938,0.163638826391112,0.0774687693956165,0.4,NA,"rosenzweig_macarthur_2sp_forced_fixed_point"
6.969,0.0800301694480201,3.51387579332047,-0.541281730788422,0.166734044941314,0.0805234194545167,0.4,NA,"rosenzweig_macarthur_2sp_forced_fixed_point"
7.07,0.0802930083890192,3.46716876524046,-0.550446012473933,0.169338357313638,0.0830889073232717,0.4,NA,"rosenzweig_macarthur_2sp_forced_fixed_point"
7.171,0.0808880200304576,3.42119809591469,-0.560536262302416,0.171417305214473,0.085131362942647,0.4,NA,"rosenzweig_macarthur_2sp_forced_fixed_point"
7.272,0.081818629362468,3.37603937662811,-0.571427930606316,0.172927833931707,0.0866081721378697,0.4,NA,"rosenzweig_macarthur_2sp_forced_fixed_point"
7.373,0.0830926306449162,3.33176488559102,-0.582986718379013,0.173818630733271,0.0874683155242204,0.4,NA,"rosenzweig_macarthur_2sp_forced_fixed_point"
7.474,0.0847221724603167,3.28844467711254,-0.595070548664903,0.174030977421055,0.0876532336635009,0.4,NA,"rosenzweig_macarthur_2sp_forced_fixed_point"
7.575,0.0867237401444186,3.24614758710374,-0.607531399279359,0.173500061886853,0.0870981599013152,0.4,NA,"rosenzweig_macarthur_2sp_forced_fixed_point"
7.676,0.0891181298737953,3.20494215185004,-0.62021696058757,0.172156645563207,0.0857338141702868,0.4,NA,"rosenzweig_macarthur_2sp_forced_fixed_point"
7.777,0.0919304093268915,3.16489743729839,-0.632972100634488,0.169928949691242,0.083488317480064,0.4,NA,"rosenzweig_macarthur_2sp_forced_fixed_point"
7.878,0.0951898594868549,3.12608377642313,-0.645640137767592,0.166744607964601,0.0802891722619075,0.4,NA,"rosenzweig_macarthur_2sp_forced_fixed_point"
7.979,0.0989298904292233,3.08857341233723,-0.658063936000851,0.162532537542405,0.076065159170393,0.4,NA,"rosenzweig_macarthur_2sp_forced_fixed_point"
8.08,0.103187920723475,3.05244104446245,-0.67008684934058,0.157224602192662,0.0707480237329459,0.4,NA,"rosenzweig_macarthur_2sp_forced_fixed_point"
8.181,0.108005205560395,3.01776427409246,-0.681553547406256,0.150756974990853,0.0642738608427371,0.4,NA,"rosenzweig_macarthur_2sp_forced_fixed_point"
8.282,0.113426593334158,2.98462394403745,-0.692310755730328,0.143071146493489,0.056584144438493,0.4,NA,"rosenzweig_macarthur_2sp_forced_fixed_point"
8.383,0.119500184767541,2.95310436484504,-0.702207940218493,0.134114560552513,0.0476263867986777,0.4,NA,"rosenzweig_macarthur_2sp_forced_fixed_point"
8.484,0.12627686347502,2.92329341762155,-0.711097956633074,0.12384088821746,0.0373544411350406,0.4,NA,"rosenzweig_macarthur_2sp_forced_fixed_point"
8.585,0.133809662865744,2.89528252112872,-0.718837672927226,0.112209967000042,0.0257284793591233,0.4,NA,"rosenzweig_macarthur_2sp_forced_fixed_point"
8.686,0.142152932289765,2.8691664490875,-0.725288555304102,0.0991874372112945,0.012714683454993,0.4,NA,"rosenzweig_macarthur_2sp_forced_fixed_point"
8.787,0.151361266167721,2.84504298300278,-0.730317189061211,0.084744100720914,-0.00171531397524913,0.4,NA,"rosenzweig_macarthur_2sp_forced_fixed_point"
8.888,0.161488164405638,2.82301238684063,-0.733795684927544,0.0688550144483253,-0.0175852115860932,0.4,NA,"rosenzweig_macarthur_2sp_forced_fixed_point"
8.989,0.172584401579603,2.80317669298058,-0.735601905335189,0.0514983180990394,-0.0349150179302281,0.4,NA,"rosenzweig_macarthur_2sp_forced_fixed_point"
9.09,0.184696096975511,2.78563879433379,-0.735619441277567,0.0326537936416701,-0.0537221858489996,0.4,NA,"rosenzweig_macarthur_2sp_forced_fixed_point"
9.191,0.197862498092949,2.77050134545853,-0.733737293089189,0.0123011782878068,-0.0740228067974001,0.4,NA,"rosenzweig_macarthur_2sp_forced_fixed_point"
9.292,0.212113516619622,2.75786548572327,-0.729849279409022,-0.00958167435550028,-0.0958326419772843,0.4,NA,"rosenzweig_macarthur_2sp_forced_fixed_point"
9.393,0.227467087239383,2.74782940951713,-0.723853349781816,-0.033020537225357,-0.119167515867436,0.4,NA,"rosenzweig_macarthur_2sp_forced_fixed_point"
9.494,0.243926453886997,2.74048682124771,-0.715651252971916,-0.05804593230287,-0.144042142029188,0.4,NA,"rosenzweig_macarthur_2sp_forced_fixed_point"
9.595,0.261477521822364,2.73592532509284,-0.705149477194092,-0.0846926480434588,-0.170465664793782,0.4,NA,"rosenzweig_macarthur_2sp_forced_fixed_point"
9.696,0.28008644253729,2.73422480961527,-0.692263114119109,-0.112995942704382,-0.198430890124028,0.4,NA,"rosenzweig_macarthur_2sp_forced_fixed_point"
9.797,0.299697616577939,2.73545589376964,-0.676925416750502,-0.142981627546175,-0.227892077772076,0.4,NA,"rosenzweig_macarthur_2sp_forced_fixed_point"
9.898,0.32023230141485,2.73967850208425,-0.659107462565469,-0.174645615369679,-0.258723040534091,0.4,NA,"rosenzweig_macarthur_2sp_forced_fixed_point"
9.999,0.34158799322972,2.74694063193758,-0.638854684154048,-0.207916212464232,-0.290643493039838,0.4,NA,"rosenzweig_macarthur_2sp_forced_fixed_point"
0,0.3418031,2.747028,-0.625405328462251,-0.234465218208615,-0.301794525935943,0.5,NA,"rosenzweig_macarthur_2sp_forced_fixed_point"
0.101,0.36385999041858,2.75739529968304,-0.645939626819374,-0.225054759370356,-0.29289406819657,0.5,NA,"rosenzweig_macarthur_2sp_forced_fixed_point"
0.202,0.386462131386,2.77085880005052,-0.664288987545634,-0.216874437507556,-0.28505560862876,0.5,NA,"rosenzweig_macarthur_2sp_forced_fixed_point"
0.303,0.409441127901734,2.78742577308851,-0.68037093630233,-0.209898872465362,-0.278312419019784,0.5,NA,"rosenzweig_macarthur_2sp_forced_fixed_point"
0.404,0.432611700651092,2.80708931534678,-0.694187967461867,-0.20403309563995,-0.272607058143109,0.5,NA,"rosenzweig_macarthur_2sp_forced_fixed_point"
0.505,0.455775487616411,2.8298284727499,-0.705779965498639,-0.199162800705176,-0.267848847292487,0.5,NA,"rosenzweig_macarthur_2sp_forced_fixed_point"
0.606,0.478725326504175,2.85560857145256,-0.71520312342829,-0.195177220963401,-0.263941940718793,0.5,NA,"rosenzweig_macarthur_2sp_forced_fixed_point"
0.707,0.501249760152813,2.88438169332218,-0.722521703862142,-0.191978267929239,-0.260797760118742,0.5,NA,"rosenzweig_macarthur_2sp_forced_fixed_point"
0.808,0.523137503424224,2.91608722788031,-0.727805573270874,-0.189483041939774,-0.258339513132175,0.5,NA,"rosenzweig_macarthur_2sp_forced_fixed_point"
0.909,0.544181635122028,2.95065243219496,-0.731129930426016,-0.187623380815578,-0.256502952071366,0.5,NA,"rosenzweig_macarthur_2sp_forced_fixed_point"
1.01,0.564183326562759,2.98799293557824,-0.732575489765735,-0.186344301583992,-0.25523554422566,0.5,NA,"rosenzweig_macarthur_2sp_forced_fixed_point"
1.111,0.582954980705262,3.02801313571124,-0.73222835258575,-0.185602231285039,-0.254495139557836,0.5,NA,"rosenzweig_macarthur_2sp_forced_fixed_point"
1.212,0.600322722259086,3.07060644540892,-0.730179308127339,-0.185363414275694,-0.254248633824682,0.5,NA,"rosenzweig_macarthur_2sp_forced_fixed_point"
1.313,0.616128240893455,3.11565536309132,-0.726522564170894,-0.185602617874262,-0.254470812197142,0.5,NA,"rosenzweig_macarthur_2sp_forced_fixed_point"
1.414,0.630230039877166,3.16303135382755,-0.721354027386907,-0.186302125126147,-0.255143396985357,0.5,NA,"rosenzweig_macarthur_2sp_forced_fixed_point"
1.515,0.642504177561934,3.21259454063079,-0.714769302412183,-0.187450941740591,-0.256254243623431,0.5,NA,"rosenzweig_macarthur_2sp_forced_fixed_point"
1.616,0.652844608385667,3.26419321698822,-0.706861593002423,-0.189044119046837,-0.257796591830744,0.5,NA,"rosenzweig_macarthur_2sp_forced_fixed_point"
1.717,0.66116323512275,3.31766320126857,-0.697719690031902,-0.191082086216934,-0.259768260882477,0.5,NA,"rosenzweig_macarthur_2sp_forced_fixed_point"
1.818,0.667389777950694,3.37282706182011,-0.687426230741294,-0.193569881737268,-0.262170666035078,0.5,NA,"rosenzweig_macarthur_2sp_forced_fixed_point"
1.919,0.671471552058915,3.42949324860503,-0.676056416100709,-0.196516170007818,-0.265007519986747,0.5,NA,"rosenzweig_macarthur_2sp_forced_fixed_point"
2.02,0.673373227341013,3.48745517356358,-0.663677379001569,-0.199931920797667,-0.26828306499169,0.5,NA,"rosenzweig_macarthur_2sp_forced_fixed_point"
2.121,0.673076623917207,3.54649028802742,-0.650348403526432,-0.203828615630445,-0.271999656730092,0.5,NA,"rosenzweig_macarthur_2sp_forced_fixed_point"
2.222,0.670580577754847,3.60635921181734,-0.636122202273047,-0.208215825741298,-0.276154492150532,0.5,NA,"rosenzweig_macarthur_2sp_forced_fixed_point"
2.323,0.665900892614996,3.66680497546967,-0.621047462363311,-0.213097981856201,-0.280735247211639,0.5,NA,"rosenzweig_macarthur_2sp_forced_fixed_point"
2.424,0.659070378392923,3.7275524444859,-0.605172869868252,-0.21847012882381,-0.285714383172622,0.5,NA,"rosenzweig_macarthur_2sp_forced_fixed_point"
2.525,0.65013896157927,3.78830800254128,-0.588552816312682,-0.224312431737898,-0.291041925245224,0.5,NA,"rosenzweig_macarthur_2sp_forced_fixed_point"
2.626,0.63917384067902,3.84875957891413,-0.571254979936185,-0.23058317942961,-0.296636676176492,0.5,NA,"rosenzweig_macarthur_2sp_forced_fixed_point"
2.727,0.626259647501124,3.90857711339371,-0.553369960285655,-0.237210020256544,-0.302376198671456,0.5,NA,"rosenzweig_macarthur_2sp_forced_fixed_point"
2.828,0.611498563840086,3.96741355859257,-0.535023131972595,-0.244079164868426,-0.308086616925299,0.5,NA,"rosenzweig_macarthur_2sp_forced_fixed_point"
2.929,0.595010331993989,4.02490652348868,-0.516388872998643,-0.251022303398955,-0.313534462285264,0.5,NA,"rosenzweig_macarthur_2sp_forced_fixed_point"
3.03,0.57693208695047,4.08068066122132,-0.497707264378674,-0.257801061052717,-0.318424359215753,0.5,NA,"rosenzweig_macarthur_2sp_forced_fixed_point"
3.131,0.557417928583906,4.13435089624414,-0.479302953810233,-0.264089250324412,-0.32240778269932,0.5,NA,"rosenzweig_macarthur_2sp_forced_fixed_point"
3.232,0.536638145137324,4.18552656809799,-0.461604016607157,-0.269455074725158,-0.325108113013996,0.5,NA,"rosenzweig_macarthur_2sp_forced_fixed_point"
3.333,0.514777996602733,4.2338165383697,-0.445152349567879,-0.273351773382006,-0.326163906578367,0.5,NA,"rosenzweig_macarthur_2sp_forced_fixed_point"
3.434,0.4920359710024,4.27883526124813,-0.430581780502817,-0.275140578585501,-0.325284758040231,0.5,NA,"rosenzweig_macarthur_2sp_forced_fixed_point"
3.535,0.468621441054943,4.32020975491424,-0.418519828905006,-0.274190122216686,-0.322304840814526,0.5,NA,"rosenzweig_macarthur_2sp_forced_fixed_point"
3.636,0.444751676222075,4.35758733123675,-0.40938627836815,-0.270079201165921,-0.317214725448401,0.5,NA,"rosenzweig_macarthur_2sp_forced_fixed_point"
3.737,0.420648207685223,4.39064384837277,-0.403178324669333,-0.262813188610719,-0.31015828976514,0.5,NA,"rosenzweig_macarthur_2sp_forced_fixed_point"
3.838,0.396532601401633,4.41909215236295,-0.399442043622473,-0.252854359339012,-0.301396510066919,0.5,NA,"rosenzweig_macarthur_2sp_forced_fixed_point"
3.939,0.372621763907287,4.44269028151122,-0.3974826443904,-0.240913622241944,-0.291253636185164,0.5,NA,"rosenzweig_macarthur_2sp_forced_fixed_point"
4.04,0.349122979906881,4.46124893684091,-0.39662167851779,-0.22769538673202,-0.280064896518106,0.5,NA,"rosenzweig_macarthur_2sp_forced_fixed_point"
4.141,0.32622894896623,4.4746376905059,-0.396336307236489,-0.213760297031805,-0.268138649731802,0.5,NA,"rosenzweig_macarthur_2sp_forced_fixed_point"
4.242,0.304113137289951,4.4827894271476,-0.396282077512045,-0.199504172683449,-0.255736511557672,0.5,NA,"rosenzweig_macarthur_2sp_forced_fixed_point"
4.343,0.282925776314176,4.48570259995584,-0.396263244776709,-0.185188882977343,-0.24306829880422,0.5,NA,"rosenzweig_macarthur_2sp_forced_fixed_point"
4.444,0.262790813268258,4.48344103223693,-0.396193581400984,-0.170981992281222,-0.230296210057085,0.5,NA,"rosenzweig_macarthur_2sp_forced_fixed_point"
4.545,0.243804048047248,4.4761311924378,-0.396063246246214,-0.15698942455658,-0.217543166746567,0.5,NA,"rosenzweig_macarthur_2sp_forced_fixed_point"
4.646,0.226032583268844,4.46395708986393,-0.395914171252915,-0.143278595815938,-0.204901853669623,0.5,NA,"rosenzweig_macarthur_2sp_forced_fixed_point"
4.747,0.209515586631501,4.44715314677871,-0.395822437255958,-0.12989355040325,-0.192442592227229,0.5,NA,"rosenzweig_macarthur_2sp_forced_fixed_point"
4.848,0.194266238189233,4.42599556762906,-0.39588559256279,-0.116864264729405,-0.18021933904402,0.5,NA,"rosenzweig_macarthur_2sp_forced_fixed_point"
4.949,0.180274631175574,4.40079282353143,-0.396213269733114,-0.104211976933516,-0.168273807859933,0.5,NA,"rosenzweig_macarthur_2sp_forced_fixed_point"
5.05,0.167511329121967,4.37187588945512,-0.396919952416551,-0.0919519736115307,-0.156638074992765,0.5,NA,"rosenzweig_macarthur_2sp_forced_fixed_point"
5.151,0.15593126068264,4.33958881769012,-0.398119139858521,-0.0800949012659794,-0.145336164902059,0.5,NA,"rosenzweig_macarthur_2sp_forced_fixed_point"
5.252,0.145477653685142,4.30428012168122,-0.39991844159286,-0.0686473790121051,-0.134385108353407,0.5,NA,"rosenzweig_macarthur_2sp_forced_fixed_point"
5.353,0.136085761074347,4.26629530351597,-0.402415337608093,-0.0576124467748003,-0.123795878179617,0.5,NA,"rosenzweig_macarthur_2sp_forced_fixed_point"
5.454,0.127686199723805,4.2259707111339,-0.405693486441943,-0.0469901729531261,-0.113574475198909,0.5,NA,"rosenzweig_macarthur_2sp_forced_fixed_point"
5.555,0.120207794994026,4.1836287779468,-0.409819570818079,-0.0367785633629438,-0.103723289024664,0.5,NA,"rosenzweig_macarthur_2sp_forced_fixed_point"
5.656,0.113579888892972,4.13957459099381,-0.414840743022874,-0.0269747648509162,-0.0942427206901854,0.5,NA,"rosenzweig_macarthur_2sp_forced_fixed_point"
5.757,0.107734121407503,4.094093659371,-0.420782769507188,-0.0175764519005691,-0.0851329480468457,0.5,NA,"rosenzweig_macarthur_2sp_forced_fixed_point"
5.858,0.102605730722505,4.04745071165389,-0.427648974452814,-0.00858323040827735,-0.0763956565537588,0.5,NA,"rosenzweig_macarthur_2sp_forced_fixed_point"
5.959,0.0981344393711203,3.99988933455409,-0.435420047202242,2.10963435730755e-06,-0.0680355535465965,0.5,NA,"rosenzweig_macarthur_2sp_forced_fixed_point"
6.06,0.09426500241209,3.95163226846331,-0.444054716778358,0.00817261989142471,-0.0600615277083636,0.5,NA,"rosenzweig_macarthur_2sp_forced_fixed_point"
6.161,0.090947493747322,3.90288219202973,-0.453491222411453,0.0159165573291783,-0.05248739075788,0.5,NA,"rosenzweig_macarthur_2sp_forced_fixed_point"
6.262,0.0881374008150965,3.8538228515572,-0.463649438913923,0.0232170708634307,-0.0453322225235419,0.5,NA,"rosenzweig_macarthur_2sp_forced_fixed_point"
6.363,0.0857955887254684,3.80462041723612,-0.474433464807989,0.0300521343976353,-0.0386204112012764,0.5,NA,"rosenzweig_macarthur_2sp_forced_fixed_point"
6.464,0.0838881843555706,3.75542497382994,-0.48573445829281,0.0363946136335968,-0.0323815219565744,0.5,NA,"rosenzweig_macarthur_2sp_forced_fixed_point"
6.565,0.082386420245631,3.70637207649365,-0.497433512739889,0.0422123484007305,-0.0266501333601957,0.5,NA,"rosenzweig_macarthur_2sp_forced_fixed_point"
6.666,0.0812664680572164,3.65758432188081,-0.50940439397404,0.0474681536954305,-0.0214657563480412,0.5,NA,"rosenzweig_macarthur_2sp_forced_fixed_point"
6.767,0.0805092822402091,3.60917290026539,-0.52151600668887,0.0521196824008669,-0.0168729049151205,0.5,NA,"rosenzweig_macarthur_2sp_forced_fixed_point"
6.868,0.0801004665699571,3.56123910616858,-0.533634506804833,0.0561191397802265,-0.0129213344826266,0.5,NA,"rosenzweig_macarthur_2sp_forced_fixed_point"
6.969,0.0800301694480201,3.51387579332047,-0.545625022106095,0.0594128838455438,-0.00966641469918527,0.5,NA,"rosenzweig_macarthur_2sp_forced_fixed_point"
7.07,0.0802930083890192,3.46716876524046,-0.557352979929462,0.0619409784374065,-0.00716956719602566,0.5,NA,"rosenzweig_macarthur_2sp_forced_fixed_point"
7.171,0.0808880200304576,3.42119809591469,-0.568685066042828,0.0636367822402738,-0.0054986806007785,0.5,NA,"rosenzweig_macarthur_2sp_forced_fixed_point"
7.272,0.081818629362468,3.37603937662811,-0.579489853592726,0.0644266552114626,-0.00472841633778927,0.5,NA,"rosenzweig_macarthur_2sp_forced_fixed_point"
7.373,0.0830926306449162,3.33176488559102,-0.589638146995767,0.0642298453898731,-0.00494033750922431,0.5,NA,"rosenzweig_macarthur_2sp_forced_fixed_point"
7.474,0.0847221724603167,3.28844467711254,-0.599003085323888,0.0629585880129882,-0.0062228247237267,0.5,NA,"rosenzweig_macarthur_2sp_forced_fixed_point"
7.575,0.0867237401444186,3.24614758710374,-0.607460045542677,0.0605184118768545,-0.00867078014317533,0.5,NA,"rosenzweig_macarthur_2sp_forced_fixed_point"
7.676,0.0891181298737953,3.20494215185004,-0.614886380263894,0.0568086129566894,-0.0123851558868451,0.5,NA,"rosenzweig_macarthur_2sp_forced_fixed_point"
7.777,0.0919304093268915,3.16489743729839,-0.62116102000177,0.0517228308856201,-0.0174723665044238,0.5,NA,"rosenzweig_macarthur_2sp_forced_fixed_point"
7.878,0.0951898594868549,3.12608377642313,-0.626163969673521,0.0451496578759691,-0.0240436491085601,0.5,NA,"rosenzweig_macarthur_2sp_forced_fixed_point"
7.979,0.0989298904292233,3.08857341233723,-0.629775738765429,0.03697322940751,-0.0322144107431236,0.5,NA,"rosenzweig_macarthur_2sp_forced_fixed_point"
8.08,0.103187920723475,3.05244104446245,-0.631876774041981,0.0270737999070335,-0.0421035406285849,0.5,NA,"rosenzweig_macarthur_2sp_forced_fixed_point"
8.181,0.108005205560395,3.01776427409246,-0.632347031176686,0.0153284085357513,-0.0538325481030266,0.5,NA,"rosenzweig_macarthur_2sp_forced_fixed_point"
8.282,0.113426593334158,2.98462394403745,-0.631065961690165,0.00161191808582933,-0.0675241812568583,0.5,NA,"rosenzweig_macarthur_2sp_forced_fixed_point"
8.383,0.119500184767541,2.95310436484504,-0.627913469689418,-0.0142009777032029,-0.0832998161358953,0.5,NA,"rosenzweig_macarthur_2sp_forced_fixed_point"
8.484,0.12627686347502,2.92329341762155,-0.622772934570198,-0.0322316175364508,-0.101274240526925,0.5,NA,"rosenzweig_macarthur_2sp_forced_fixed_point"
8.585,0.133809662865744,2.89528252112872,-0.615538440234139,-0.0525888929813368,-0.121545215410498,0.5,NA,"rosenzweig_macarthur_2sp_forced_fixed_point"
8.686,0.142152932289765,2.8691664490875,-0.606130345667545,-0.0753522280980882,-0.144172878266136,0.5,NA,"rosenzweig_macarthur_2sp_forced_fixed_point"
8.787,0.151361266167721,2.84504298300278,-0.594527068101482,-0.100538113522855,-0.169139840544449,0.5,NA,"rosenzweig_macarthur_2sp_forced_fixed_point"
8.888,0.161488164405638,2.82301238684063,-0.58082764387421,-0.128035642944227,-0.19627584237289,0.5,NA,"rosenzweig_macarthur_2sp_forced_fixed_point"
8.989,0.172584401579603,2.80317669298058,-0.565370363006393,-0.157485827678359,-0.225122012350499,0.5,NA,"rosenzweig_macarthur_2sp_forced_fixed_point"
9.09,0.184696096975511,2.78563879433379,-0.548944852175686,-0.18806744887067,-0.254709694537546,0.5,NA,"rosenzweig_macarthur_2sp_forced_fixed_point"
9.191,0.197862498092949,2.77050134545853,-0.533126453399055,-0.218160789803995,-0.283278157777526,0.5,NA,"rosenzweig_macarthur_2sp_forced_fixed_point"
9.292,0.212113516619622,2.75786548572327,-0.520641233148838,-0.2449811401068,-0.308138639240127,0.5,NA,"rosenzweig_macarthur_2sp_forced_fixed_point"
9.393,0.227467087239383,2.74782940951713,-0.51522388254383,-0.264720044906355,-0.326183920885985,0.5,NA,"rosenzweig_macarthur_2sp_forced_fixed_point"
9.494,0.243926453886997,2.74048682124771,-0.519910112925476,-0.274252899245669,-0.335342515517268,0.5,NA,"rosenzweig_macarthur_2sp_forced_fixed_point"
9.595,0.261477521822364,2.73592532509284,-0.534428354451729,-0.27374821939964,-0.335945343156948,0.5,NA,"rosenzweig_macarthur_2sp_forced_fixed_point"
9.696,0.28008644253729,2.73422480961527,-0.555376870922576,-0.266492523088072,-0.330392469614878,0.5,NA,"rosenzweig_macarthur_2sp_forced_fixed_point"
9.797,0.299697616577939,2.73545589376964,-0.578992154469332,-0.256124891695211,-0.321555041507894,0.5,NA,"rosenzweig_macarthur_2sp_forced_fixed_point"
9.898,0.32023230141485,2.73967850208425,-0.602723010116568,-0.245066636201817,-0.311622595258771,0.5,NA,"rosenzweig_macarthur_2sp_forced_fixed_point"
9.999,0.34158799322972,2.74694063193758,-0.625191825071767,-0.234564319281488,-0.301887472308026,0.5,NA,"rosenzweig_macarthur_2sp_forced_fixed_point"
0,0.3418031,2.747028,-0.723292377198907,-0.140860976383895,-0.198546459727309,0.6,NA,"rosenzweig_macarthur_2sp_forced_fixed_point"
0.101,0.36385999041858,2.75739529968304,-0.726855844911387,-0.143829162821267,-0.201515192440948,0.6,NA,"rosenzweig_macarthur_2sp_forced_fixed_point"
0.202,0.386462131386,2.77085880005052,-0.729270153613014,-0.146815781808432,-0.204501286304207,0.6,NA,"rosenzweig_macarthur_2sp_forced_fixed_point"
0.303,0.409441127901734,2.78742577308851,-0.730555630026283,-0.149765068249254,-0.207449025490565,0.6,NA,"rosenzweig_macarthur_2sp_forced_fixed_point"
0.404,0.432611700651092,2.80708931534678,-0.730727820611345,-0.152641218152431,-0.210322594080978,0.6,NA,"rosenzweig_macarthur_2sp_forced_fixed_point"
0.505,0.455775487616411,2.8298284727499,-0.729800202612495,-0.155425073032639,-0.213102766786321,0.6,NA,"rosenzweig_macarthur_2sp_forced_fixed_point"
0.606,0.478725326504175,2.85560857145256,-0.727786773819284,-0.158110493304436,-0.215783284031875,0.6,NA,"rosenzweig_macarthur_2sp_forced_fixed_point"
0.707,0.501249760152813,2.88438169332218,-0.724704191607255,-0.160700802360941,-0.218367293667117,0.6,NA,"rosenzweig_macarthur_2sp_forced_fixed_point"
0.808,0.523137503424224,2.91608722788031,-0.720573239220001,-0.163205606864128,-0.22086416486954,0.6,NA,"rosenzweig_macarthur_2sp_forced_fixed_point"
0.909,0.544181635122028,2.95065243219496,-0.715419535156374,-0.165638188050935,-0.223286868699164,0.6,NA,"rosenzweig_macarthur_2sp_forced_fixed_point"
1.01,0.564183326562759,2.98799293557824,-0.709273534453464,-0.168013544463363,-0.225650005011075,0.6,NA,"rosenzweig_macarthur_2sp_forced_fixed_point"
1.111,0.582954980705262,3.02801313571124,-0.702169972432684,-0.170347070910108,-0.22796845944385,0.6,NA,"rosenzweig_macarthur_2sp_forced_fixed_point"
1.212,0.600322722259086,3.07060644540892,-0.694146959457305,-0.172653792150439,-0.230256607411437,0.6,NA,"rosenzweig_macarthur_2sp_forced_fixed_point"
1.313,0.616128240893455,3.11565536309132,-0.685244949027222,-0.174948033069719,-0.232527944710146,0.6,NA,"rosenzweig_macarthur_2sp_forced_fixed_point"
1.414,0.630230039877166,3.16303135382755,-0.675505779011627,-0.177243394319915,-0.234795010810393,0.6,NA,"rosenzweig_macarthur_2sp_forced_fixed_point"
1.515,0.642504177561934,3.21259454063079,-0.66497193902898,-0.179552905925425,-0.237069473506615,0.6,NA,"rosenzweig_macarthur_2sp_forced_fixed_point"
1.616,0.652844608385667,3.26419321698822,-0.653686158822439,-0.181889244339021,-0.239362255468405,0.6,NA,"rosenzweig_macarthur_2sp_forced_fixed_point"
1.717,0.66116323512275,3.31766320126857,-0.641691354471705,-0.184264915903599,-0.241683599415601,0.6,NA,"rosenzweig_macarthur_2sp_forced_fixed_point"
1.818,0.667389777950694,3.37282706182011,-0.629030920163609,-0.186692328646827,-0.244042986225071,0.6,NA,"rosenzweig_macarthur_2sp_forced_fixed_point"
1.919,0.671471552058915,3.42949324860503,-0.615749318173416,-0.189183693368406,-0.24644883803734,0.6,NA,"rosenzweig_macarthur_2sp_forced_fixed_point"
2.02,0.673373227341013,3.48745517356358,-0.601892900094628,-0.191750713623097,-0.248907956355562,0.6,NA,"rosenzweig_macarthur_2sp_forced_fixed_point"
2.121,0.673076623917207,3.54649028802742,-0.587510886302098,-0.194404042541502,-0.251424664123346,0.6,NA,"rosenzweig_macarthur_2sp_forced_fixed_point"
2.222,0.670580577754847,3.60635921181734,-0.572656433918151,-0.197152502808753,-0.253999642589497,0.6,NA,"rosenzweig_macarthur_2sp_forced_fixed_point"
2.323,0.665900892614996,3.66680497546967,-0.557387730875191,-0.200002085028124,-0.256628481157026,0.6,NA,"rosenzweig_macarthur_2sp_forced_fixed_point"
2.424,0.659070378392923,3.7275524444859,-0.541769059852838,-0.202954759753651,-0.259299995266487,0.6,NA,"rosenzweig_macarthur_2sp_forced_fixed_point"
2.525,0.65013896157927,3.78830800254128,-0.52587177673842,-0.206007160441431,-0.261994418626447,0.6,NA,"rosenzweig_macarthur_2sp_forced_fixed_point"
2.626,0.63917384067902,3.84875957891413,-0.509775141116044,-0.209149219279865,-0.264681646834394,0.6,NA,"rosenzweig_macarthur_2sp_forced_fixed_point"
2.727,0.626259647501124,3.90857711339371,-0.493566920050224,-0.212362866033053,-0.267319802174723,0.6,NA,"rosenzweig_macarthur_2sp_forced_fixed_point"
2.828,0.611498563840086,3.96741355859257,-0.477343661622792,-0.215620931911087,-0.269854498919288,0.6,NA,"rosenzweig_macarthur_2sp_forced_fixed_point"
2.929,0.595010331993989,4.02490652348868,-0.461210503399213,-0.218886435371688,-0.272219293674134,0.6,NA,"rosenzweig_macarthur_2sp_forced_fixed_point"
3.03,0.57693208695047,4.08068066122132,-0.445280346808786,-0.222112462632089,-0.27433786032981,0.6,NA,"rosenzweig_macarthur_2sp_forced_fixed_point"
3.131,0.557417928583906,4.13435089624414,-0.429672196170376,-0.225242888971493,-0.276128360690327,0.6,NA,"rosenzweig_macarthur_2sp_forced_fixed_point"
3.232,0.536638145137324,4.18552656809799,-0.414508436965852,-0.228214212224065,-0.277510205265801,0.6,NA,"rosenzweig_macarthur_2sp_forced_fixed_point"
3.333,0.514777996602733,4.2338165383697,-0.399910821297681,-0.230958777962174,-0.278412864907432,0.6,NA,"rosenzweig_macarthur_2sp_forced_fixed_point"
3.434,0.4920359710024,4.27883526124813,-0.385994958445718,-0.233409646933879,-0.278785661302195,0.6,NA,"rosenzweig_macarthur_2sp_forced_fixed_point"
3.535,0.468621441054943,4.32020975491424,-0.372863218450658,-0.235507244623544,-0.278606752485677,0.6,NA,"rosenzweig_macarthur_2sp_forced_fixed_point"
3.636,0.444751676222075,4.35758733123675,-0.36059623145041,-0.237207653736848,-0.277889181160988,0.6,NA,"rosenzweig_macarthur_2sp_forced_fixed_point"
3.737,0.420648207685223,4.39064384837277,-0.349243724902311,-0.238491841120773,-0.276682163262102,0.6,NA,"rosenzweig_macarthur_2sp_forced_fixed_point"
3.838,0.396532601401633,4.41909215236295,-0.338816357903477,-0.239374176422697,-0.275066782174045,0.6,NA,"rosenzweig_macarthur_2sp_forced_fixed_point"
3.939,0.372621763907287,4.44269028151122,-0.329281330065616,-0.239907456687475,-0.273146572363566,0.6,NA,"rosenzweig_macarthur_2sp_forced_fixed_point"
4.04,0.349122979906881,4.46124893684091,-0.320565337822171,-0.240180824459328,-0.271034575448003,0.6,NA,"rosenzweig_macarthur_2sp_forced_fixed_point"
4.141,0.32622894896623,4.4746376905059,-0.312568324547276,-0.240307059614088,-0.268838911479491,0.6,NA,"rosenzweig_macarthur_2sp_forced_fixed_point"
4.242,0.304113137289951,4.4827894271476,-0.30519066693561,-0.240396498501448,-0.26664867293923,0.6,NA,"rosenzweig_macarthur_2sp_forced_fixed_point"
4.343,0.282925776314176,4.48570259995584,-0.298376801294103,-0.240514452513632,-0.264521306441994,0.6,NA,"rosenzweig_macarthur_2sp_forced_fixed_point"
4.444,0.262790813268258,4.48344103223693,-0.292181977571454,-0.24061531047423,-0.262472021876307,0.6,NA,"rosenzweig_macarthur_2sp_forced_fixed_point"
4.545,0.243804048047248,4.4761311924378,-0.286870920289589,-0.240444434678239,-0.260465516793499,0.6,NA,"rosenzweig_macarthur_2sp_forced_fixed_point"
4.646,0.226032583268844,4.46395708986393,-0.283020166149053,-0.239436006049937,-0.258410612990175,0.6,NA,"rosenzweig_macarthur_2sp_forced_fixed_point"
4.747,0.209515586631501,4.44715314677871,-0.28144367864483,-0.236787193298741,-0.256159254397952,0.6,NA,"rosenzweig_macarthur_2sp_forced_fixed_point"
4.848,0.194266238189233,4.42599556762906,-0.28272632256957,-0.231924092739687,-0.253512411052992,0.6,NA,"rosenzweig_macarthur_2sp_forced_fixed_point"
4.949,0.180274631175574,4.40079282353143,-0.286830240761444,-0.224894474154715,-0.25023605405105,0.6,NA,"rosenzweig_macarthur_2sp_forced_fixed_point"
5.05,0.167511329121967,4.37187588945512,-0.293340412036011,-0.216121164897509,-0.246089365092439,0.6,NA,"rosenzweig_macarthur_2sp_forced_fixed_point"
5.151,0.15593126068264,4.33958881769012,-0.301832716932322,-0.206032870807606,-0.240863699384926,0.6,NA,"rosenzweig_macarthur_2sp_forced_fixed_point"
5.252,0.145477653685142,4.30428012168122,-0.311974389671482,-0.194962675671137,-0.234424965885035,0.6,NA,"rosenzweig_macarthur_2sp_forced_fixed_point"
5.353,0.136085761074347,4.26629530351597,-0.323494379928353,-0.183176795840028,-0.22674707381421,0.6,NA,"rosenzweig_macarthur_2sp_forced_fixed_point"
5.454,0.127686199723805,4.2259707111339,-0.336145793029658,-0.170911493262869,-0.21792438360832,0.6,NA,"rosenzweig_macarthur_2sp_forced_fixed_point"
5.555,0.120207794994026,4.1836287779468,-0.349686256220339,-0.158392340984368,-0.208158448639364,0.6,NA,"rosenzweig_macarthur_2sp_forced_fixed_point"
5.656,0.113579888892972,4.13957459099381,-0.363872948277572,-0.145839118755734,-0.197724797910801,0.6,NA,"rosenzweig_macarthur_2sp_forced_fixed_point"
5.757,0.107734121407503,4.094093659371,-0.378465776921745,-0.133462848900662,-0.186932284968507,0.6,NA,"rosenzweig_macarthur_2sp_forced_fixed_point"
5.858,0.102605730722505,4.04745071165389,-0.393233562136478,-0.121460095935835,-0.176087149010948,0.6,NA,"rosenzweig_macarthur_2sp_forced_fixed_point"
5.959,0.0981344393711203,3.99988933455409,-0.407959875891578,-0.110007854626653,-0.16546856857819,0.6,NA,"rosenzweig_macarthur_2sp_forced_fixed_point"
6.06,0.09426500241209,3.95163226846331,-0.422446836561979,-0.0992607016364342,-0.155316611862561,0.6,NA,"rosenzweig_macarthur_2sp_forced_fixed_point"
6.161,0.090947493747322,3.90288219202973,-0.436516448195869,-0.0893505947997445,-0.14582992423393,0.6,NA,"rosenzweig_macarthur_2sp_forced_fixed_point"
6.262,0.0881374008150965,3.8538228515572,-0.450009869738156,-0.0803889100666391,-0.137169503759643,0.6,NA,"rosenzweig_macarthur_2sp_forced_fixed_point"
6.363,0.0857955887254684,3.80462041723612,-0.462785316746675,-0.0724699880540946,-0.129465461019927,0.6,NA,"rosenzweig_macarthur_2sp_forced_fixed_point"
6.464,0.0838881843555706,3.75542497382994,-0.47471528506746,-0.0656754715121386,-0.122824687113497,0.6,NA,"rosenzweig_macarthur_2sp_forced_fixed_point"
6.565,0.082386420245631,3.70637207649365,-0.485683615861021,-0.0600788776246385,-0.117338274363534,0.6,NA,"rosenzweig_macarthur_2sp_forced_fixed_point"
6.666,0.0812664680572164,3.65758432188081,-0.495582723207103,-0.0557500359909152,-0.113088160126806,0.6,NA,"rosenzweig_macarthur_2sp_forced_fixed_point"
6.767,0.0805092822402091,3.60917290026539,-0.50431114752845,-0.0527591669054042,-0.110152811473075,0.6,NA,"rosenzweig_macarthur_2sp_forced_fixed_point"
6.868,0.0801004665699571,3.56123910616858,-0.511771504784345,-0.0511804522983213,-0.108611913429904,0.6,NA,"rosenzweig_macarthur_2sp_forced_fixed_point"
6.969,0.0800301694480201,3.51387579332047,-0.517868878122746,-0.051094960526006,-0.108550033505349,0.6,NA,"rosenzweig_macarthur_2sp_forced_fixed_point"
7.07,0.0802930083890192,3.46716876524046,-0.522509752257872,-0.0525927222833272,-0.110059145789704,0.6,NA,"rosenzweig_macarthur_2sp_forced_fixed_point"
7.171,0.0808880200304576,3.42119809591469,-0.525601746522184,-0.0557735960996504,-0.113239704466854,0.6,NA,"rosenzweig_macarthur_2sp_forced_fixed_point"
7.272,0.081818629362468,3.37603937662811,-0.52705472360371,-0.0607462475449837,-0.118199603149558,0.6,NA,"rosenzweig_macarthur_2sp_forced_fixed_point"
7.373,0.0830926306449162,3.33176488559102,-0.526784470433271,-0.0676239649612606,-0.125049709853316,0.6,NA,"rosenzweig_macarthur_2sp_forced_fixed_point"
7.474,0.0847221724603167,3.28844467711254,-0.524721324080135,-0.0765148877088374,-0.133893467076028,0.6,NA,"rosenzweig_macarthur_2sp_forced_fixed_point"
7.575,0.0867237401444186,3.24614758710374,-0.520828319027512,-0.087502058740582,-0.144805834654955,0.6,NA,"rosenzweig_macarthur_2sp_forced_fixed_point"
7.676,0.0891181298737953,3.20494215185004,-0.515137413201502,-0.100604778361374,-0.157792965082444,0.6,NA,"rosenzweig_macarthur_2sp_forced_fixed_point"
7.777,0.0919304093268915,3.16489743729839,-0.507818875560853,-0.115706259472695,-0.172718019674539,0.6,NA,"rosenzweig_macarthur_2sp_forced_fixed_point"
7.878,0.0951898594868549,3.12608377642313,-0.499306830355722,-0.132424719883955,-0.189172712542207,0.6,NA,"rosenzweig_macarthur_2sp_forced_fixed_point"
7.979,0.0989298904292233,3.08857341233723,-0.490502197966309,-0.149906844734449,-0.206281796530939,0.6,NA,"rosenzweig_macarthur_2sp_forced_fixed_point"
8.08,0.103187920723475,3.05244104446245,-0.483020202143083,-0.166576655164642,-0.222490346966122,0.6,NA,"rosenzweig_macarthur_2sp_forced_fixed_point"
8.181,0.108005205560395,3.01776427409246,-0.479255268731572,-0.180067183818636,-0.235561327232569,0.6,NA,"rosenzweig_macarthur_2sp_forced_fixed_point"
8.282,0.113426593334158,2.98462394403745,-0.481755597788954,-0.187842903263848,-0.243190948903455,0.6,NA,"rosenzweig_macarthur_2sp_forced_fixed_point"
8.383,0.119500184767541,2.95310436484504,-0.491767207814005,-0.188653318123922,-0.244250490271774,0.6,NA,"rosenzweig_macarthur_2sp_forced_fixed_point"
8.484,0.12627686347502,2.92329341762155,-0.508277991455462,-0.18348735034111,-0.239575475920106,0.6,NA,"rosenzweig_macarthur_2sp_forced_fixed_point"
8.585,0.133809662865744,2.89528252112872,-0.528832159632795,-0.174758248424461,-0.231338920199292,0.6,NA,"rosenzweig_macarthur_2sp_forced_fixed_point"
8.686,0.142152932289765,2.8691664490875,-0.551005372297564,-0.164828755315326,-0.221785372522797,0.6,NA,"rosenzweig_macarthur_2sp_forced_fixed_point"
8.787,0.151361266167721,2.84504298300278,-0.573116034603591,-0.155301010198891,-0.212511296294429,0.6,NA,"rosenzweig_macarthur_2sp_forced_fixed_point"
8.888,0.161488164405638,2.82301238684063,-0.594208924047517,-0.147034902062545,-0.204408709521912,0.6,NA,"rosenzweig_macarthur_2sp_forced_fixed_point"
8.989,0.172584401579603,2.80317669298058,-0.613816873955829,-0.140388980924799,-0.197867588686795,0.6,NA,"rosenzweig_macarthur_2sp_forced_fixed_point"
9.09,0.184696096975511,2.78563879433379,-0.631752389774889,-0.135431854816611,-0.192978511514944,0.6,NA,"rosenzweig_macarthur_2sp_forced_fixed_point"
9.191,0.197862498092949,2.77050134545853,-0.647975118964318,-0.1320779558417,-0.189669707350413,0.6,NA,"rosenzweig_macarthur_2sp_forced_fixed_point"
9.292,0.212113516619622,2.75786548572327,-0.662517296783314,-0.130165378737301,-0.187787658002096,0.6,NA,"rosenzweig_macarthur_2sp_forced_fixed_point"
9.393,0.227467087239383,2.74782940951713,-0.675444057160823,-0.129498763965388,-0.187142097628657,0.6,NA,"rosenzweig_macarthur_2sp_forced_fixed_point"
9.494,0.243926453886997,2.74048682124771,-0.686832767819881,-0.129872967476051,-0.187531017014877,0.6,NA,"rosenzweig_macarthur_2sp_forced_fixed_point"
9.595,0.261477521822364,2.73592532509284,-0.696762234735465,-0.131086609754495,-0.188755002710025,0.6,NA,"rosenzweig_macarthur_2sp_forced_fixed_point"
9.696,0.28008644253729,2.73422480961527,-0.705306886258804,-0.132950358530706,-0.19062597975951,0.6,NA,"rosenzweig_macarthur_2sp_forced_fixed_point"
9.797,0.299697616577939,2.73545589376964,-0.712533493093998,-0.135292368995867,-0.192972920471388,0.6,NA,"rosenzweig_macarthur_2sp_forced_fixed_point"
9.898,0.32023230141485,2.73967850208425,-0.718499323779831,-0.137961966289635,-0.195645685346908,0.6,NA,"rosenzweig_macarthur_2sp_forced_fixed_point"
9.999,0.34158799322972,2.74694063193758,-0.723251334795887,-0.140831952157986,-0.198517424432389,0.6,NA,"rosenzweig_macarthur_2sp_forced_fixed_point"
0,0.3418031,2.747028,-0.692898330614291,-0.143723735939535,-0.193201535596263,0.7,NA,"rosenzweig_macarthur_2sp_forced_fixed_point"
0.101,0.36385999041858,2.75739529968304,-0.689559720357203,-0.149345982448612,-0.1988194107641,0.7,NA,"rosenzweig_macarthur_2sp_forced_fixed_point"
0.202,0.386462131386,2.77085880005052,-0.685542854203797,-0.154722251608143,-0.20419046951219,0.7,NA,"rosenzweig_macarthur_2sp_forced_fixed_point"
0.303,0.409441127901734,2.78742577308851,-0.680836451252317,-0.159831796258753,-0.209293785648226,0.7,NA,"rosenzweig_macarthur_2sp_forced_fixed_point"
0.404,0.432611700651092,2.80708931534678,-0.675424011249749,-0.164665956701239,-0.214120464182333,0.7,NA,"rosenzweig_macarthur_2sp_forced_fixed_point"
0.505,0.455775487616411,2.8298284727499,-0.669286961495518,-0.169225958925542,-0.218671422628744,0.7,NA,"rosenzweig_macarthur_2sp_forced_fixed_point"
0.606,0.478725326504175,2.85560857145256,-0.662408146258817,-0.173520325465989,-0.22295478073737,0.7,NA,"rosenzweig_macarthur_2sp_forced_fixed_point"
0.707,0.501249760152813,2.88438169332218,-0.654775297527508,-0.177562200254267,-0.226983159050476,0.7,NA,"rosenzweig_macarthur_2sp_forced_fixed_point"
0.808,0.523137503424224,2.91608722788031,-0.646384173741334,-0.181366843690679,-0.230771141410705,0.7,NA,"rosenzweig_macarthur_2sp_forced_fixed_point"
0.909,0.544181635122028,2.95065243219496,-0.63724114197913,-0.184949474848422,-0.23433307733814,0.7,NA,"rosenzweig_macarthur_2sp_forced_fixed_point"
1.01,0.564183326562759,2.98799293557824,-0.627365081517097,-0.188323550583727,-0.237681313517993,0.7,NA,"rosenzweig_macarthur_2sp_forced_fixed_point"
1.111,0.582954980705262,3.02801313571124,-0.616788580088318,-0.19149949674055,-0.240824870098845,0.7,NA,"rosenzweig_macarthur_2sp_forced_fixed_point"
1.212,0.600322722259086,3.07060644540892,-0.605558464951657,-0.19448385520989,-0.243768527969148,0.7,NA,"rosenzweig_macarthur_2sp_forced_fixed_point"
1.313,0.616128240893455,3.11565536309132,-0.593735754503635,-0.197278783829537,-0.246512269491989,0.7,NA,"rosenzweig_macarthur_2sp_forced_fixed_point"
1.414,0.630230039877166,3.16303135382755,-0.581395134777186,-0.199881839500186,-0.24905101317544,0.7,NA,"rosenzweig_macarthur_2sp_forced_fixed_point"
1.515,0.642504177561934,3.21259454063079,-0.568624064563052,-0.202285981395913,-0.251374595558715,0.7,NA,"rosenzweig_macarthur_2sp_forced_fixed_point"
1.616,0.652844608385667,3.26419321698822,-0.555521600000635,-0.204479743764161,-0.253467973949708,0.7,NA,"rosenzweig_macarthur_2sp_forced_fixed_point"
1.717,0.66116323512275,3.31766320126857,-0.542197010573535,-0.206447541223583,-0.255311645151817,0.7,NA,"rosenzweig_macarthur_2sp_forced_fixed_point"
1.818,0.667389777950694,3.37282706182011,-0.528768237784245,-0.208170080981929,-0.256882292877227,0.7,NA,"rosenzweig_macarthur_2sp_forced_fixed_point"
1.919,0.671471552058915,3.42949324860503,-0.515360226698225,-0.209624866517707,-0.258153686578389,0.7,NA,"rosenzweig_macarthur_2sp_forced_fixed_point"
2.02,0.673373227341013,3.48745517356358,-0.50210313693737,-0.210786789886668,-0.259097855075766,0.7,NA,"rosenzweig_macarthur_2sp_forced_fixed_point"
2.121,0.673076623917207,3.54649028802742,-0.489130408631962,-0.211628831420733,-0.259686549634885,0.7,NA,"rosenzweig_macarthur_2sp_forced_fixed_point"
2.222,0.670580577754847,3.60635921181734,-0.476576615141294,-0.212122922611881,-0.259892994681385,0.7,NA,"rosenzweig_macarthur_2sp_forced_fixed_point"
2.323,0.665900892614996,3.66680497546967,-0.464574978005511,-0.212241081396651,-0.259693902276994,0.7,NA,"rosenzweig_macarthur_2sp_forced_fixed_point"
2.424,0.659070378392923,3.7275524444859,-0.453254363450554,-0.211956986685397,-0.259071699593668,0.7,NA,"rosenzweig_macarthur_2sp_forced_fixed_point"
2.525,0.65013896157927,3.78830800254128,-0.442735556440494,-0.211248188553587,-0.258016884859621,0.7,NA,"rosenzweig_macarthur_2sp_forced_fixed_point"
2.626,0.63917384067902,3.84875957891413,-0.433126668843496,-0.210099100906911,-0.2565303826281,0.7,NA,"rosenzweig_macarthur_2sp_forced_fixed_point"
2.727,0.626259647501124,3.90857711339371,-0.424517732876212,-0.208504744006661,-0.254625712662207,0.7,NA,"rosenzweig_macarthur_2sp_forced_fixed_point"
2.828,0.611498563840086,3.96741355859257,-0.416974866586188,-0.206474886943389,-0.252330727468112,0.7,NA,"rosenzweig_macarthur_2sp_forced_fixed_point"
2.929,0.595010331993989,4.02490652348868,-0.410534790090123,-0.204037867921876,-0.249688635654208,0.7,NA,"rosenzweig_macarthur_2sp_forced_fixed_point"
3.03,0.57693208695047,4.08068066122132,-0.405200735239034,-0.201243125213609,-0.246758045581866,0.7,NA,"rosenzweig_macarthur_2sp_forced_fixed_point"
3.131,0.557417928583906,4.13435089624414,-0.400940723960978,-0.198161554643617,-0.243611862331813,0.7,NA,"rosenzweig_macarthur_2sp_forced_fixed_point"
3.232,0.536638145137324,4.18552656809799,-0.397688720048344,-0.19488328958162,-0.240335048143226,0.7,NA,"rosenzweig_macarthur_2sp_forced_fixed_point"
3.333,0.514777996602733,4.2338165383697,-0.395348446285855,-0.191513213619133,-0.237021470955222,0.7,NA,"rosenzweig_macarthur_2sp_forced_fixed_point"
3.434,0.4920359710024,4.27883526124813,-0.393799024843906,-0.188165141475511,-0.23377025051406,0.7,NA,"rosenzweig_macarthur_2sp_forced_fixed_point"
3.535,0.468621441054943,4.32020975491424,-0.392901314668641,-0.184955868508451,-0.230682104543519,0.7,NA,"rosenzweig_macarthur_2sp_forced_fixed_point"
3.636,0.444751676222075,4.35758733123675,-0.392503939192369,-0.182000139699655,-0.227856170747942,0.7,NA,"rosenzweig_macarthur_2sp_forced_fixed_point"
3.737,0.420648207685223,4.39064384837277,-0.392448370361642,-0.179407177095756,-0.225387650002997,0.7,NA,"rosenzweig_macarthur_2sp_forced_fixed_point"
3.838,0.396532601401633,4.41909215236295,-0.392572846605099,-0.177278946879604,-0.22336642866924,0.7,NA,"rosenzweig_macarthur_2sp_forced_fixed_point"
3.939,0.372621763907287,4.44269028151122,-0.392715204459547,-0.175709995525227,-0.221876645603535,0.7,NA,"rosenzweig_macarthur_2sp_forced_fixed_point"
4.04,0.349122979906881,4.46124893684091,-0.392714852837769,-0.174788486923497,-0.220997008081911,0.7,NA,"rosenzweig_macarthur_2sp_forced_fixed_point"
4.141,0.32622894896623,4.4746376905059,-0.392414147381161,-0.174598002853698,-0.220801541019128,0.7,NA,"rosenzweig_macarthur_2sp_forced_fixed_point"
4.242,0.304113137289951,4.4827894271476,-0.39165939106464,-0.175219673220825,-0.221360362521303,0.7,NA,"rosenzweig_macarthur_2sp_forced_fixed_point"
4.343,0.282925776314176,4.48570259995584,-0.39030165548199,-0.176734226958915,-0.222739985760766,0.7,NA,"rosenzweig_macarthur_2sp_forced_fixed_point"
4.444,0.262790813268258,4.48344103223693,-0.388197631869089,-0.179223556748433,-0.225002510058587,0.7,NA,"rosenzweig_macarthur_2sp_forced_fixed_point"
4.545,0.243804048047248,4.4761311924378,-0.385210819200882,-0.182771333971321,-0.228202829342221,0.7,NA,"rosenzweig_macarthur_2sp_forced_fixed_point"
4.646,0.226032583268844,4.46395708986393,-0.381213576967376,-0.187462052158487,-0.232382589383217,0.7,NA,"rosenzweig_macarthur_2sp_forced_fixed_point"
4.747,0.209515586631501,4.44715314677871,-0.376090970220473,-0.193377551213765,-0.237559004688914,0.7,NA,"rosenzweig_macarthur_2sp_forced_fixed_point"
4.848,0.194266238189233,4.42599556762906,-0.369748028810183,-0.200589454793449,-0.243705808637562,0.7,NA,"rosenzweig_macarthur_2sp_forced_fixed_point"
4.949,0.180274631175574,4.40079282353143,-0.362123309443262,-0.209144749630449,-0.250722848594294,0.7,NA,"rosenzweig_macarthur_2sp_forced_fixed_point"
5.05,0.167511329121967,4.37187588945512,-0.353214317332575,-0.219039110239961,-0.258391292270263,0.7,NA,"rosenzweig_macarthur_2sp_forced_fixed_point"
5.151,0.15593126068264,4.33958881769012,-0.343127411152927,-0.230165523552739,-0.266316169088531,0.7,NA,"rosenzweig_macarthur_2sp_forced_fixed_point"
5.252,0.145477653685142,4.30428012168122,-0.332188802846212,-0.24220177431555,-0.273872940711495,0.7,NA,"rosenzweig_macarthur_2sp_forced_fixed_point"
5.353,0.136085761074347,4.26629530351597,-0.321250498770808,-0.254303092311511,-0.280204697202467,0.7,NA,"rosenzweig_macarthur_2sp_forced_fixed_point"
5.454,0.127686199723805,4.2259707111339,-0.312676587554634,-0.264114667045797,-0.284345787253635,0.7,NA,"rosenzweig_macarthur_2sp_forced_fixed_point"
5.555,0.120207794994026,4.1836287779468,-0.31174067315606,-0.266373301580376,-0.285514102310171,0.7,NA,"rosenzweig_macarthur_2sp_forced_fixed_point"
5.656,0.113579888892972,4.13957459099381,-0.320221866028263,-0.259310823750374,-0.28346126174162,0.7,NA,"rosenzweig_macarthur_2sp_forced_fixed_point"
5.757,0.107734121407503,4.094093659371,-0.332922953515505,-0.248135631299297,-0.278624612106409,0.7,NA,"rosenzweig_macarthur_2sp_forced_fixed_point"
5.858,0.102605730722505,4.04745071165389,-0.346418835464926,-0.236284256369089,-0.271944611267471,0.7,NA,"rosenzweig_macarthur_2sp_forced_fixed_point"
5.959,0.0981344393711203,3.99988933455409,-0.3593195587514,-0.225158567919876,-0.264508865184985,0.7,NA,"rosenzweig_macarthur_2sp_forced_fixed_point"
6.06,0.09426500241209,3.95163226846331,-0.370966580143279,-0.215429921728071,-0.257272632627358,0.7,NA,"rosenzweig_macarthur_2sp_forced_fixed_point"
6.161,0.090947493747322,3.90288219202973,-0.381006900739491,-0.207465545079963,-0.250946838392888,0.7,NA,"rosenzweig_macarthur_2sp_forced_fixed_point"
6.262,0.0881374008150965,3.8538228515572,-0.389255229339312,-0.201466923623223,-0.246001431181579,0.7,NA,"rosenzweig_macarthur_2sp_forced_fixed_point"
6.363,0.0857955887254684,3.80462041723612,-0.395641810895939,-0.197522476056658,-0.24270720258368,0.7,NA,"rosenzweig_macarthur_2sp_forced_fixed_point"
6.464,0.0838881843555706,3.75542497382994,-0.400200211523625,-0.195620146659569,-0.241168790978257,0.7,NA,"rosenzweig_macarthur_2sp_forced_fixed_point"
6.565,0.082386420245631,3.70637207649365,-0.403087921632507,-0.195626978697056,-0.24132813334983,0.7,NA,"rosenzweig_macarthur_2sp_forced_fixed_point"
6.666,0.0812664680572164,3.65758432188081,-0.404643766991622,-0.197231611601546,-0.242930231708046,0.7,NA,"rosenzweig_macarthur_2sp_forced_fixed_point"
6.767,0.0805092822402091,3.60917290026539,-0.405484900789751,-0.199846876243177,-0.245452205618715,0.7,NA,"rosenzweig_macarthur_2sp_forced_fixed_point"
6.868,0.0801004665699571,3.56123910616858,-0.40661940970541,-0.202496425186374,-0.24802033250202,0.7,NA,"rosenzweig_macarthur_2sp_forced_fixed_point"
6.969,0.0800301694480201,3.51387579332047,-0.409471172208554,-0.203788760146929,-0.249396450460837,0.7,NA,"rosenzweig_macarthur_2sp_forced_fixed_point"
7.07,0.0802930083890192,3.46716876524046,-0.415613842926668,-0.202181820174131,-0.248181089589552,0.7,NA,"rosenzweig_macarthur_2sp_forced_fixed_point"
7.171,0.0808880200304576,3.42119809591469,-0.42613205098716,-0.196620119548201,-0.243313426339186,0.7,NA,"rosenzweig_macarthur_2sp_forced_fixed_point"
7.272,0.081818629362468,3.37603937662811,-0.441035799146539,-0.187118561905442,-0.234615863620515,0.7,NA,"rosenzweig_macarthur_2sp_forced_fixed_point"
7.373,0.0830926306449162,3.33176488559102,-0.459325879045164,-0.174695255061008,-0.222889707665685,0.7,NA,"rosenzweig_macarthur_2sp_forced_fixed_point"
7.474,0.0847221724603167,3.28844467711254,-0.479595165052711,-0.160768614151817,-0.209460893007595,0.7,NA,"rosenzweig_macarthur_2sp_forced_fixed_point"
7.575,0.0867237401444186,3.24614758710374,-0.500573628291995,-0.146611051811244,-0.195620134169806,0.7,NA,"rosenzweig_macarthur_2sp_forced_fixed_point"
7.676,0.0891181298737953,3.20494215185004,-0.52134792658636,-0.133128510118224,-0.182328205836943,0.7,NA,"rosenzweig_macarthur_2sp_forced_fixed_point"
7.777,0.0919304093268915,3.16489743729839,-0.541349261937369,-0.120872207773755,-0.170184696721054,0.7,NA,"rosenzweig_macarthur_2sp_forced_fixed_point"
7.878,0.0951898594868549,3.12608377642313,-0.560260744023864,-0.110131375903711,-0.159511081365462,0.7,NA,"rosenzweig_macarthur_2sp_forced_fixed_point"
7.979,0.0989298904292233,3.08857341233723,-0.577925893547776,-0.101025308975406,-0.150445875345252,0.7,NA,"rosenzweig_macarthur_2sp_forced_fixed_point"
8.08,0.103187920723475,3.05244104446245,-0.59428218724688,-0.0935707477145252,-0.143016800808528,0.7,NA,"rosenzweig_macarthur_2sp_forced_fixed_point"
8.181,0.108005205560395,3.01776427409246,-0.609318835737352,-0.0877252954032191,-0.137187683060913,0.7,NA,"rosenzweig_macarthur_2sp_forced_fixed_point"
8.282,0.113426593334158,2.98462394403745,-0.623051902648158,-0.0834136426021144,-0.132886771010287,0.7,NA,"rosenzweig_macarthur_2sp_forced_fixed_point"
8.383,0.119500184767541,2.95310436484504,-0.635510426336617,-0.0805428288016777,-0.130023176295034,0.7,NA,"rosenzweig_macarthur_2sp_forced_fixed_point"
8.484,0.12627686347502,2.92329341762155,-0.646729113057364,-0.0790108794321588,-0.128496157597053,0.7,NA,"rosenzweig_macarthur_2sp_forced_fixed_point"
8.585,0.133809662865744,2.89528252112872,-0.65674481281947,-0.0787115380493244,-0.128200208951663,0.7,NA,"rosenzweig_macarthur_2sp_forced_fixed_point"
8.686,0.142152932289765,2.8691664490875,-0.665595102661755,-0.0795367254274966,-0.129027717158968,0.7,NA,"rosenzweig_macarthur_2sp_forced_fixed_point"
8.787,0.151361266167721,2.84504298300278,-0.673317988113334,-0.0813776948853381,-0.130870229522072,0.7,NA,"rosenzweig_macarthur_2sp_forced_fixed_point"
8.888,0.161488164405638,2.82301238684063,-0.679952135773942,-0.0841254708095781,-0.133618957380756,0.7,NA,"rosenzweig_macarthur_2sp_forced_fixed_point"
8.989,0.172584401579603,2.80317669298058,-0.685537277840641,-0.0876709446333544,-0.137164910465708,0.7,NA,"rosenzweig_macarthur_2sp_forced_fixed_point"
9.09,0.184696096975511,2.78563879433379,-0.690114555087901,-0.0919048875031627,-0.141398932671989,0.7,NA,"rosenzweig_macarthur_2sp_forced_fixed_point"
9.191,0.197862498092949,2.77050134545853,-0.693726634139059,-0.0967180762737945,-0.146211842220345,0.7,NA,"rosenzweig_macarthur_2sp_forced_fixed_point"
9.292,0.212113516619622,2.75786548572327,-0.696417477974966,-0.102001689961197,-0.151494836921539,0.7,NA,"rosenzweig_macarthur_2sp_forced_fixed_point"
9.393,0.227467087239383,2.74782940951713,-0.698231686521976,-0.107648097083158,-0.157140287024061,0.7,NA,"rosenzweig_macarthur_2sp_forced_fixed_point"
9.494,0.243926453886997,2.74048682124771,-0.69921337165332,-0.11355210618769,-0.163042989102682,0.7,NA,"rosenzweig_macarthur_2sp_forced_fixed_point"
9.595,0.261477521822364,2.73592532509284,-0.699404596526931,-0.119612684165345,-0.169101886192392,0.7,NA,"rosenzweig_macarthur_2sp_forced_fixed_point"
9.696,0.28008644253729,2.73422480961527,-0.698843493022028,-0.125735059667199,-0.175222171737631,0.7,NA,"rosenzweig_macarthur_2sp_forced_fixed_point"
9.797,0.299697616577939,2.73545589376964,-0.697562262724117,-0.131833032495443,-0.181317598227208,0.7,NA,"rosenzweig_macarthur_2sp_forced_fixed_point"
9.898,0.32023230141485,2.73967850208425,-0.695585345594827,-0.13783122491314,-0.187312726305976,0.7,NA,"rosenzweig_macarthur_2sp_forced_fixed_point"
9.999,0.34158799322972,2.74694063193758,-0.692928079558761,-0.143666963833894,-0.193144803082952,0.7,NA,"rosenzweig_macarthur_2sp_forced_fixed_point"
0,0.3418031,2.747028,-0.614080640171982,-0.174010892571371,-0.217277918439865,0.8,NA,"rosenzweig_macarthur_2sp_forced_fixed_point"
0.101,0.36385999041858,2.75739529968304,-0.606428870511854,-0.18076633051861,-0.224019190304399,0.8,NA,"rosenzweig_macarthur_2sp_forced_fixed_point"
0.202,0.386462131386,2.77085880005052,-0.598169791568799,-0.187289514236765,-0.230524018651958,0.8,NA,"rosenzweig_macarthur_2sp_forced_fixed_point"
0.303,0.409441127901734,2.78742577308851,-0.589309528405664,-0.193559750558541,-0.236770393095879,0.8,NA,"rosenzweig_macarthur_2sp_forced_fixed_point"
0.404,0.432611700651092,2.80708931534678,-0.579861328149832,-0.199562683217358,-0.24274221449933,0.8,NA,"rosenzweig_macarthur_2sp_forced_fixed_point"
0.505,0.455775487616411,2.8298284727499,-0.569848414067629,-0.20528796119642,-0.24842684187794,0.8,NA,"rosenzweig_macarthur_2sp_forced_fixed_point"
0.606,0.478725326504175,2.85560857145256,-0.559306707756724,-0.210726608043596,-0.253812325709644,0.8,NA,"rosenzweig_macarthur_2sp_forced_fixed_point"
0.707,0.501249760152813,2.88438169332218,-0.548287091596142,-0.215868441239113,-0.258884692237563,0.8,NA,"rosenzweig_macarthur_2sp_forced_fixed_point"
0.808,0.523137503424224,2.91608722788031,-0.536856910407329,-0.220699882016933,-0.263625649680483,0.8,NA,"rosenzweig_macarthur_2sp_forced_fixed_point"
0.909,0.544181635122028,2.95065243219496,-0.525100478700459,-0.225202440579117,-0.268011052210684,0.8,NA,"rosenzweig_macarthur_2sp_forced_fixed_point"
1.01,0.564183326562759,2.98799293557824,-0.513118461671186,-0.22935206538047,-0.272010384308903,0.8,NA,"rosenzweig_macarthur_2sp_forced_fixed_point"
1.111,0.582954980705262,3.02801313571124,-0.501026131855427,-0.23311941108588,-0.275587412342065,0.8,NA,"rosenzweig_macarthur_2sp_forced_fixed_point"
1.212,0.600322722259086,3.07060644540892,-0.488950665379933,-0.236470912872405,-0.278701984600331,0.8,NA,"rosenzweig_macarthur_2sp_forced_fixed_point"
1.313,0.616128240893455,3.11565536309132,-0.47702781547476,-0.239370373355221,-0.281312749404666,0.8,NA,"rosenzweig_macarthur_2sp_forced_fixed_point"
1.414,0.630230039877166,3.16303135382755,-0.46539844547838,-0.241780615441128,-0.283380335897679,0.8,NA,"rosenzweig_macarthur_2sp_forced_fixed_point"
1.515,0.642504177561934,3.21259454063079,-0.45420545297252,-0.243664697750013,-0.284870373232142,0.8,NA,"rosenzweig_macarthur_2sp_forced_fixed_point"
1.616,0.652844608385667,3.26419321698822,-0.443591497297653,-0.244986303996767,-0.285755701115459,0.8,NA,"rosenzweig_macarthur_2sp_forced_fixed_point"
1.717,0.66116323512275,3.31766320126857,-0.433697608783851,-0.24570925042246,-0.286017314563839,0.8,NA,"rosenzweig_macarthur_2sp_forced_fixed_point"
1.818,0.667389777950694,3.37282706182011,-0.424662236423625,-0.245796579140944,-0.28564397836906,0.8,NA,"rosenzweig_macarthur_2sp_forced_fixed_point"
1.919,0.671471552058915,3.42949324860503,-0.416619722652592,-0.245210278046714,-0.284630930714566,0.8,NA,"rosenzweig_macarthur_2sp_forced_fixed_point"
2.02,0.673373227341013,3.48745517356358,-0.409696856586201,-0.243913011014995,-0.282978487324642,0.8,NA,"rosenzweig_macarthur_2sp_forced_fixed_point"
2.121,0.673076623917207,3.54649028802742,-0.404006417446785,-0.241872986693538,-0.280691478911064,0.8,NA,"rosenzweig_macarthur_2sp_forced_fixed_point"
2.222,0.670580577754847,3.60635921181734,-0.399637732343665,-0.239071984078805,-0.277780215002984,0.8,NA,"rosenzweig_macarthur_2sp_forced_fixed_point"
2.323,0.665900892614996,3.66680497546967,-0.39664600736842,-0.235514816607926,-0.274263114070434,0.8,NA,"rosenzweig_macarthur_2sp_forced_fixed_point"
2.424,0.659070378392923,3.7275524444859,-0.395043606443933,-0.231237094848406,-0.270170456928046,0.8,NA,"rosenzweig_macarthur_2sp_forced_fixed_point"
2.525,0.65013896157927,3.78830800254128,-0.394796372794498,-0.226308217227899,-0.265548171773852,0.8,NA,"rosenzweig_macarthur_2sp_forced_fixed_point"
2.626,0.63917384067902,3.84875957891413,-0.395826233066732,-0.2208283602535,-0.260460385454314,0.8,NA,"rosenzweig_macarthur_2sp_forced_fixed_point"
2.727,0.626259647501124,3.90857711339371,-0.398018851400649,-0.214920699025523,-0.254989773096068,0.8,NA,"rosenzweig_macarthur_2sp_forced_fixed_point"
2.828,0.611498563840086,3.96741355859257,-0.401233614793414,-0.208721563165292,-0.249235390616186,0.8,NA,"rosenzweig_macarthur_2sp_forced_fixed_point"
2.929,0.595010331993989,4.02490652348868,-0.405313336252017,-0.202371120188623,-0.243308400874733,0.8,NA,"rosenzweig_macarthur_2sp_forced_fixed_point"
3.03,0.57693208695047,4.08068066122132,-0.410092143305174,-0.196006094296932,-0.237326611881788,0.8,NA,"rosenzweig_macarthur_2sp_forced_fixed_point"
3.131,0.557417928583906,4.13435089624414,-0.415401148629447,-0.189754901571929,-0.231408884055118,0.8,NA,"rosenzweig_macarthur_2sp_forced_fixed_point"
3.232,0.536638145137324,4.18552656809799,-0.421072185999772,-0.183734902646644,-0.225670272919072,0.8,NA,"rosenzweig_macarthur_2sp_forced_fixed_point"
3.333,0.514777996602733,4.2338165383697,-0.426940131599127,-0.178051246186318,-0.220218414287922,0.8,NA,"rosenzweig_macarthur_2sp_forced_fixed_point"
3.434,0.4920359710024,4.27883526124813,-0.432844307102677,-0.172796809260642,-0.215151299414946,0.8,NA,"rosenzweig_macarthur_2sp_forced_fixed_point"
3.535,0.468621441054943,4.32020975491424,-0.43862934574902,-0.168052862224151,-0.210556329670041,0.8,NA,"rosenzweig_macarthur_2sp_forced_fixed_point"
3.636,0.444751676222075,4.35758733123675,-0.444145784367596,-0.163890204756988,-0.206510407439114,0.8,NA,"rosenzweig_macarthur_2sp_forced_fixed_point"
3.737,0.420648207685223,4.39064384837277,-0.449250551577608,-0.160370605567904,-0.203080785028591,0.8,NA,"rosenzweig_macarthur_2sp_forced_fixed_point"
3.838,0.396532601401633,4.41909215236295,-0.453807455985745,-0.157548429022521,-0.200326413176476,0.8,NA,"rosenzweig_macarthur_2sp_forced_fixed_point"
3.939,0.372621763907287,4.44269028151122,-0.457687731864192,-0.155472354578983,-0.198299568120635,0.8,NA,"rosenzweig_macarthur_2sp_forced_fixed_point"
4.04,0.349122979906881,4.46124893684091,-0.460770668606578,-0.154187096910883,-0.197047567650974,0.8,NA,"rosenzweig_macarthur_2sp_forced_fixed_point"
4.141,0.32622894896623,4.4746376905059,-0.462944333056926,-0.15373502183415,-0.196614401233021,0.8,NA,"rosenzweig_macarthur_2sp_forced_fixed_point"
4.242,0.304113137289951,4.4827894271476,-0.464106392846532,-0.154157529548733,-0.197042093842162,0.8,NA,"rosenzweig_macarthur_2sp_forced_fixed_point"
4.343,0.282925776314176,4.48570259995584,-0.464165068853177,-0.155496044061133,-0.198371596892728,0.8,NA,"rosenzweig_macarthur_2sp_forced_fixed_point"
4.444,0.262790813268258,4.48344103223693,-0.463040291801522,-0.157792405119377,-0.200642950352879,0.8,NA,"rosenzweig_macarthur_2sp_forced_fixed_point"
4.545,0.243804048047248,4.4761311924378,-0.46066521811681,-0.161088402339234,-0.20389438101958,0.8,NA,"rosenzweig_macarthur_2sp_forced_fixed_point"
4.646,0.226032583268844,4.46395708986393,-0.456988379253023,-0.165424112381537,-0.208159879921271,0.8,NA,"rosenzweig_macarthur_2sp_forced_fixed_point"
4.747,0.209515586631501,4.44715314677871,-0.451976901861472,-0.170834587581452,-0.21346461816796,0.8,NA,"rosenzweig_macarthur_2sp_forced_fixed_point"
4.848,0.194266238189233,4.42599556762906,-0.4456214474736,-0.177344284908498,-0.219817297025191,0.8,NA,"rosenzweig_macarthur_2sp_forced_fixed_point"
4.949,0.180274631175574,4.40079282353143,-0.43794378439284,-0.184958403276345,-0.227198187024834,0.8,NA,"rosenzweig_macarthur_2sp_forced_fixed_point"
5.05,0.167511329121967,4.37187588945512,-0.429008236132229,-0.193649992578876,-0.235541269430042,0.8,NA,"rosenzweig_macarthur_2sp_forced_fixed_point"
5.151,0.15593126068264,4.33958881769012,-0.41893872103628,-0.203341234913913,-0.244708826928821,0.8,NA,"rosenzweig_macarthur_2sp_forced_fixed_point"
5.252,0.145477653685142,4.30428012168122,-0.407943989438525,-0.213876395746173,-0.25445775389383,0.8,NA,"rosenzweig_macarthur_2sp_forced_fixed_point"
5.353,0.136085761074347,4.26629530351597,-0.396355858991302,-0.224981724249811,-0.264400239795987,0.8,NA,"rosenzweig_macarthur_2sp_forced_fixed_point"
5.454,0.127686199723805,4.2259707111339,-0.384690666468515,-0.236202134382051,-0.273969457734961,0.8,NA,"rosenzweig_macarthur_2sp_forced_fixed_point"
5.555,0.120207794994026,4.1836287779468,-0.373753351359588,-0.24679527320789,-0.282414185033329,0.8,NA,"rosenzweig_macarthur_2sp_forced_fixed_point"
5.656,0.113579888892972,4.13957459099381,-0.364794041855253,-0.25557310828595,-0.28885796460044,0.8,NA,"rosenzweig_macarthur_2sp_forced_fixed_point"
5.757,0.107734121407503,4.094093659371,-0.35957562377049,-0.26083254940317,-0.292447537152228,0.8,NA,"rosenzweig_macarthur_2sp_forced_fixed_point"
5.858,0.102605730722505,4.04745071165389,-0.359804321297757,-0.260923079269129,-0.292561645978597,0.8,NA,"rosenzweig_macarthur_2sp_forced_fixed_point"
5.959,0.0981344393711203,3.99988933455409,-0.365834112642734,-0.255540593925294,-0.288983419063888,0.8,NA,"rosenzweig_macarthur_2sp_forced_fixed_point"
6.06,0.09426500241209,3.95163226846331,-0.376479490753545,-0.245912994949988,-0.281939791106553,0.8,NA,"rosenzweig_macarthur_2sp_forced_fixed_point"
6.161,0.090947493747322,3.90288219202973,-0.390234060201935,-0.233580124609152,-0.27200176547962,0.8,NA,"rosenzweig_macarthur_2sp_forced_fixed_point"
6.262,0.0881374008150965,3.8538228515572,-0.405967831771017,-0.21969528792722,-0.259921516296695,0.8,NA,"rosenzweig_macarthur_2sp_forced_fixed_point"
6.363,0.0857955887254684,3.80462041723612,-0.422905018901267,-0.205046672000727,-0.246482651518046,0.8,NA,"rosenzweig_macarthur_2sp_forced_fixed_point"
6.464,0.0838881843555706,3.75542497382994,-0.440476051164109,-0.190205050775568,-0.23239724297267,0.8,NA,"rosenzweig_macarthur_2sp_forced_fixed_point"
6.565,0.082386420245631,3.70637207649365,-0.45823602057709,-0.175605629981655,-0.218251846529395,0.8,NA,"rosenzweig_macarthur_2sp_forced_fixed_point"
6.666,0.0812664680572164,3.65758432188081,-0.475834949759634,-0.161578662189855,-0.204492243721027,0.8,NA,"rosenzweig_macarthur_2sp_forced_fixed_point"
6.767,0.0805092822402091,3.60917290026539,-0.493005845642352,-0.148362824838193,-0.191433229896837,0.8,NA,"rosenzweig_macarthur_2sp_forced_fixed_point"
6.868,0.0801004665699571,3.56123910616858,-0.509554078058237,-0.136117716037258,-0.179280769566635,0.8,NA,"rosenzweig_macarthur_2sp_forced_fixed_point"
6.969,0.0800301694480201,3.51387579332047,-0.525344669486801,-0.124938724884286,-0.168157333721236,0.8,NA,"rosenzweig_macarthur_2sp_forced_fixed_point"
7.07,0.0802930083890192,3.46716876524046,-0.540288963809656,-0.114872620624778,-0.158125208858875,0.8,NA,"rosenzweig_macarthur_2sp_forced_fixed_point"
7.171,0.0808880200304576,3.42119809591469,-0.554332563000956,-0.10593177828154,-0.149205624419559,0.8,NA,"rosenzweig_macarthur_2sp_forced_fixed_point"
7.272,0.081818629362468,3.37603937662811,-0.567445514156845,-0.098105884226923,-0.141393349197756,0.8,NA,"rosenzweig_macarthur_2sp_forced_fixed_point"
7.373,0.0830926306449162,3.33176488559102,-0.579614891481136,-0.0913708426788647,-0.134667241204529,0.8,NA,"rosenzweig_macarthur_2sp_forced_fixed_point"
7.474,0.0847221724603167,3.28844467711254,-0.5908394644832,-0.0856951099109248,-0.128997501889383,0.8,NA,"rosenzweig_macarthur_2sp_forced_fixed_point"
7.575,0.0867237401444186,3.24614758710374,-0.601125994233137,-0.0810438886413875,-0.124350384521497,0.8,NA,"rosenzweig_macarthur_2sp_forced_fixed_point"
7.676,0.0891181298737953,3.20494215185004,-0.6104867138175,-0.0773816523894249,-0.12069100752021,0.8,NA,"rosenzweig_macarthur_2sp_forced_fixed_point"
7.777,0.0919304093268915,3.16489743729839,-0.618937627553784,-0.0746734315314931,-0.117984804862637,0.8,NA,"rosenzweig_macarthur_2sp_forced_fixed_point"
7.878,0.0951898594868549,3.12608377642313,-0.626497353251101,-0.072885228284204,-0.116198035916478,0.8,NA,"rosenzweig_macarthur_2sp_forced_fixed_point"
7.979,0.0989298904292233,3.08857341233723,-0.633186310690648,-0.0719838582337279,-0.11529768259818,0.8,NA,"rosenzweig_macarthur_2sp_forced_fixed_point"
8.08,0.103187920723475,3.05244104446245,-0.63902612140861,-0.0719364494728859,-0.115250981669296,0.8,NA,"rosenzweig_macarthur_2sp_forced_fixed_point"
8.181,0.108005205560395,3.01776427409246,-0.644039130695633,-0.0727097700659572,-0.116024772260613,0.8,NA,"rosenzweig_macarthur_2sp_forced_fixed_point"
8.282,0.113426593334158,2.98462394403745,-0.6482479957591,-0.0742695022174985,-0.117584782309016,0.8,NA,"rosenzweig_macarthur_2sp_forced_fixed_point"
8.383,0.119500184767541,2.95310436484504,-0.65167530774057,-0.0765795385988096,-0.119894932408271,0.8,NA,"rosenzweig_macarthur_2sp_forced_fixed_point"
8.484,0.12627686347502,2.92329341762155,-0.65434323261315,-0.0796013438252287,-0.122916701835937,0.8,NA,"rosenzweig_macarthur_2sp_forced_fixed_point"
8.585,0.133809662865744,2.89528252112872,-0.656273168838569,-0.0832934024857174,-0.126608579190365,0.8,NA,"rosenzweig_macarthur_2sp_forced_fixed_point"
8.686,0.142152932289765,2.8691664490875,-0.6574854290084,-0.0876107640415076,-0.130925608552763,0.8,NA,"rosenzweig_macarthur_2sp_forced_fixed_point"
8.787,0.151361266167721,2.84504298300278,-0.657998958634749,-0.0925046932279495,-0.135819040142424,0.8,NA,"rosenzweig_macarthur_2sp_forced_fixed_point"
8.888,0.161488164405638,2.82301238684063,-0.65783110728807,-0.0979224405521791,-0.141236100223367,0.8,NA,"rosenzweig_macarthur_2sp_forced_fixed_point"
8.989,0.172584401579603,2.80317669298058,-0.65699746471215,-0.103807158690181,-0.147119906116506,0.8,NA,"rosenzweig_macarthur_2sp_forced_fixed_point"
9.09,0.184696096975511,2.78563879433379,-0.655511767124292,-0.110098003941895,-0.153409565438703,0.8,NA,"rosenzweig_macarthur_2sp_forced_fixed_point"
9.191,0.197862498092949,2.77050134545853,-0.653385867574817,-0.116730473405511,-0.16004051011426,0.8,NA,"rosenzweig_macarthur_2sp_forced_fixed_point"
9.292,0.212113516619622,2.75786548572327,-0.650629751812549,-0.123637033223519,-0.166945120312249,0.8,NA,"rosenzweig_macarthur_2sp_forced_fixed_point"
9.393,0.227467087239383,2.74782940951713,-0.647251572492068,-0.130748085527923,-0.174053685633385,0.8,NA,"rosenzweig_macarthur_2sp_forced_fixed_point"
9.494,0.243926453886997,2.74048682124771,-0.643257676028865,-0.137993296356458,-0.18129572537045,0.8,NA,"rosenzweig_macarthur_2sp_forced_fixed_point"
9.595,0.261477521822364,2.73592532509284,-0.638652613570902,-0.145303260960165,-0.188601643609022,0.8,NA,"rosenzweig_macarthur_2sp_forced_fixed_point"
9.696,0.28008644253729,2.73422480961527,-0.633439162265915,-0.15261141867849,-0.195904630401091,0.8,NA,"rosenzweig_macarthur_2sp_forced_fixed_point"
9.797,0.299697616577939,2.73545589376964,-0.627618430242867,-0.159856056306671,-0.203142646602015,0.8,NA,"rosenzweig_macarthur_2sp_forced_fixed_point"
9.898,0.32023230141485,2.73967850208425,-0.621190165305972,-0.166982173649492,-0.210260264239839,0.8,NA,"rosenzweig_macarthur_2sp_forced_fixed_point"
9.999,0.34158799322972,2.74694063193758,-0.614153414324714,-0.17394294923068,-0.217210098002034,0.8,NA,"rosenzweig_macarthur_2sp_forced_fixed_point"
0,0.3418031,2.747028,-0.503066187416206,-0.223186599092719,-0.261335506921125,0.9,NA,"rosenzweig_macarthur_2sp_forced_fixed_point"
0.101,0.36385999041858,2.75739529968304,-0.492642741148718,-0.231141574222632,-0.269150245286873,0.9,NA,"rosenzweig_macarthur_2sp_forced_fixed_point"
0.202,0.386462131386,2.77085880005052,-0.482104345454539,-0.238763907671646,-0.276580640846825,0.9,NA,"rosenzweig_macarthur_2sp_forced_fixed_point"
0.303,0.409441127901734,2.78742577308851,-0.471544255545351,-0.245987031436224,-0.283545128446031,0.9,NA,"rosenzweig_macarthur_2sp_forced_fixed_point"
0.404,0.432611700651092,2.80708931534678,-0.461055577958118,-0.252753208374325,-0.28996925872547,0.9,NA,"rosenzweig_macarthur_2sp_forced_fixed_point"
0.505,0.455775487616411,2.8298284727499,-0.450726354298284,-0.259017945511206,-0.295791174971016,0.9,NA,"rosenzweig_macarthur_2sp_forced_fixed_point"
0.606,0.478725326504175,2.85560857145256,-0.440634410267423,-0.26475432616371,-0.300967316115262,0.9,NA,"rosenzweig_macarthur_2sp_forced_fixed_point"
0.707,0.501249760152813,2.88438169332218,-0.430843168397792,-0.269956073554417,-0.305476834862204,0.9,NA,"rosenzweig_macarthur_2sp_forced_fixed_point"
0.808,0.523137503424224,2.91608722788031,-0.42139982935604,-0.274637976808604,-0.30932304111525,0.9,NA,"rosenzweig_macarthur_2sp_forced_fixed_point"
0.909,0.544181635122028,2.95065243219496,-0.412337158593105,-0.278832501414906,-0.312530676776832,0.9,NA,"rosenzweig_macarthur_2sp_forced_fixed_point"
1.01,0.564183326562759,2.98799293557824,-0.403679651702634,-0.282581888270848,-0.315138910011851,0.9,NA,"rosenzweig_macarthur_2sp_forced_fixed_point"
1.111,0.582954980705262,3.02801313571124,-0.395454367758954,-0.285925541308112,-0.317191165936588,0.9,NA,"rosenzweig_macarthur_2sp_forced_fixed_point"
1.212,0.600322722259086,3.07060644540892,-0.387706509965335,-0.288882717078274,-0.31872376805462,0.9,NA,"rosenzweig_macarthur_2sp_forced_fixed_point"
1.313,0.616128240893455,3.11565536309132,-0.380519863375207,-0.291430493933157,-0.319755589334199,0.9,NA,"rosenzweig_macarthur_2sp_forced_fixed_point"
1.414,0.630230039877166,3.16303135382755,-0.374041480302602,-0.293477704209063,-0.320280611357787,0.9,NA,"rosenzweig_macarthur_2sp_forced_fixed_point"
1.515,0.642504177561934,3.21259454063079,-0.368505513356967,-0.294839983802472,-0.320264768219501,0.9,NA,"rosenzweig_macarthur_2sp_forced_fixed_point"
1.616,0.652844608385667,3.26419321698822,-0.364237852073777,-0.295234313942528,-0.319647937362512,0.9,NA,"rosenzweig_macarthur_2sp_forced_fixed_point"
1.717,0.66116323512275,3.31766320126857,-0.361604775306792,-0.294329849247792,-0.31835142798485,0.9,NA,"rosenzweig_macarthur_2sp_forced_fixed_point"
1.818,0.667389777950694,3.37282706182011,-0.360884915059948,-0.291875719942647,-0.316290610912882,0.9,NA,"rosenzweig_macarthur_2sp_forced_fixed_point"
1.919,0.671471552058915,3.42949324860503,-0.362137230341113,-0.287833074649208,-0.313391251682236,0.9,NA,"rosenzweig_macarthur_2sp_forced_fixed_point"
2.02,0.673373227341013,3.48745517356358,-0.36519171504462,-0.282384591875286,-0.309606775423995,0.9,NA,"rosenzweig_macarthur_2sp_forced_fixed_point"
2.121,0.673076623917207,3.54649028802742,-0.369759135399443,-0.27582511023268,-0.304932691917922,0.9,NA,"rosenzweig_macarthur_2sp_forced_fixed_point"
2.222,0.670580577754847,3.60635921181734,-0.375539879117407,-0.268453240350271,-0.299414543464048,0.9,NA,"rosenzweig_macarthur_2sp_forced_fixed_point"
2.323,0.665900892614996,3.66680497546967,-0.382270982713705,-0.260524841826327,-0.293147383367355,0.9,NA,"rosenzweig_macarthur_2sp_forced_fixed_point"
2.424,0.659070378392923,3.7275524444859,-0.389729508590494,-0.252250152070409,-0.286267378632918,0.9,NA,"rosenzweig_macarthur_2sp_forced_fixed_point"
2.525,0.65013896157927,3.78830800254128,-0.397721731062981,-0.243805077432961,-0.278938386213853,0.9,NA,"rosenzweig_macarthur_2sp_forced_fixed_point"
2.626,0.63917384067902,3.84875957891413,-0.406072567722031,-0.235342192172922,-0.271337228204666,0.9,NA,"rosenzweig_macarthur_2sp_forced_fixed_point"
2.727,0.626259647501124,3.90857711339371,-0.414618897372766,-0.226997798533153,-0.263640772130418,0.9,NA,"rosenzweig_macarthur_2sp_forced_fixed_point"
2.828,0.611498563840086,3.96741355859257,-0.423206308602718,-0.218895510398522,-0.256016499360524,0.9,NA,"rosenzweig_macarthur_2sp_forced_fixed_point"
2.929,0.595010331993989,4.02490652348868,-0.431687944243342,-0.211147712778832,-0.248616853377779,0.9,NA,"rosenzweig_macarthur_2sp_forced_fixed_point"
3.03,0.57693208695047,4.08068066122132,-0.439924307273643,-0.203856058661737,-0.241576773609566,0.9,NA,"rosenzweig_macarthur_2sp_forced_fixed_point"
3.131,0.557417928583906,4.13435089624414,-0.447783326696628,-0.197111739668394,-0.235013487516074,0.9,NA,"rosenzweig_macarthur_2sp_forced_fixed_point"
3.232,0.536638145137324,4.18552656809799,-0.455140362110699,-0.190995892464416,-0.229027673979307,0.9,NA,"rosenzweig_macarthur_2sp_forced_fixed_point"
3.333,0.514777996602733,4.2338165383697,-0.461878078907857,-0.185580252566932,-0.223705317050198,0.9,NA,"rosenzweig_macarthur_2sp_forced_fixed_point"
3.434,0.4920359710024,4.27883526124813,-0.467886259516398,-0.180928032871735,-0.219119798674105,0.9,NA,"rosenzweig_macarthur_2sp_forced_fixed_point"
3.535,0.468621441054943,4.32020975491424,-0.47306166483088,-0.177094949807513,-0.215333964219383,0.9,NA,"rosenzweig_macarthur_2sp_forced_fixed_point"
3.636,0.444751676222075,4.35758733123675,-0.477308060780934,-0.174130307483152,-0.212402016798777,0.9,NA,"rosenzweig_macarthur_2sp_forced_fixed_point"
3.737,0.420648207685223,4.39064384837277,-0.480536505976474,-0.172078050524944,-0.210371160058076,0.9,NA,"rosenzweig_macarthur_2sp_forced_fixed_point"
3.838,0.396532601401633,4.41909215236295,-0.482665975488901,-0.170977691347099,-0.209282925553114,0.9,NA,"rosenzweig_macarthur_2sp_forced_fixed_point"
3.939,0.372621763907287,4.44269028151122,-0.483624383931692,-0.170864997546311,-0.209174100039561,0.9,NA,"rosenzweig_macarthur_2sp_forced_fixed_point"
4.04,0.349122979906881,4.46124893684091,-0.483350075894844,-0.17177228484285,-0.21007711575836,0.9,NA,"rosenzweig_macarthur_2sp_forced_fixed_point"
4.141,0.32622894896623,4.4746376905059,-0.481793881793853,-0.173728096673324,-0.212019683682566,0.9,NA,"rosenzweig_macarthur_2sp_forced_fixed_point"
4.242,0.304113137289951,4.4827894271476,-0.478921903965984,-0.176755957477432,-0.215023330074321,0.9,NA,"rosenzweig_macarthur_2sp_forced_fixed_point"
4.343,0.282925776314176,4.48570259995584,-0.474719318962021,-0.180871751794172,-0.219100327062506,0.9,NA,"rosenzweig_macarthur_2sp_forced_fixed_point"
4.444,0.262790813268258,4.48344103223693,-0.469195684620121,-0.186079083822041,-0.224248264802892,0.9,NA,"rosenzweig_macarthur_2sp_forced_fixed_point"
4.545,0.243804048047248,4.4761311924378,-0.462392568264559,-0.192361671462621,-0.23044116331915,0.9,NA,"rosenzweig_macarthur_2sp_forced_fixed_point"
4.646,0.226032583268844,4.46395708986393,-0.454394837721418,-0.199671351776776,-0.23761553885159,0.9,NA,"rosenzweig_macarthur_2sp_forced_fixed_point"
4.747,0.209515586631501,4.44715314677871,-0.445347797358197,-0.207909498784898,-0.245649263712408,0.9,NA,"rosenzweig_macarthur_2sp_forced_fixed_point"
4.848,0.194266238189233,4.42599556762906,-0.435483656482516,-0.21689842201466,-0.254330706114752,0.9,NA,"rosenzweig_macarthur_2sp_forced_fixed_point"
4.949,0.180274631175574,4.40079282353143,-0.425162541580272,-0.226337660901529,-0.263316642762186,0.9,NA,"rosenzweig_macarthur_2sp_forced_fixed_point"
5.05,0.167511329121967,4.37187588945512,-0.414933950160077,-0.235739463370159,-0.272082822412923,0.9,NA,"rosenzweig_macarthur_2sp_forced_fixed_point"
5.151,0.15593126068264,4.33958881769012,-0.405616696474838,-0.244345624845893,-0.279886422890645,0.9,NA,"rosenzweig_macarthur_2sp_forced_fixed_point"
5.252,0.145477653685142,4.30428012168122,-0.3983548749865,-0.251068404720493,-0.285788203589482,0.9,NA,"rosenzweig_macarthur_2sp_forced_fixed_point"
5.353,0.136085761074347,4.26629530351597,-0.394503459313401,-0.254602135888707,-0.288803707611964,0.9,NA,"rosenzweig_macarthur_2sp_forced_fixed_point"
5.454,0.127686199723805,4.2259707111339,-0.395148017250852,-0.253901245983657,-0.288202058379317,0.9,NA,"rosenzweig_macarthur_2sp_forced_fixed_point"
5.555,0.120207794994026,4.1836287779468,-0.400468599937077,-0.248814777067416,-0.283812129316922,0.9,NA,"rosenzweig_macarthur_2sp_forced_fixed_point"
5.656,0.113579888892972,4.13957459099381,-0.409670111025118,-0.240155175198836,-0.276095888222203,0.9,NA,"rosenzweig_macarthur_2sp_forced_fixed_point"
5.757,0.107734121407503,4.094093659371,-0.42155162200948,-0.229128889390586,-0.265923945472108,0.9,NA,"rosenzweig_macarthur_2sp_forced_fixed_point"
5.858,0.102605730722505,4.04745071165389,-0.435017802978759,-0.216825550325557,-0.254250270926758,0.9,NA,"rosenzweig_macarthur_2sp_forced_fixed_point"
5.959,0.0981344393711203,3.99988933455409,-0.449244812600211,-0.204053272700465,-0.24189252920559,0.9,NA,"rosenzweig_macarthur_2sp_forced_fixed_point"
6.06,0.09426500241209,3.95163226846331,-0.463657909677356,-0.191362674090828,-0.229459223776448,0.9,NA,"rosenzweig_macarthur_2sp_forced_fixed_point"
6.161,0.090947493747322,3.90288219202973,-0.477867791392335,-0.179112449015967,-0.217364610309928,0.9,NA,"rosenzweig_macarthur_2sp_forced_fixed_point"
6.262,0.0881374008150965,3.8538228515572,-0.491615310668886,-0.167526696603466,-0.205872470161231,0.9,NA,"rosenzweig_macarthur_2sp_forced_fixed_point"
6.363,0.0857955887254684,3.80462041723612,-0.504731477723417,-0.156736967753728,-0.195139478103153,0.9,NA,"rosenzweig_macarthur_2sp_forced_fixed_point"
6.464,0.0838881843555706,3.75542497382994,-0.517109689571166,-0.14681198558283,-0.185249412932913,0.9,NA,"rosenzweig_macarthur_2sp_forced_fixed_point"
6.565,0.082386420245631,3.70637207649365,-0.528686542660413,-0.137778608330251,-0.176237954461752,0.9,NA,"rosenzweig_macarthur_2sp_forced_fixed_point"
6.666,0.0812664680572164,3.65758432188081,-0.539428545731532,-0.129636664512448,-0.168110077568969,0.9,NA,"rosenzweig_macarthur_2sp_forced_fixed_point"
6.767,0.0805092822402091,3.60917290026539,-0.549322897287243,-0.122369458777255,-0.160852108208599,0.9,NA,"rosenzweig_macarthur_2sp_forced_fixed_point"
6.868,0.0801004665699571,3.56123910616858,-0.558371067265229,-0.115951181129856,-0.154440032686097,0.9,NA,"rosenzweig_macarthur_2sp_forced_fixed_point"
6.969,0.0800301694480201,3.51387579332047,-0.566584305126326,-0.110352074287309,-0.14884517922204,0.9,NA,"rosenzweig_macarthur_2sp_forced_fixed_point"
7.07,0.0802930083890192,3.46716876524046,-0.573980458227913,-0.105541955199244,-0.144038032727069,0.9,NA,"rosenzweig_macarthur_2sp_forced_fixed_point"
7.171,0.0808880200304576,3.42119809591469,-0.580581668152041,-0.101492507368768,-0.139990695470892,0.9,NA,"rosenzweig_macarthur_2sp_forced_fixed_point"
7.272,0.081818629362468,3.37603937662811,-0.586412644030515,-0.0981786378002403,-0.136678341787826,0.9,NA,"rosenzweig_macarthur_2sp_forced_fixed_point"
7.373,0.0830926306449162,3.33176488559102,-0.591499307009108,-0.0955791115392205,-0.134079910190667,0.9,NA,"rosenzweig_macarthur_2sp_forced_fixed_point"
7.474,0.0847221724603167,3.28844467711254,-0.59586766982233,-0.093676626717304,-0.132178212839352,0.9,NA,"rosenzweig_macarthur_2sp_forced_fixed_point"
7.575,0.0867237401444186,3.24614758710374,-0.599542867694612,-0.0924574642432718,-0.130959606113829,0.9,NA,"rosenzweig_macarthur_2sp_forced_fixed_point"
7.676,0.0891181298737953,3.20494215185004,-0.602548296691062,-0.0919108303441604,-0.130413345968904,0.9,NA,"rosenzweig_macarthur_2sp_forced_fixed_point"
7.777,0.0919304093268915,3.16489743729839,-0.60490484653039,-0.0920279998722891,-0.130530739139519,0.9,NA,"rosenzweig_macarthur_2sp_forced_fixed_point"
7.878,0.0951898594868549,3.12608377642313,-0.606630238516418,-0.0928013582168631,-0.131304189864906,0.9,NA,"rosenzweig_macarthur_2sp_forced_fixed_point"
7.979,0.0989298904292233,3.08857341233723,-0.607738496226309,-0.0942234265132477,-0.132726227885326,0.9,NA,"rosenzweig_macarthur_2sp_forced_fixed_point"
8.08,0.103187920723475,3.05244104446245,-0.608239586713221,-0.096285937611665,-0.134788585771691,0.9,NA,"rosenzweig_macarthur_2sp_forced_fixed_point"
8.181,0.108005205560395,3.01776427409246,-0.608139272729685,-0.0989790098651598,-0.137481372952788,0.9,NA,"rosenzweig_macarthur_2sp_forced_fixed_point"
8.282,0.113426593334158,2.98462394403745,-0.607439211565349,-0.10229044440123,-0.140792372203365,0.9,NA,"rosenzweig_macarthur_2sp_forced_fixed_point"
8.383,0.119500184767541,2.95310436484504,-0.606137323935426,-0.106205151780008,-0.144706464425878,0.9,NA,"rosenzweig_macarthur_2sp_forced_fixed_point"
8.484,0.12627686347502,2.92329341762155,-0.604228438393183,-0.11070469817489,-0.149205171623987,0.9,NA,"rosenzweig_macarthur_2sp_forced_fixed_point"
8.585,0.133809662865744,2.89528252112872,-0.601705195440239,-0.115766951060943,-0.154266297618193,0.9,NA,"rosenzweig_macarthur_2sp_forced_fixed_point"
8.686,0.142152932289765,2.8691664490875,-0.598559174022822,-0.121365800555855,-0.159863641955302,0.9,NA,"rosenzweig_macarthur_2sp_forced_fixed_point"
8.787,0.151361266167721,2.84504298300278,-0.594782184633858,-0.127470934815488,-0.165966764364377,0.9,NA,"rosenzweig_macarthur_2sp_forced_fixed_point"
8.888,0.161488164405638,2.82301238684063,-0.590367660364348,-0.134047655244574,-0.172540783969719,0.9,NA,"rosenzweig_macarthur_2sp_forced_fixed_point"
8.989,0.172584401579603,2.80317669298058,-0.585312071437524,-0.141056728078148,-0.179546207565453,0.9,NA,"rosenzweig_macarthur_2sp_forced_fixed_point"
9.09,0.184696096975511,2.78563879433379,-0.579616290324308,-0.14845428086586,-0.186938792268501,0.9,NA,"rosenzweig_macarthur_2sp_forced_fixed_point"
9.191,0.197862498092949,2.77050134545853,-0.573286842941836,-0.156191762795483,-0.19466945698552,0.9,NA,"rosenzweig_macarthur_2sp_forced_fixed_point"
9.292,0.212113516619622,2.75786548572327,-0.566336995745492,-0.164215993633484,-0.20268426134334,0.9,NA,"rosenzweig_macarthur_2sp_forced_fixed_point"
9.393,0.227467087239383,2.74782940951713,-0.55878764755925,-0.172469324764578,-0.210924467545656,0.9,NA,"rosenzweig_macarthur_2sp_forced_fixed_point"
9.494,0.243926453886997,2.74048682124771,-0.550668016777906,-0.180889926444566,-0.21932668939565,0.9,NA,"rosenzweig_macarthur_2sp_forced_fixed_point"
9.595,0.261477521822364,2.73592532509284,-0.542016135045468,-0.189412200369133,-0.227823116609872,0.9,NA,"rosenzweig_macarthur_2sp_forced_fixed_point"
9.696,0.28008644253729,2.73422480961527,-0.532879170015157,-0.197967303402628,-0.236341790359081,0.9,NA,"rosenzweig_macarthur_2sp_forced_fixed_point"
9.797,0.299697616577939,2.73545589376964,-0.523313590860732,-0.206483769282134,-0.244806912598469,0.9,NA,"rosenzweig_macarthur_2sp_forced_fixed_point"
9.898,0.32023230141485,2.73967850208425,-0.513385148587453,-0.2148882445691,-0.253139214892118,0.9,NA,"rosenzweig_macarthur_2sp_forced_fixed_point"
9.999,0.34158799322972,2.74694063193758,-0.503168563669402,-0.223106420914655,-0.261256503565459,0.9,NA,"rosenzweig_macarthur_2sp_forced_fixed_point"
0,0.3418031,2.747028,-0.401506674714026,-0.275577919754961,-0.306360644190561,1,NA,"rosenzweig_macarthur_2sp_forced_fixed_point"
0.101,0.36385999041858,2.75739529968304,-0.395890332654565,-0.281198401375147,-0.311050336306079,1,NA,"rosenzweig_macarthur_2sp_forced_fixed_point"
0.202,0.386462131386,2.77085880005052,-0.3908032531293,-0.286289855363653,-0.315117920751966,1,NA,"rosenzweig_macarthur_2sp_forced_fixed_point"
0.303,0.409441127901734,2.78742577308851,-0.38621990040773,-0.290877754734924,-0.318610159630722,1,NA,"rosenzweig_macarthur_2sp_forced_fixed_point"
0.404,0.432611700651092,2.80708931534678,-0.38211733826881,-0.294984969271127,-0.321576523276275,1,NA,"rosenzweig_macarthur_2sp_forced_fixed_point"
0.505,0.455775487616411,2.8298284727499,-0.378480427111206,-0.298626570464574,-0.324064313181755,1,NA,"rosenzweig_macarthur_2sp_forced_fixed_point"
0.606,0.478725326504175,2.85560857145256,-0.37530339534337,-0.30180826224393,-0.326117032084801,1,NA,"rosenzweig_macarthur_2sp_forced_fixed_point"
0.707,0.501249760152813,2.88438169332218,-0.372587479092199,-0.30452874329996,-0.327775191637914,1,NA,"rosenzweig_macarthur_2sp_forced_fixed_point"
0.808,0.523137503424224,2.91608722788031,-0.370335299472918,-0.306785331635853,-0.32907816362725,1,NA,"rosenzweig_macarthur_2sp_forced_fixed_point"
0.909,0.544181635122028,2.95065243219496,-0.368543948662105,-0.308580879996955,-0.330065564542656,1,NA,"rosenzweig_macarthur_2sp_forced_fixed_point"
1.01,0.564183326562759,2.98799293557824,-0.36720004712409,-0.309928719765426,-0.330776960772742,1,NA,"rosenzweig_macarthur_2sp_forced_fixed_point"
1.111,0.582954980705262,3.02801313571124,-0.366280384025679,-0.310852021262951,-0.331249249984284,1,NA,"rosenzweig_macarthur_2sp_forced_fixed_point"
1.212,0.600322722259086,3.07060644540892,-0.365760215956953,-0.311375495360733,-0.331511717540666,1,NA,"rosenzweig_macarthur_2sp_forced_fixed_point"
1.313,0.616128240893455,3.11565536309132,-0.365628070019939,-0.311510590383011,-0.331579319004681,1,NA,"rosenzweig_macarthur_2sp_forced_fixed_point"
1.414,0.630230039877166,3.16303135382755,-0.365902481190965,-0.311238754466576,-0.331445154271489,1,NA,"rosenzweig_macarthur_2sp_forced_fixed_point"
1.515,0.642504177561934,3.21259454063079,-0.366643897439239,-0.310499529971345,-0.33107347258422,1,NA,"rosenzweig_macarthur_2sp_forced_fixed_point"
1.616,0.652844608385667,3.26419321698822,-0.367954583187869,-0.309190649432912,-0.330395036396013,1,NA,"rosenzweig_macarthur_2sp_forced_fixed_point"
1.717,0.66116323512275,3.31766320126857,-0.369961801199419,-0.307184853044362,-0.329307301761779,1,NA,"rosenzweig_macarthur_2sp_forced_fixed_point"
1.818,0.667389777950694,3.37282706182011,-0.372786385744487,-0.304361314865642,-0.327682296029431,1,NA,"rosenzweig_macarthur_2sp_forced_fixed_point"
1.919,0.671471552058915,3.42949324860503,-0.376507692848619,-0.300640692007272,-0.325384433211918,1,NA,"rosenzweig_macarthur_2sp_forced_fixed_point"
2.02,0.673373227341013,3.48745517356358,-0.381138914614901,-0.296009809817927,-0.322297787826816,1,NA,"rosenzweig_macarthur_2sp_forced_fixed_point"
2.121,0.673076623917207,3.54649028802742,-0.386619807079687,-0.290528933631197,-0.318357547003481,1,NA,"rosenzweig_macarthur_2sp_forced_fixed_point"
2.222,0.670580577754847,3.60635921181734,-0.392824154897506,-0.284324303775381,-0.313575819073306,1,NA,"rosenzweig_macarthur_2sp_forced_fixed_point"
2.323,0.665900892614996,3.66680497546967,-0.399575294105396,-0.277572612585241,-0.308051707862344,1,NA,"rosenzweig_macarthur_2sp_forced_fixed_point"
2.424,0.659070378392923,3.7275524444859,-0.406664400100176,-0.270482716261776,-0.301961493476982,1,NA,"rosenzweig_macarthur_2sp_forced_fixed_point"
2.525,0.65013896157927,3.78830800254128,-0.413868411389326,-0.263277710990733,-0.295533559849233,1,NA,"rosenzweig_macarthur_2sp_forced_fixed_point"
2.626,0.63917384067902,3.84875957891413,-0.420965486429614,-0.256179475969982,-0.289018244461983,1,NA,"rosenzweig_macarthur_2sp_forced_fixed_point"
2.727,0.626259647501124,3.90857711339371,-0.427746484273709,-0.249397192583181,-0.282662080228288,1,NA,"rosenzweig_macarthur_2sp_forced_fixed_point"
2.828,0.611498563840086,3.96741355859257,-0.434021831660711,-0.243120477036057,-0.276691175138758,1,NA,"rosenzweig_macarthur_2sp_forced_fixed_point"
2.929,0.595010331993989,4.02490652348868,-0.439624151111169,-0.237516751843136,-0.271303744698026,1,NA,"rosenzweig_macarthur_2sp_forced_fixed_point"
3.03,0.57693208695047,4.08068066122132,-0.444407737696475,-0.23273176844201,-0.26666927110495,1,NA,"rosenzweig_macarthur_2sp_forced_fixed_point"
3.131,0.557417928583906,4.13435089624414,-0.448246195991351,-0.22889196937646,-0.262931316778062,1,NA,"rosenzweig_macarthur_2sp_forced_fixed_point"
3.232,0.536638145137324,4.18552656809799,-0.451029401409803,-0.226107525807465,-0.260211638581208,1,NA,"rosenzweig_macarthur_2sp_forced_fixed_point"
3.333,0.514777996602733,4.2338165383697,-0.452660662990944,-0.224475173262947,-0.258614063764618,1,NA,"rosenzweig_macarthur_2sp_forced_fixed_point"
3.434,0.4920359710024,4.27883526124813,-0.453054722857242,-0.224080210409911,-0.25822717707439,1,NA,"rosenzweig_macarthur_2sp_forced_fixed_point"
3.535,0.468621441054943,4.32020975491424,-0.452137129103568,-0.224997124137431,-0.259125117275725,1,NA,"rosenzweig_macarthur_2sp_forced_fixed_point"
3.636,0.444751676222075,4.35758733123675,-0.449845602738232,-0.227288220427566,-0.261365696545074,1,NA,"rosenzweig_macarthur_2sp_forced_fixed_point"
3.737,0.420648207685223,4.39064384837277,-0.44613429960893,-0.230999360237491,-0.264984656764125,1,NA,"rosenzweig_macarthur_2sp_forced_fixed_point"
3.838,0.396532601401633,4.41909215236295,-0.440982337662583,-0.236151430255944,-0.269984185699124,1,NA,"rosenzweig_macarthur_2sp_forced_fixed_point"
3.939,0.372621763907287,4.44269028151122,-0.434408531077577,-0.242725607249047,-0.276312980252181,1,NA,"rosenzweig_macarthur_2sp_forced_fixed_point"
4.04,0.349122979906881,4.46124893684091,-0.426494611470034,-0.250640136059369,-0.283834814120437,1,NA,"rosenzweig_macarthur_2sp_forced_fixed_point"
4.141,0.32622894896623,4.4746376905059,-0.417418435016259,-0.259717122650549,-0.292284768450291,1,NA,"rosenzweig_macarthur_2sp_forced_fixed_point"
4.242,0.304113137289951,4.4827894271476,-0.40749507078729,-0.269641447054265,-0.301221604220533,1,NA,"rosenzweig_macarthur_2sp_forced_fixed_point"
4.343,0.282925776314176,4.48570259995584,-0.397215297417918,-0.279922269121526,-0.310007001865351,1,NA,"rosenzweig_macarthur_2sp_forced_fixed_point"
4.444,0.262790813268258,4.48344103223693,-0.38725806480932,-0.289880570246109,-0.317871600682636,1,NA,"rosenzweig_macarthur_2sp_forced_fixed_point"
4.545,0.243804048047248,4.4761311924378,-0.378439497451885,-0.298700154184467,-0.324118595561354,1,NA,"rosenzweig_macarthur_2sp_forced_fixed_point"
4.646,0.226032583268844,4.46395708986393,-0.371548473388798,-0.305592072542664,-0.328402302664512,1,NA,"rosenzweig_macarthur_2sp_forced_fixed_point"
4.747,0.209515586631501,4.44715314677871,-0.367038512781013,-0.310102740507065,-0.330869797148012,1,NA,"rosenzweig_macarthur_2sp_forced_fixed_point"
4.848,0.194266238189233,4.42599556762906,-0.364751409806963,-0.312390308649053,-0.332008700565667,1,NA,"rosenzweig_macarthur_2sp_forced_fixed_point"
4.949,0.180274631175574,4.40079282353143,-0.364133763312783,-0.313008135050938,-0.332302655275309,1,NA,"rosenzweig_macarthur_2sp_forced_fixed_point"
5.05,0.167511329121967,4.37187588945512,-0.364944687397615,-0.312197076378962,-0.331915580776611,1,NA,"rosenzweig_macarthur_2sp_forced_fixed_point"
5.151,0.15593126068264,4.33958881769012,-0.367693298931273,-0.309448000877046,-0.330529554822449,1,NA,"rosenzweig_macarthur_2sp_forced_fixed_point"
5.252,0.145477653685142,4.30428012168122,-0.373261408853173,-0.303879096543459,-0.327392789548093,1,NA,"rosenzweig_macarthur_2sp_forced_fixed_point"
5.353,0.136085761074347,4.26629530351597,-0.382064739732294,-0.29507465221874,-0.321644983875007,1,NA,"rosenzweig_macarthur_2sp_forced_fixed_point"
5.454,0.127686199723805,4.2259707111339,-0.393724257171253,-0.283413724254963,-0.312847806653112,1,NA,"rosenzweig_macarthur_2sp_forced_fixed_point"
5.555,0.120207794994026,4.1836287779468,-0.407369253037769,-0.269767051034735,-0.301332165693026,1,NA,"rosenzweig_macarthur_2sp_forced_fixed_point"
5.656,0.113579888892972,4.13957459099381,-0.422019585781268,-0.255114810298538,-0.28802773139886,1,NA,"rosenzweig_macarthur_2sp_forced_fixed_point"
5.757,0.107734121407503,4.094093659371,-0.436826573052144,-0.240305724226083,-0.273990823548034,1,NA,"rosenzweig_macarthur_2sp_forced_fixed_point"
5.858,0.102605730722505,4.04745071165389,-0.45117529449228,-0.225954754510228,-0.260062144078414,1,NA,"rosenzweig_macarthur_2sp_forced_fixed_point"
5.959,0.0981344393711203,3.99988933455409,-0.464684140057318,-0.212443552120674,-0.246779810762613,1,NA,"rosenzweig_macarthur_2sp_forced_fixed_point"
6.06,0.09426500241209,3.95163226846331,-0.477152895785014,-0.199972369864712,-0.234434491784464,1,NA,"rosenzweig_macarthur_2sp_forced_fixed_point"
6.161,0.090947493747322,3.90288219202973,-0.48850236049818,-0.188620444256712,-0.223153726706993,1,NA,"rosenzweig_macarthur_2sp_forced_fixed_point"
6.262,0.0881374008150965,3.8538228515572,-0.498725845945766,-0.178394494185716,-0.212969392125422,1,NA,"rosenzweig_macarthur_2sp_forced_fixed_point"
6.363,0.0857955887254684,3.80462041723612,-0.507856242144628,-0.169261654615667,-0.203861770146791,1,NA,"rosenzweig_macarthur_2sp_forced_fixed_point"
6.464,0.0838881843555706,3.75542497382994,-0.515945597745958,-0.161169895503352,-0.195785830964134,1,NA,"rosenzweig_macarthur_2sp_forced_fixed_point"
6.565,0.082386420245631,3.70637207649365,-0.523053113444009,-0.154060027940836,-0.188686212332948,1,NA,"rosenzweig_macarthur_2sp_forced_fixed_point"
6.666,0.0812664680572164,3.65758432188081,-0.529238316390397,-0.147872529597484,-0.182505546239381,1,NA,"rosenzweig_macarthur_2sp_forced_fixed_point"
6.767,0.0805092822402091,3.60917290026539,-0.53455728184876,-0.142551323272649,-0.177189005066624,1,NA,"rosenzweig_macarthur_2sp_forced_fixed_point"
6.868,0.0801004665699571,3.56123910616858,-0.539060609666943,-0.138045801024045,-0.172686726620432,1,NA,"rosenzweig_macarthur_2sp_forced_fixed_point"
6.969,0.0800301694480201,3.51387579332047,-0.542792413036804,-0.134311836425756,-0.168955041058353,1,NA,"rosenzweig_macarthur_2sp_forced_fixed_point"
7.07,0.0802930083890192,3.46716876524046,-0.545789910916959,-0.131312193570935,-0.165956997857627,1,NA,"rosenzweig_macarthur_2sp_forced_fixed_point"
7.171,0.0808880200304576,3.42119809591469,-0.54808340911082,-0.129016547770962,-0.1636624529421,1,NA,"rosenzweig_macarthur_2sp_forced_fixed_point"
7.272,0.081818629362468,3.37603937662811,-0.549696561868625,-0.127401225974498,-0.162047847267342,1,NA,"rosenzweig_macarthur_2sp_forced_fixed_point"
7.373,0.0830926306449162,3.33176488559102,-0.550646860060883,-0.126448720703751,-0.161095742913309,1,NA,"rosenzweig_macarthur_2sp_forced_fixed_point"
7.474,0.0847221724603167,3.28844467711254,-0.550946314727461,-0.126147008517595,-0.160794154253425,1,NA,"rosenzweig_macarthur_2sp_forced_fixed_point"
7.575,0.0867237401444186,3.24614758710374,-0.550602309974954,-0.12648869883812,-0.161135703559651,1,NA,"rosenzweig_macarthur_2sp_forced_fixed_point"
7.676,0.0891181298737953,3.20494215185004,-0.549618596345343,-0.127470041852913,-0.162116631580847,1,NA,"rosenzweig_macarthur_2sp_forced_fixed_point"
7.777,0.0919304093268915,3.16489743729839,-0.54799639172236,-0.129089828315884,-0.163735696711731,1,NA,"rosenzweig_macarthur_2sp_forced_fixed_point"
7.878,0.0951898594868549,3.12608377642313,-0.545735556123999,-0.131348214859027,-0.165992996435088,1,NA,"rosenzweig_macarthur_2sp_forced_fixed_point"
7.979,0.0989298904292233,3.08857341233723,-0.542835811700811,-0.134245503531167,-0.168888739188997,1,NA,"rosenzweig_macarthur_2sp_forced_fixed_point"
8.08,0.103187920723475,3.05244104446245,-0.539297990143153,-0.137780893458869,-0.172421983288419,1,NA,"rosenzweig_macarthur_2sp_forced_fixed_point"
8.181,0.108005205560395,3.01776427409246,-0.535125304852689,-0.141951207412922,-0.176589343505867,1,NA,"rosenzweig_macarthur_2sp_forced_fixed_point"
8.282,0.113426593334158,2.98462394403745,-0.530324661567587,-0.14674957974227,-0.181383648312605,1,NA,"rosenzweig_macarthur_2sp_forced_fixed_point"
8.383,0.119500184767541,2.95310436484504,-0.52490803454367,-0.152164078712184,-0.186792515526721,1,NA,"rosenzweig_macarthur_2sp_forced_fixed_point"
8.484,0.12627686347502,2.92329341762155,-0.518893940991735,-0.158176230654684,-0.192796805930988,1,NA,"rosenzweig_macarthur_2sp_forced_fixed_point"
8.585,0.133809662865744,2.89528252112872,-0.512309038529628,-0.164759421241267,-0.199368918967217,1,NA,"rosenzweig_macarthur_2sp_forced_fixed_point"
8.686,0.142152932289765,2.8691664490875,-0.505189842219936,-0.171877177335024,-0.206470918853197,1,NA,"rosenzweig_macarthur_2sp_forced_fixed_point"
8.787,0.151361266167721,2.84504298300278,-0.497584501928418,-0.179481388681023,-0.214052531884725,1,NA,"rosenzweig_macarthur_2sp_forced_fixed_point"
8.888,0.161488164405638,2.82301238684063,-0.489554490893197,-0.187510618514268,-0.222049145358229,1,NA,"rosenzweig_macarthur_2sp_forced_fixed_point"
8.989,0.172584401579603,2.80317669298058,-0.481175931896494,-0.195888776649671,-0.230380071541119,1,NA,"rosenzweig_macarthur_2sp_forced_fixed_point"
9.09,0.184696096975511,2.78563879433379,-0.472540142246013,-0.204524573801104,-0.238947511093457,1,NA,"rosenzweig_macarthur_2sp_forced_fixed_point"
9.191,0.197862498092949,2.77050134545853,-0.463752853699695,-0.213312300957565,-0.247636828249248,1,NA,"rosenzweig_macarthur_2sp_forced_fixed_point"
9.292,0.212113516619622,2.75786548572327,-0.454931534921518,-0.22213450620616,-0.256318861188911,1,NA,"rosenzweig_macarthur_2sp_forced_fixed_point"
9.393,0.227467087239383,2.74782940951713,-0.446200413837797,-0.230866971631176,-0.264854913248693,1,NA,"rosenzweig_macarthur_2sp_forced_fixed_point"
9.494,0.243926453886997,2.74048682124771,-0.437683244407606,-0.239385945799215,-0.273104665562671,1,NA,"rosenzweig_macarthur_2sp_forced_fixed_point"
9.595,0.261477521822364,2.73592532509284,-0.429494557740865,-0.247576891945165,-0.280936459819074,1,NA,"rosenzweig_macarthur_2sp_forced_fixed_point"
9.696,0.28008644253729,2.73422480961527,-0.421730872652008,-0.255343276841161,-0.288238376467953,1,NA,"rosenzweig_macarthur_2sp_forced_fixed_point"
9.797,0.299697616577939,2.73545589376964,-0.414463763844719,-0.262613502237049,-0.2949277144901,1,NA,"rosenzweig_macarthur_2sp_forced_fixed_point"
9.898,0.32023230141485,2.73967850208425,-0.407736490926905,-0.269344275760291,-0.300956418325664,1,NA,"rosenzweig_macarthur_2sp_forced_fixed_point"
9.999,0.34158799322972,2.74694063193758,-0.40156505105909,-0.275519558548305,-0.306310978263296,1,NA,"rosenzweig_macarthur_2sp_forced_fixed_point"
0,0.51113819,4.90569,-1.14848732634873,0.602949479195973,0.224432743449432,0.1,NA,"rosenzweig_macarthur_2sp_limit_cycle"
0.08585,0.482984563073929,4.94889069038855,-1.19985823979135,0.639302641567736,0.256823655441839,0.1,NA,"rosenzweig_macarthur_2sp_limit_cycle"
0.1717,0.454815916693163,4.98747649631135,-1.2533583704057,0.67355363630545,0.287638829129335,0.1,NA,"rosenzweig_macarthur_2sp_limit_cycle"
0.25755,0.42680984144858,5.02115129200292,-1.30795203084131,0.705423325274352,0.316573310148039,0.1,NA,"rosenzweig_macarthur_2sp_limit_cycle"
0.3434,0.399146077104383,5.049653406464,-1.36257800472376,0.73476021764233,0.343433025622437,0.1,NA,"rosenzweig_macarthur_2sp_limit_cycle"
0.42925,0.372003637437543,5.07276371314417,-1.41617752205633,0.761532366282088,0.368135240716497,0.1,NA,"rosenzweig_macarthur_2sp_limit_cycle"
0.5151,0.345557104834253,5.09031339777118,-1.46772469574442,0.785814162704548,0.390701550109126,0.1,NA,"rosenzweig_macarthur_2sp_limit_cycle"
0.60095,0.319972292826762,5.1021908540066,-1.51625754595424,0.807769140103696,0.4112447471393,0.1,NA,"rosenzweig_macarthur_2sp_limit_cycle"
0.6868,0.295401578880207,5.10834712044673,-1.56090742975638,0.827630112156261,0.429951319603134,0.1,NA,"rosenzweig_macarthur_2sp_limit_cycle"
0.77265,0.271979294768524,5.10879930339065,-1.60092471000796,0.845678130901656,0.447061512799802,0.1,NA,"rosenzweig_macarthur_2sp_limit_cycle"
0.8585,0.24981760571514,5.10363154004903,-1.63569878646543,0.862221759366066,0.462848864686729,0.1,NA,"rosenzweig_macarthur_2sp_limit_cycle"
0.94435,0.229003294527209,5.09299324429906,-1.66477110254208,0.8775780324441,0.477600912441909,0.1,NA,"rosenzweig_macarthur_2sp_limit_cycle"
1.0302,0.20959578671845,5.07709462171382,-1.68784037986196,0.892056179847275,0.491602382392368,0.1,NA,"rosenzweig_macarthur_2sp_limit_cycle"
1.11605,0.191626615863227,5.05619970634876,-1.7047600459191,0.905944820998739,0.505121734047122,0.1,NA,"rosenzweig_macarthur_2sp_limit_cycle"
1.2019,0.175100358644185,5.03061741395699,-1.71552852029561,0.919502911503728,0.518401438638748,0.1,NA,"rosenzweig_macarthur_2sp_limit_cycle"
1.28775,0.159996898645698,5.00069128288012,-1.72027362031836,0.932954340114798,0.531651948296803,0.1,NA,"rosenzweig_macarthur_2sp_limit_cycle"
1.3736,0.14627473902189,4.9667886566382,-1.71923276269118,0.946485755177763,0.54504896292856,0.1,NA,"rosenzweig_macarthur_2sp_limit_cycle"
1.45945,0.133874999569364,4.92929004388733,-1.71273081241183,0.960247005823005,0.558733389822005,0.1,NA,"rosenzweig_macarthur_2sp_limit_cycle"
1.5453,0.122725711671305,4.88857928574401,-1.70115737271066,0.974353492952592,0.572813290218627,0.1,NA,"rosenzweig_macarthur_2sp_limit_cycle"
1.63115,0.112746058546989,4.84503499652169,-1.68494505056013,0.988889737665106,0.587367114269194,0.1,NA,"rosenzweig_macarthur_2sp_limit_cycle"
1.717,0.10385028140597,4.79902355660551,-1.66454985773721,1.00391356253857,0.602447611184436,0.1,NA,"rosenzweig_macarthur_2sp_limit_cycle"
1.80285,0.0959510637346394,4.75089375725772,-1.64043447311557,1.01946040422618,0.618085924097877,0.1,NA,"rosenzweig_macarthur_2sp_limit_cycle"
1.8887,0.0889622972424615,4.70097304913643,-1.61305469389156,1.03554740938771,0.634295513257887,0.1,NA,"rosenzweig_macarthur_2sp_limit_cycle"
1.97455,0.0828012107128505,4.64956524047825,-1.58284907066973,1.05217709587308,0.651075682039029,0.1,NA,"rosenzweig_macarthur_2sp_limit_cycle"
2.0604,0.0773899004376756,4.59694942845745,-1.55023148219279,1.06934046332685,0.668414583681196,0.1,NA,"rosenzweig_macarthur_2sp_limit_cycle"
2.14625,0.0726563369841659,4.54337992246176,-1.51558626154209,1.08701951149113,0.686291661912436,0.1,NA,"rosenzweig_macarthur_2sp_limit_cycle"
2.2321,0.0685349404205812,4.48908692170879,-1.47926542031476,1.10518918194136,0.704679537012048,0.1,NA,"rosenzweig_macarthur_2sp_limit_cycle"
2.31795,0.0649668192974207,4.43427773191664,-1.44158751595296,1.12381876710153,0.723545377821043,0.1,NA,"rosenzweig_macarthur_2sp_limit_cycle"
2.4038,0.0618997624361581,4.37913833797705,-1.40283773949781,1.14287284394406,0.742851814512274,0.1,NA,"rosenzweig_macarthur_2sp_limit_cycle"
2.48965,0.0592880611007875,4.32383518513098,-1.36326886372034,1.16231179345207,0.762557451096614,0.1,NA,"rosenzweig_macarthur_2sp_limit_cycle"
2.5755,0.0570922255977363,4.26851705555032,-1.32310275301769,1.18209196387591,0.782617034082516,0.1,NA,"rosenzweig_macarthur_2sp_limit_cycle"
2.66135,0.0552786469036486,4.21331695789851,-1.28253220604286,1.20216552399178,0.802981322236346,0.1,NA,"rosenzweig_macarthur_2sp_limit_cycle"
2.7472,0.0538192418079016,4.15835397320908,-1.24172295977648,1.2224800455744,0.823596695677855,0.1,NA,"rosenzweig_macarthur_2sp_limit_cycle"
2.83305,0.0526911098653215,4.10373502108145,-1.20081573614253,1.24297783969169,0.844404528250301,0.1,NA,"rosenzweig_macarthur_2sp_limit_cycle"
2.9189,0.0518762223300914,4.04955652610861,-1.15992825441204,1.26359506308382,0.865340339007499,0.1,NA,"rosenzweig_macarthur_2sp_limit_cycle"
3.00475,0.0513611570675451,3.99590597627422,-1.1191571657621,1.28426059680849,0.886332724968236,0.1,NA,"rosenzweig_macarthur_2sp_limit_cycle"
3.0906,0.0511368889672859,3.94286337352344,-1.07857989830455,1.30489469233902,0.907302070565955,0.1,NA,"rosenzweig_macarthur_2sp_limit_cycle"
3.17645,0.0511986423123938,3.89050258253966,-1.03825641729337,1.32540736722251,0.928159016781945,0.1,NA,"rosenzweig_macarthur_2sp_limit_cycle"
3.2623,0.0515458096010582,3.83889258757703,-0.998230926706005,1.34569652478219,0.948802665912581,0.1,NA,"rosenzweig_macarthur_2sp_limit_cycle"
3.34815,0.0521819402008399,3.78809866952742,-0.958533552772157,1.36564576347461,0.969118489936255,0.1,NA,"rosenzweig_macarthur_2sp_limit_cycle"
3.434,0.0531148017078432,3.73818351664823,-0.919182062840734,1.38512183307459,0.988975903191374,0.1,NA,"rosenzweig_macarthur_2sp_limit_cycle"
3.51985,0.0543565167802322,3.68920828284616,-0.880183685553771,1.40397168894941,1.008225455694,0.1,NA,"rosenzweig_macarthur_2sp_limit_cycle"
3.6057,0.0559237783362473,3.64123360731252,-0.841537107684858,1.42201909455029,1.02669560432086,0.1,NA,"rosenzweig_macarthur_2sp_limit_cycle"
3.69155,0.0578381461779565,3.59432060876526,-0.803234734867842,1.43906072410642,1.04418902359089,0.1,NA,"rosenzweig_macarthur_2sp_limit_cycle"
3.7774,0.0601264281420585,3.54853186662806,-0.765265305181722,1.45486173202042,1.0604784358825,0.1,NA,"rosenzweig_macarthur_2sp_limit_cycle"
3.86325,0.0628211485792849,3.50393240016132,-0.727616953332735,1.46915078171359,1.07530197170919,0.1,NA,"rosenzweig_macarthur_2sp_limit_cycle"
3.9491,0.0659611060650357,3.46059065478323,-0.690280810879105,1.48161458089498,1.08835813105523,0.1,NA,"rosenzweig_macarthur_2sp_limit_cycle"
4.03495,0.0695920204090155,3.41857950245459,-0.653255218560338,1.4918920522468,1.09930050659824,0.1,NA,"rosenzweig_macarthur_2sp_limit_cycle"
4.1208,0.0737672658143956,3.37797725985834,-0.616550591871413,1.49956840332669,1.10773257456191,0.1,NA,"rosenzweig_macarthur_2sp_limit_cycle"
4.20665,0.0785486818446354,3.33886872393314,-0.580194940594231,1.50416954984359,1.11320306171121,0.1,NA,"rosenzweig_macarthur_2sp_limit_cycle"
4.2925,0.0840074459095912,3.30134621880866,-0.544239972887695,1.50515761862242,1.11520268395386,0.1,NA,"rosenzweig_macarthur_2sp_limit_cycle"
4.37835,0.0902249792792865,3.26551064097386,-0.508767640363894,1.50192860842577,1.11316341951773,0.1,NA,"rosenzweig_macarthur_2sp_limit_cycle"
4.4642,0.0972938419233143,3.23147248019349,-0.473896892197962,1.49381371555838,1.10646192192821,0.1,NA,"rosenzweig_macarthur_2sp_limit_cycle"
4.55005,0.105318548269088,3.19935278188958,-0.439790341705489,1.48008630224497,1.09442915203604,0.1,NA,"rosenzweig_macarthur_2sp_limit_cycle"
4.6359,0.11441620463251,3.16928400212664,-0.40666051563802,1.45997691818087,1.07636871771339,0.1,NA,"rosenzweig_macarthur_2sp_limit_cycle"
4.72175,0.12471682802344,3.14141068890262,-0.374775407219983,1.43269907328048,1.05158661589268,0.1,NA,"rosenzweig_macarthur_2sp_limit_cycle"
4.8076,0.136363154195925,3.11588990347035,-0.344463237348293,1.39748841183896,1.01943482637263,0.1,NA,"rosenzweig_macarthur_2sp_limit_cycle"
4.89345,0.149509680431118,3.09289127388137,-0.316116681420644,1.35365742185647,0.979370275742347,0.1,NA,"rosenzweig_macarthur_2sp_limit_cycle"
4.9793,0.164320618434384,3.07259655182968,-0.290197418403271,1.30066671758734,0.931028799832129,0.1,NA,"rosenzweig_macarthur_2sp_limit_cycle"
5.06515,0.180966362224765,3.05519852649829,-0.26724275527518,1.23821235936675,0.874310751184548,0.1,NA,"rosenzweig_macarthur_2sp_limit_cycle"
5.151,0.199618019330239,3.04089914042929,-0.247877318055011,1.16632692139554,0.809470857990538,0.1,NA,"rosenzweig_macarthur_2sp_limit_cycle"
5.23685,0.220439535050011,3.02990665907452,-0.232834278360524,1.08549056040944,0.73720020348067,0.1,NA,"rosenzweig_macarthur_2sp_limit_cycle"
5.3227,0.24357699473272,3.02243177546602,-0.222991683018344,0.996747283811778,0.658683454501124,0.1,NA,"rosenzweig_macarthur_2sp_limit_cycle"
5.40855,0.26914486435923,3.01868259210371,-0.219428128997054,0.901819639075535,0.575610976823286,0.1,NA,"rosenzweig_macarthur_2sp_limit_cycle"
5.4944,0.297209275247648,3.01885851895736,-0.223492798115491,0.803207040278032,0.49012518733684,0.1,NA,"rosenzweig_macarthur_2sp_limit_cycle"
5.58025,0.327769011236244,3.02314325884018,-0.236856416625805,0.704227552302072,0.404686362678313,0.1,NA,"rosenzweig_macarthur_2sp_limit_cycle"
5.6661,0.360735611260317,3.03169720918861,-0.261448809637395,0.608906359496584,0.321858150150582,0.1,NA,"rosenzweig_macarthur_2sp_limit_cycle"
5.75195,0.39591487356613,3.0446497701937,-0.299115042803821,0.521545221449734,0.244037560824191,0.1,NA,"rosenzweig_macarthur_2sp_limit_cycle"
5.8378,0.432992848547461,3.06209217955878,-0.350868761393344,0.445858216332336,0.173181619439488,0.1,NA,"rosenzweig_macarthur_2sp_limit_cycle"
5.92365,0.471529839076447,3.0840715546348,-0.415985996063689,0.383927212657241,0.110598378472924,0.1,NA,"rosenzweig_macarthur_2sp_limit_cycle"
6.0095,0.510965654435273,3.11058677976155,-0.491631499172578,0.335681560448265,0.0568586867408364,0.1,NA,"rosenzweig_macarthur_2sp_limit_cycle"
6.09535,0.550638148039531,3.14158671630234,-0.573448350266138,0.299346054239303,0.0118461611926282,0.1,NA,"rosenzweig_macarthur_2sp_limit_cycle"
6.1812,0.589814938625306,3.1769709511566,-0.656665527549829,0.272424593966448,-0.0250844176232389,0.1,NA,"rosenzweig_macarthur_2sp_limit_cycle"
6.26705,0.627735575196316,3.21659298347561,-0.736995193730208,0.252501845478462,-0.0548994864435887,0.1,NA,"rosenzweig_macarthur_2sp_limit_cycle"
6.3529,0.663658986802883,3.26026544520828,-0.811055830606918,0.237606031648811,-0.078688602554108,0.1,NA,"rosenzweig_macarthur_2sp_limit_cycle"
6.43875,0.696909659541792,3.30776672385432,-0.876450226284488,0.226264264922594,-0.09751272015728,0.1,NA,"rosenzweig_macarthur_2sp_limit_cycle"
6.5246,0.726916124797522,3.35884824792738,-0.931682220648672,0.217431997531307,-0.112309561964747,0.1,NA,"rosenzweig_macarthur_2sp_limit_cycle"
6.61045,0.753237006736848,3.41324171551969,-0.976020517689194,0.210398508227937,-0.123848679514756,0.1,NA,"rosenzweig_macarthur_2sp_limit_cycle"
6.6963,0.775572507288433,3.47066567007949,-1.00935559642485,0.204705526016314,-0.132721398205162,0.1,NA,"rosenzweig_macarthur_2sp_limit_cycle"
6.78215,0.793761968975188,3.53083101155299,-1.0320668620913,0.200086420358934,-0.139351083310728,0.1,NA,"rosenzweig_macarthur_2sp_limit_cycle"
6.868,0.807770299157852,3.59344522877407,-1.04490659594303,0.196423682690126,-0.144012816138234,0.1,NA,"rosenzweig_macarthur_2sp_limit_cycle"
6.95385,0.817667158634444,3.6582153137048,-1.04890330131632,0.193720467344065,-0.14685572518277,0.1,NA,"rosenzweig_macarthur_2sp_limit_cycle"
7.0397,0.823602911146697,3.72484944910127,-1.04528484639787,0.192082195488784,-0.147924574211691,0.1,NA,"rosenzweig_macarthur_2sp_limit_cycle"
7.12555,0.825784680659712,3.79305764304563,-1.03541987141116,0.191704702621905,-0.147179467197811,0.1,NA,"rosenzweig_macarthur_2sp_limit_cycle"
7.2114,0.824454852488417,3.86255152208732,-1.02077420544502,0.192865567285548,-0.14451387470068,0.1,NA,"rosenzweig_macarthur_2sp_limit_cycle"
7.29725,0.81987331377447,3.93304350047923,-1.0028774771735,0.195915050494164,-0.139771848234719,0.1,NA,"rosenzweig_macarthur_2sp_limit_cycle"
7.3831,0.812303866780212,4.00424552823848,-0.983293965128683,0.201262655300343,-0.132765508251358,0.1,NA,"rosenzweig_macarthur_2sp_limit_cycle"
7.46895,0.80200464798238,4.07586759592794,-0.963591210216438,0.209355141671705,-0.12329374864771,0.1,NA,"rosenzweig_macarthur_2sp_limit_cycle"
7.5548,0.789222040260544,4.14761614682933,-0.945300695926814,0.220642567540532,-0.111162708780867,0.1,NA,"rosenzweig_macarthur_2sp_limit_cycle"
7.64065,0.774187421267319,4.21919252246232,-0.929867548130841,0.235531405263911,-0.0962079311416074,0.1,NA,"rosenzweig_macarthur_2sp_limit_cycle"
7.7265,0.757116082329828,4.29029154780553,-0.918591018875693,0.254328323307879,-0.0783173302815002,0.1,NA,"rosenzweig_macarthur_2sp_limit_cycle"
7.81235,0.738207720010965,4.36060034904612,-0.912563407203112,0.277183771726516,-0.0574532953362794,0.1,NA,"rosenzweig_macarthur_2sp_limit_cycle"
7.8982,0.717648002752443,4.42979748908058,-0.912619296520682,0.304048394284668,-0.0336715962316579,0.1,NA,"rosenzweig_macarthur_2sp_limit_cycle"
7.98405,0.695610819288809,4.49755250347571,-0.919306505806367,0.334654425365413,-0.00713448927483334,0.1,NA,"rosenzweig_macarthur_2sp_limit_cycle"
8.0699,0.672260907774243,4.56352592087988,-0.932884160302075,0.368527799264617,0.0218843178023645,0.1,NA,"rosenzweig_macarthur_2sp_limit_cycle"
8.15575,0.647756637623621,4.62736985528529,-0.953344687600546,0.405027611780219,0.0530043619025157,0.1,NA,"rosenzweig_macarthur_2sp_limit_cycle"
8.2416,0.62225276829708,4.68872926102816,-0.980450103580686,0.443402578190027,0.0857530595856489,0.1,NA,"rosenzweig_macarthur_2sp_limit_cycle"
8.32745,0.595903042208547,4.74724394247095,-1.01377161397722,0.482852204532452,0.119589173234694,0.1,NA,"rosenzweig_macarthur_2sp_limit_cycle"
8.4133,0.568862485938832,4.80255140591307,-1.05272469530762,0.522582986539016,0.153932800950524,0.1,NA,"rosenzweig_macarthur_2sp_limit_cycle"
8.49915,0.541289299377642,4.85429062789045,-1.0965966549778,0.561854361904507,0.188198797375786,0.1,NA,"rosenzweig_macarthur_2sp_limit_cycle"
0,0.51113819,4.90569,-1.03878398562859,0.380409196879485,0.178893104867248,0.2,NA,"rosenzweig_macarthur_2sp_limit_cycle"
0.08585,0.482984563073929,4.94889069038855,-1.07430885887859,0.401344985880607,0.199419655566922,0.2,NA,"rosenzweig_macarthur_2sp_limit_cycle"
0.1717,0.454815916693163,4.98747649631135,-1.10761864929127,0.420485719612749,0.218244150416365,0.2,NA,"rosenzweig_macarthur_2sp_limit_cycle"
0.25755,0.42680984144858,5.02115129200292,-1.13823489953898,0.43795687856558,0.235470745707386,0.2,NA,"rosenzweig_macarthur_2sp_limit_cycle"
0.3434,0.399146077104383,5.049653406464,-1.16573330719058,0.45392715380611,0.25125171118047,0.2,NA,"rosenzweig_macarthur_2sp_limit_cycle"
0.42925,0.372003637437543,5.07276371314417,-1.18974841946676,0.468599797681666,0.265777773344977,0.2,NA,"rosenzweig_macarthur_2sp_limit_cycle"
0.5151,0.345557104834253,5.09031339777118,-1.20997795657829,0.482203644977343,0.279268269062207,0.2,NA,"rosenzweig_macarthur_2sp_limit_cycle"
0.60095,0.319972292826762,5.1021908540066,-1.22618660859052,0.494983916937932,0.291961240475467,0.2,NA,"rosenzweig_macarthur_2sp_limit_cycle"
0.6868,0.295401578880207,5.10834712044673,-1.23820905186977,0.507193054715767,0.304103707615011,0.2,NA,"rosenzweig_macarthur_2sp_limit_cycle"
0.77265,0.271979294768524,5.10879930339065,-1.24595183419794,0.519081925246538,0.31594243985647,0.2,NA,"rosenzweig_macarthur_2sp_limit_cycle"
0.8585,0.24981760571514,5.10363154004903,-1.24939372660572,0.530891777814637,0.327715580266891,0.2,NA,"rosenzweig_macarthur_2sp_limit_cycle"
0.94435,0.229003294527209,5.09299324429906,-1.24858416224511,0.542847322952015,0.339645472143205,0.2,NA,"rosenzweig_macarthur_2sp_limit_cycle"
1.0302,0.20959578671845,5.07709462171382,-1.24363950107822,0.555151222317208,0.351932957632837,0.2,NA,"rosenzweig_macarthur_2sp_limit_cycle"
1.11605,0.191626615863227,5.05619970634876,-1.23473705489079,0.5679801716397,0.364753315587511,0.2,NA,"rosenzweig_macarthur_2sp_limit_cycle"
1.2019,0.175100358644185,5.03061741395699,-1.22210704907322,0.58148261096999,0.378253861483148,0.2,NA,"rosenzweig_macarthur_2sp_limit_cycle"
1.28775,0.159996898645698,5.00069128288012,-1.20602293441913,0.595777960503722,0.392553099201381,0.2,NA,"rosenzweig_macarthur_2sp_limit_cycle"
1.3736,0.14627473902189,4.9667886566382,-1.18679064581594,0.610957160695117,0.407741197261527,0.2,NA,"rosenzweig_macarthur_2sp_limit_cycle"
1.45945,0.133874999569364,4.92929004388733,-1.16473749731274,0.627084222804303,0.423881491297797,0.2,NA,"rosenzweig_macarthur_2sp_limit_cycle"
1.5453,0.122725711671305,4.88857928574401,-1.14020139532136,0.644198463513136,0.441012683370388,0.2,NA,"rosenzweig_macarthur_2sp_limit_cycle"
1.63115,0.112746058546989,4.84503499652169,-1.11352095493954,0.662317108817255,0.459151421168388,0.2,NA,"rosenzweig_macarthur_2sp_limit_cycle"
1.717,0.10385028140597,4.79902355660551,-1.08502694655103,0.681437993868126,0.478294982205078,0.2,NA,"rosenzweig_macarthur_2sp_limit_cycle"
1.80285,0.0959510637346394,4.75089375725772,-1.05503532147764,0.701542144342202,0.498423847326671,0.2,NA,"rosenzweig_macarthur_2sp_limit_cycle"
1.8887,0.0889622972424615,4.70097304913643,-1.02384189289236,0.722596086362536,0.519504009448747,0.2,NA,"rosenzweig_macarthur_2sp_limit_cycle"
1.97455,0.0828012107128505,4.64956524047825,-0.991718609910623,0.744553790870588,0.541488922319753,0.2,NA,"rosenzweig_macarthur_2sp_limit_cycle"
2.0604,0.0773899004376756,4.59694942845745,-0.958911265307477,0.767358205250652,0.564321040972212,0.2,NA,"rosenzweig_macarthur_2sp_limit_cycle"
2.14625,0.0726563369841659,4.54337992246176,-0.925638422416882,0.790942356677964,0.587932937144639,0.2,NA,"rosenzweig_macarthur_2sp_limit_cycle"
2.2321,0.0685349404205812,4.48908692170879,-0.892091332047918,0.815230036797073,0.612247998051226,0.2,NA,"rosenzweig_macarthur_2sp_limit_cycle"
2.31795,0.0649668192974207,4.43427773191664,-0.858434618596692,0.840136087303138,0.637180726883817,0.2,NA,"rosenzweig_macarthur_2sp_limit_cycle"
2.4038,0.0618997624361581,4.37913833797705,-0.8248075447971,0.865566310064779,0.66263666759754,0.2,NA,"rosenzweig_macarthur_2sp_limit_cycle"
2.48965,0.0592880611007875,4.32383518513098,-0.791325701972529,0.891417024242223,0.688511975533484,0.2,NA,"rosenzweig_macarthur_2sp_limit_cycle"
2.5755,0.0570922255977363,4.26851705555032,-0.758083015754079,0.917574290354448,0.714692653178537,0.2,NA,"rosenzweig_macarthur_2sp_limit_cycle"
2.66135,0.0552786469036486,4.21331695789851,-0.725153997917027,0.943912813695221,0.741053463130013,0.2,NA,"rosenzweig_macarthur_2sp_limit_cycle"
2.7472,0.0538192418079016,4.15835397320908,-0.692596212446087,0.970294537974234,0.767456529150462,0.2,NA,"rosenzweig_macarthur_2sp_limit_cycle"
2.83305,0.0526911098653215,4.10373502108145,-0.660452958787944,0.996566936878245,0.793749633378562,0.2,NA,"rosenzweig_macarthur_2sp_limit_cycle"
2.9189,0.0518762223300914,4.04955652610861,-0.628756201196817,1.02256101641848,0.819764223287152,0.2,NA,"rosenzweig_macarthur_2sp_limit_cycle"
3.00475,0.0513611570675451,3.99590597627422,-0.597529797890529,1.04808905077453,0.845313152143628,0.2,NA,"rosenzweig_macarthur_2sp_limit_cycle"
3.0906,0.0511368889672859,3.94286337352344,-0.566793096137582,1.07294209866095,0.870188201329691,0.2,NA,"rosenzweig_macarthur_2sp_limit_cycle"
3.17645,0.0511986423123938,3.89050258253966,-0.536564970100789,1.09688738506311,0.894157470913148,0.2,NA,"rosenzweig_macarthur_2sp_limit_cycle"
3.2623,0.0515458096010582,3.83889258757703,-0.50686837117981,1.11966569536001,0.916962787193836,0.2,NA,"rosenzweig_macarthur_2sp_limit_cycle"
3.34815,0.0521819402008399,3.78809866952742,-0.477735451339332,1.1409890166042,0.938317363716908,0.2,NA,"rosenzweig_macarthur_2sp_limit_cycle"
3.434,0.0531148017078432,3.73818351664823,-0.44921328414167,1.16053878267831,0.95790407407366,0.2,NA,"rosenzweig_macarthur_2sp_limit_cycle"
3.51985,0.0543565167802322,3.68920828284616,-0.42137016485258,1.1779652341104,0.975374848408316,0.2,NA,"rosenzweig_macarthur_2sp_limit_cycle"
3.6057,0.0559237783362473,3.64123360731252,-0.394302398388043,1.19288858235941,0.990351883609283,0.2,NA,"rosenzweig_macarthur_2sp_limit_cycle"
3.69155,0.0578381461779565,3.59432060876526,-0.368141396821558,1.20490284307632,1.00243152995586,0.2,NA,"rosenzweig_macarthur_2sp_limit_cycle"
3.7774,0.0601264281420585,3.54853186662806,-0.343060784672313,1.21358332684871,1.0111918376613,0.2,NA,"rosenzweig_macarthur_2sp_limit_cycle"
3.86325,0.0628211485792849,3.50393240016132,-0.319283054284625,1.21849876157385,1.01620472690213,0.2,NA,"rosenzweig_macarthur_2sp_limit_cycle"
3.9491,0.0659611060650357,3.46059065478323,-0.29708510770869,1.21922876090855,1.01705347692567,0.2,NA,"rosenzweig_macarthur_2sp_limit_cycle"
4.03495,0.0695920204090155,3.41857950245459,-0.276801742591688,1.2153867209475,1.01335558644282,0.2,NA,"rosenzweig_macarthur_2sp_limit_cycle"
4.1208,0.0737672658143956,3.37797725985834,-0.258825781222281,1.2066471472349,1.00478996532899,0.2,NA,"rosenzweig_macarthur_2sp_limit_cycle"
4.20665,0.0785486818446354,3.33886872393314,-0.243603130694338,1.19277491896896,0.991125914714112,0.2,NA,"rosenzweig_macarthur_2sp_limit_cycle"
4.2925,0.0840074459095912,3.30134621880866,-0.231620715943387,1.17365233976423,0.972249702767754,0.2,NA,"rosenzweig_macarthur_2sp_limit_cycle"
4.37835,0.0902249792792865,3.26551064097386,-0.223385206907007,1.14929853107963,0.948183289196111,0.2,NA,"rosenzweig_macarthur_2sp_limit_cycle"
4.4642,0.0972938419233143,3.23147248019349,-0.219391154643266,1.11987554428655,0.91908965469259,0.2,NA,"rosenzweig_macarthur_2sp_limit_cycle"
4.55005,0.105318548269088,3.19935278188958,-0.220078976349444,1.08567724616948,0.885260989960383,0.2,NA,"rosenzweig_macarthur_2sp_limit_cycle"
4.6359,0.11441620463251,3.16928400212664,-0.225786250257609,1.04710080649809,0.847089878037664,0.2,NA,"rosenzweig_macarthur_2sp_limit_cycle"
4.72175,0.12471682802344,3.14141068890262,-0.236699400604213,1.00460579468322,0.805028779204272,0.2,NA,"rosenzweig_macarthur_2sp_limit_cycle"
4.8076,0.136363154195925,3.11588990347035,-0.252815570224007,0.958670611244231,0.759547654743361,0.2,NA,"rosenzweig_macarthur_2sp_limit_cycle"
4.89345,0.149509680431118,3.09289127388137,-0.273924536043692,0.909757970958753,0.711101201655997,0.2,NA,"rosenzweig_macarthur_2sp_limit_cycle"
4.9793,0.164320618434384,3.07259655182968,-0.299616958647563,0.858298977371439,0.660114651594978,0.2,NA,"rosenzweig_macarthur_2sp_limit_cycle"
5.06515,0.180966362224765,3.05519852649829,-0.329318982955312,0.804699610721853,0.606991266516799,0.2,NA,"rosenzweig_macarthur_2sp_limit_cycle"
5.151,0.199618019330239,3.04089914042929,-0.362346677692856,0.749366622962478,0.552138055153282,0.2,NA,"rosenzweig_macarthur_2sp_limit_cycle"
5.23685,0.220439535050011,3.02990665907452,-0.397969536540794,0.692744609130016,0.49600141928798,0.2,NA,"rosenzweig_macarthur_2sp_limit_cycle"
5.3227,0.24357699473272,3.02243177546602,-0.435471188002767,0.635353652652697,0.43910245107042,0.2,NA,"rosenzweig_macarthur_2sp_limit_cycle"
5.40855,0.26914486435923,3.01868259210371,-0.474196759522622,0.577816892684026,0.382061809937176,0.2,NA,"rosenzweig_macarthur_2sp_limit_cycle"
5.4944,0.297209275247648,3.01885851895736,-0.513578495030904,0.520868404564577,0.325605338483573,0.2,NA,"rosenzweig_macarthur_2sp_limit_cycle"
5.58025,0.327769011236244,3.02314325884018,-0.553133694386064,0.465333508847762,0.270543485721315,0.2,NA,"rosenzweig_macarthur_2sp_limit_cycle"
5.6661,0.360735611260317,3.03169720918861,-0.592432732815631,0.412077091751463,0.217721134957544,0.2,NA,"rosenzweig_macarthur_2sp_limit_cycle"
5.75195,0.39591487356613,3.0446497701937,-0.631041572575083,0.361922458728622,0.167940953147237,0.2,NA,"rosenzweig_macarthur_2sp_limit_cycle"
5.8378,0.432992848547461,3.06209217955878,-0.66845292812204,0.315553843907793,0.121872790018005,0.2,NA,"rosenzweig_macarthur_2sp_limit_cycle"
5.92365,0.471529839076447,3.0840715546348,-0.704029589471403,0.273426303707915,0.0799706491942735,0.2,NA,"rosenzweig_macarthur_2sp_limit_cycle"
6.0095,0.510965654435273,3.11058677976155,-0.736985433362453,0.235710253641322,0.0424214529090868,0.2,NA,"rosenzweig_macarthur_2sp_limit_cycle"
6.09535,0.550638148039531,3.14158671630234,-0.766419397678198,0.202289061992558,0.0091420397178968,0.2,NA,"rosenzweig_macarthur_2sp_limit_cycle"
6.1812,0.589814938625306,3.1769709511566,-0.791398221640207,0.172809555529046,-0.0201751883592841,0.2,NA,"rosenzweig_macarthur_2sp_limit_cycle"
6.26705,0.627735575196316,3.21659298347561,-0.811065722170712,0.146767390585923,-0.0459833722961353,0.2,NA,"rosenzweig_macarthur_2sp_limit_cycle"
6.3529,0.663658986802883,3.26026544520828,-0.824749743100148,0.123601799227553,-0.0687917861832644,0.2,NA,"rosenzweig_macarthur_2sp_limit_cycle"
6.43875,0.696909659541792,3.30776672385432,-0.832044114306602,0.102778819721079,-0.089085577214158,0.2,NA,"rosenzweig_macarthur_2sp_limit_cycle"
6.5246,0.726916124797522,3.35884824792738,-0.83285573406326,0.083852927010557,-0.107265315310298,0.2,NA,"rosenzweig_macarthur_2sp_limit_cycle"
6.61045,0.753237006736848,3.41324171551969,-0.827418742482604,0.0665069749489004,-0.123608129705852,0.2,NA,"rosenzweig_macarthur_2sp_limit_cycle"
6.6963,0.775572507288433,3.47066567007949,-0.816284603052064,0.0505759478440356,-0.138247003068178,0.2,NA,"rosenzweig_macarthur_2sp_limit_cycle"
6.78215,0.793761968975188,3.53083101155299,-0.800298481315073,0.0360611079685573,-0.151163664113403,0.2,NA,"rosenzweig_macarthur_2sp_limit_cycle"
6.868,0.807770299157852,3.59344522877407,-0.780569964198983,0.0231390930261974,-0.162192127560492,0.2,NA,"rosenzweig_macarthur_2sp_limit_cycle"
6.95385,0.817667158634444,3.6582153137048,-0.758441279691552,0.012166467010578,-0.171032639102575,0.2,NA,"rosenzweig_macarthur_2sp_limit_cycle"
7.0397,0.823602911146697,3.72484944910127,-0.73544946265805,0.00367456025460402,-0.177278182496256,0.2,NA,"rosenzweig_macarthur_2sp_limit_cycle"
7.12555,0.825784680659712,3.79305764304563,-0.713271167191269,-0.00165729782991342,-0.180456541056869,0.2,NA,"rosenzweig_macarthur_2sp_limit_cycle"
7.2114,0.824454852488417,3.86255152208732,-0.693633019099621,-0.0030671263109107,-0.180089133027593,0.2,NA,"rosenzweig_macarthur_2sp_limit_cycle"
7.29725,0.81987331377447,3.93304350047923,-0.67817381707269,0.000172647455736866,-0.175763003945053,0.2,NA,"rosenzweig_macarthur_2sp_limit_cycle"
7.3831,0.812303866780212,4.00424552823848,-0.668266770123869,0.00859525716143391,-0.167205600935756,0.2,NA,"rosenzweig_macarthur_2sp_limit_cycle"
7.46895,0.80200464798238,4.07586759592794,-0.664847601218349,0.0223831533181304,-0.154346415910732,0.2,NA,"rosenzweig_macarthur_2sp_limit_cycle"
7.5548,0.789222040260544,4.14761614682933,-0.668318386301628,0.041285147562983,-0.137349337387885,0.2,NA,"rosenzweig_macarthur_2sp_limit_cycle"
7.64065,0.774187421267319,4.21919252246232,-0.678571533622671,0.064651480767656,-0.1166065102371,0.2,NA,"rosenzweig_macarthur_2sp_limit_cycle"
7.7265,0.757116082329828,4.29029154780553,-0.695113645943583,0.0915662214192415,-0.0926961646409901,0.2,NA,"rosenzweig_macarthur_2sp_limit_cycle"
7.81235,0.738207720010965,4.36060034904612,-0.717222914390073,0.121010185956399,-0.066317341932369,0.2,NA,"rosenzweig_macarthur_2sp_limit_cycle"
7.8982,0.717648002752443,4.42979748908058,-0.744080319014335,0.151994223662397,-0.0382186970560561,0.2,NA,"rosenzweig_macarthur_2sp_limit_cycle"
7.98405,0.695610819288809,4.49755250347571,-0.774851289304986,0.183639278186914,-0.0091358429960682,0.2,NA,"rosenzweig_macarthur_2sp_limit_cycle"
8.0699,0.672260907774243,4.56352592087988,-0.808724097216196,0.215209541047191,0.0202548824635361,0.2,NA,"rosenzweig_macarthur_2sp_limit_cycle"
8.15575,0.647756637623621,4.62736985528529,-0.84492173871041,0.246115811861373,0.0493648872931651,0.2,NA,"rosenzweig_macarthur_2sp_limit_cycle"
8.2416,0.62225276829708,4.68872926102816,-0.882702007883221,0.27590439966642,0.0777068768976347,0.2,NA,"rosenzweig_macarthur_2sp_limit_cycle"
8.32745,0.595903042208547,4.74724394247095,-0.921354743783403,0.304241322094884,0.104897857889341,0.2,NA,"rosenzweig_macarthur_2sp_limit_cycle"
8.4133,0.568862485938832,4.80255140591307,-0.960200343598461,0.330896697719677,0.130655697064716,0.2,NA,"rosenzweig_macarthur_2sp_limit_cycle"
8.49915,0.541289299377642,4.85429062789045,-0.998590654295643,0.355731131205701,0.154792268093113,0.2,NA,"rosenzweig_macarthur_2sp_limit_cycle"
0,0.51113819,4.90569,-0.844103925092854,0.182791771550394,0.0479200129838183,0.3,NA,"rosenzweig_macarthur_2sp_limit_cycle"
0.08585,0.482984563073929,4.94889069038855,-0.8581355249447,0.200044633634729,0.0650199294176052,0.3,NA,"rosenzweig_macarthur_2sp_limit_cycle"
0.1717,0.454815916693163,4.98747649631135,-0.869526230991191,0.216231782375683,0.0810909928964297,0.3,NA,"rosenzweig_macarthur_2sp_limit_cycle"
0.25755,0.42680984144858,5.02115129200292,-0.878123267481009,0.231457364112344,0.0962285877819645,0.3,NA,"rosenzweig_macarthur_2sp_limit_cycle"
0.3434,0.399146077104383,5.049653406464,-0.883812293426136,0.245860461366379,0.110565323788712,0.3,NA,"rosenzweig_macarthur_2sp_limit_cycle"
0.42925,0.372003637437543,5.07276371314417,-0.886517199869709,0.259608644978846,0.124263993186532,0.3,NA,"rosenzweig_macarthur_2sp_limit_cycle"
0.5151,0.345557104834253,5.09031339777118,-0.886200255977936,0.272890980162657,0.13751012615361,0.3,NA,"rosenzweig_macarthur_2sp_limit_cycle"
0.60095,0.319972292826762,5.1021908540066,-0.882862519091554,0.285910747087493,0.150504373798803,0.3,NA,"rosenzweig_macarthur_2sp_limit_cycle"
0.6868,0.295401578880207,5.10834712044673,-0.876544255627117,0.298878117399136,0.163454932747213,0.3,NA,"rosenzweig_macarthur_2sp_limit_cycle"
0.77265,0.271979294768524,5.10879930339065,-0.86732501306051,0.31200303503763,0.1765702373078,0.3,NA,"rosenzweig_macarthur_2sp_limit_cycle"
0.8585,0.24981760571514,5.10363154004903,-0.855322945928934,0.325488547308756,0.190052148122651,0.3,NA,"rosenzweig_macarthur_2sp_limit_cycle"
0.94435,0.229003294527209,5.09299324429906,-0.840693037689723,0.339524825612717,0.204089864359275,0.3,NA,"rosenzweig_macarthur_2sp_limit_cycle"
1.0302,0.20959578671845,5.07709462171382,-0.823623969173236,0.354284067298528,0.218854742578998,0.3,NA,"rosenzweig_macarthur_2sp_limit_cycle"
1.11605,0.191626615863227,5.05619970634876,-0.804333549688273,0.369916411696754,0.234496150186004,0.3,NA,"rosenzweig_macarthur_2sp_limit_cycle"
1.2019,0.175100358644185,5.03061741395699,-0.783062818839148,0.386546917338297,0.251138397749343,0.3,NA,"rosenzweig_macarthur_2sp_limit_cycle"
1.28775,0.159996898645698,5.00069128288012,-0.760069109465695,0.404273565718604,0.268878714448069,0.3,NA,"rosenzweig_macarthur_2sp_limit_cycle"
1.3736,0.14627473902189,4.9667886566382,-0.735618502807748,0.423166181651891,0.287786156337039,0.3,NA,"rosenzweig_macarthur_2sp_limit_cycle"
1.45945,0.133874999569364,4.92929004388733,-0.70997817859494,0.443266111987333,0.307901288755169,0.3,NA,"rosenzweig_macarthur_2sp_limit_cycle"
1.5453,0.122725711671305,4.88857928574401,-0.683409163639466,0.464586477990706,0.329236456867687,0.3,NA,"rosenzweig_macarthur_2sp_limit_cycle"
1.63115,0.112746058546989,4.84503499652169,-0.656159916485174,0.487112816565933,0.351776456824938,0.3,NA,"rosenzweig_macarthur_2sp_limit_cycle"
1.717,0.10385028140597,4.79902355660551,-0.628461081024074,0.510803944443219,0.375479437439493,0.3,NA,"rosenzweig_macarthur_2sp_limit_cycle"
1.80285,0.0959510637346394,4.75089375725772,-0.60052161696908,0.535592908068501,0.400277889683941,0.3,NA,"rosenzweig_macarthur_2sp_limit_cycle"
1.8887,0.0889622972424615,4.70097304913643,-0.572526397357281,0.561387914958864,0.426079613854376,0.3,NA,"rosenzweig_macarthur_2sp_limit_cycle"
1.97455,0.0828012107128505,4.64956524047825,-0.544635266875615,0.588073174572355,0.452768587011346,0.3,NA,"rosenzweig_macarthur_2sp_limit_cycle"
2.0604,0.0773899004376756,4.59694942845745,-0.516983485496829,0.615509605776773,0.480205683797441,0.3,NA,"rosenzweig_macarthur_2sp_limit_cycle"
2.14625,0.0726563369841659,4.54337992246176,-0.489683443176455,0.643535392597836,0.508229230470995,0.3,NA,"rosenzweig_macarthur_2sp_limit_cycle"
2.2321,0.0685349404205812,4.48908692170879,-0.462827514864622,0.671966398810801,0.536655403252028,0.3,NA,"rosenzweig_macarthur_2sp_limit_cycle"
2.31795,0.0649668192974207,4.43427773191664,-0.436491927558618,0.700596482623153,0.565278514861916,0.3,NA,"rosenzweig_macarthur_2sp_limit_cycle"
2.4038,0.0618997624361581,4.37913833797705,-0.410741518486399,0.729197796099727,0.59387127795678,0.3,NA,"rosenzweig_macarthur_2sp_limit_cycle"
2.48965,0.0592880611007875,4.32383518513098,-0.385635277818017,0.757521211577946,0.622185192235327,0.3,NA,"rosenzweig_macarthur_2sp_limit_cycle"
2.5755,0.0570922255977363,4.26851705555032,-0.361232569828051,0.785297097321758,0.649951281582154,0.3,NA,"rosenzweig_macarthur_2sp_limit_cycle"
2.66135,0.0552786469036486,4.21331695789851,-0.337599919985293,0.812236759993933,0.676881501772818,0.3,NA,"rosenzweig_macarthur_2sp_limit_cycle"
2.7472,0.0538192418079016,4.15835397320908,-0.31481822277061,0.838034982034176,0.702671248160639,0.3,NA,"rosenzweig_macarthur_2sp_limit_cycle"
2.83305,0.0526911098653215,4.10373502108145,-0.292990170948192,0.862374180820609,0.727003489778667,0.3,NA,"rosenzweig_macarthur_2sp_limit_cycle"
2.9189,0.0518762223300914,4.04955652610861,-0.27224761026141,0.884930770082254,0.749555108239275,0.3,NA,"rosenzweig_macarthur_2sp_limit_cycle"
3.00475,0.0513611570675451,3.99590597627422,-0.252758379296313,0.905384248516542,0.770005963051593,0.3,NA,"rosenzweig_macarthur_2sp_limit_cycle"
3.0906,0.0511368889672859,3.94286337352344,-0.234731986151627,0.923429300310243,0.788050964203749,0.3,NA,"rosenzweig_macarthur_2sp_limit_cycle"
3.17645,0.0511986423123938,3.89050258253966,-0.218423188544763,0.938790682921014,0.803414924281949,0.3,NA,"rosenzweig_macarthur_2sp_limit_cycle"
3.2623,0.0515458096010582,3.83889258757703,-0.204132193760922,0.951239862435673,0.815869150184935,0.3,NA,"rosenzweig_macarthur_2sp_limit_cycle"
3.34815,0.0521819402008399,3.78809866952742,-0.192199844613258,0.960611298311791,0.825247681729558,0.3,NA,"rosenzweig_macarthur_2sp_limit_cycle"
3.434,0.0531148017078432,3.73818351664823,-0.182995979134835,0.966815225795646,0.831460039707926,0.3,NA,"rosenzweig_macarthur_2sp_limit_cycle"
3.51985,0.0543565167802322,3.68920828284616,-0.176899431725184,0.969843200070662,0.834496771459624,0.3,NA,"rosenzweig_macarthur_2sp_limit_cycle"
3.6057,0.0559237783362473,3.64123360731252,-0.174269239464798,0.969763135543381,0.834424556276236,0.3,NA,"rosenzweig_macarthur_2sp_limit_cycle"
3.69155,0.0578381461779565,3.59432060876526,-0.175408725726067,0.966702529196273,0.831369579688124,0.3,NA,"rosenzweig_macarthur_2sp_limit_cycle"
3.7774,0.0601264281420585,3.54853186662806,-0.180526953613193,0.960821820720164,0.825491120918445,0.3,NA,"rosenzweig_macarthur_2sp_limit_cycle"
3.86325,0.0628211485792849,3.50393240016132,-0.189704551486778,0.952283353566808,0.81695076741251,0.3,NA,"rosenzweig_macarthur_2sp_limit_cycle"
3.9491,0.0659611060650357,3.46059065478323,-0.202871621518091,0.941223451437095,0.805884689361472,0.3,NA,"rosenzweig_macarthur_2sp_limit_cycle"
4.03495,0.0695920204090155,3.41857950245459,-0.219803339706798,0.927734360782679,0.792385649971891,0.3,NA,"rosenzweig_macarthur_2sp_limit_cycle"
4.1208,0.0737672658143956,3.37797725985834,-0.240134334837445,0.911859317838637,0.776497985851731,0.3,NA,"rosenzweig_macarthur_2sp_limit_cycle"
4.20665,0.0785486818446354,3.33886872393314,-0.263387924217373,0.893599493703137,0.758224352978192,0.3,NA,"rosenzweig_macarthur_2sp_limit_cycle"
4.2925,0.0840074459095912,3.30134621880866,-0.289013018298692,0.872928274987538,0.737539778019417,0.3,NA,"rosenzweig_macarthur_2sp_limit_cycle"
4.37835,0.0902249792792865,3.26551064097386,-0.316421130446004,0.849807495304955,0.714407707747377,0.3,NA,"rosenzweig_macarthur_2sp_limit_cycle"
4.4642,0.0972938419233143,3.23147248019349,-0.345017911059431,0.824201538462756,0.688794019174789,0.3,NA,"rosenzweig_macarthur_2sp_limit_cycle"
4.55005,0.105318548269088,3.19935278188958,-0.374226564008093,0.796087448761198,0.660677129135635,0.3,NA,"rosenzweig_macarthur_2sp_limit_cycle"
4.6359,0.11441620463251,3.16928400212664,-0.403503057806603,0.765461128733261,0.630054264756923,0.3,NA,"rosenzweig_macarthur_2sp_limit_cycle"
4.72175,0.12471682802344,3.14141068890262,-0.43234461377003,0.732340834335351,0.596945082366167,0.3,NA,"rosenzweig_macarthur_2sp_limit_cycle"
4.8076,0.136363154195925,3.11588990347035,-0.46029354278622,0.696769502344231,0.561394155179392,0.3,NA,"rosenzweig_macarthur_2sp_limit_cycle"
4.89345,0.149509680431118,3.09289127388137,-0.486938445042239,0.658817260357518,0.523473677529077,0.3,NA,"rosenzweig_macarthur_2sp_limit_cycle"
4.9793,0.164320618434384,3.07259655182968,-0.511914401893248,0.618585049434073,0.483287323911946,0.3,NA,"rosenzweig_macarthur_2sp_limit_cycle"
5.06515,0.180966362224765,3.05519852649829,-0.534903297571994,0.576209801712255,0.440975721700282,0.3,NA,"rosenzweig_macarthur_2sp_limit_cycle"
5.151,0.199618019330239,3.04089914042929,-0.555634890970876,0.531871090580776,0.39672347688372,0.3,NA,"rosenzweig_macarthur_2sp_limit_cycle"
5.23685,0.220439535050011,3.02990665907452,-0.573888675973777,0.485798574427125,0.350767097686425,0.3,NA,"rosenzweig_macarthur_2sp_limit_cycle"
5.3227,0.24357699473272,3.02243177546602,-0.589495914862621,0.438278822398039,0.303402426528453,0.3,NA,"rosenzweig_macarthur_2sp_limit_cycle"
5.40855,0.26914486435923,3.01868259210371,-0.602340434595797,0.389659248917241,0.254989324855763,0.3,NA,"rosenzweig_macarthur_2sp_limit_cycle"
5.4944,0.297209275247648,3.01885851895736,-0.612356014855357,0.340346036094824,0.205950508179996,0.3,NA,"rosenzweig_macarthur_2sp_limit_cycle"
5.58025,0.327769011236244,3.02314325884018,-0.619517785645776,0.290792506649728,0.156761037792383,0.3,NA,"rosenzweig_macarthur_2sp_limit_cycle"
5.6661,0.360735611260317,3.03169720918861,-0.623825624666914,0.241475108966074,0.107925763582821,0.3,NA,"rosenzweig_macarthur_2sp_limit_cycle"
5.75195,0.39591487356613,3.0446497701937,-0.6252797687406,0.192856725983409,0.0599447597109191,0.3,NA,"rosenzweig_macarthur_2sp_limit_cycle"
5.8378,0.432992848547461,3.06209217955878,-0.623852848954922,0.145341588972622,0.0132716807062639,0.3,NA,"rosenzweig_macarthur_2sp_limit_cycle"
5.92365,0.471529839076447,3.0840715546348,-0.619467192184422,0.0992314994263776,-0.031724260390105,0.3,NA,"rosenzweig_macarthur_2sp_limit_cycle"
6.0095,0.510965654435273,3.11058677976155,-0.61198891288342,0.0546966651671606,-0.0747782024455015,0.3,NA,"rosenzweig_macarthur_2sp_limit_cycle"
6.09535,0.550638148039531,3.14158671630234,-0.601248423267469,0.0117733844534485,-0.115718273628804,0.3,NA,"rosenzweig_macarthur_2sp_limit_cycle"
6.1812,0.589814938625306,3.1769709511566,-0.587090103145009,-0.0296055716952658,-0.154417215279078,0.3,NA,"rosenzweig_macarthur_2sp_limit_cycle"
6.26705,0.627735575196316,3.21659298347561,-0.569445155860274,-0.0695507870363595,-0.190712537371747,0.3,NA,"rosenzweig_macarthur_2sp_limit_cycle"
6.3529,0.663658986802883,3.26026544520828,-0.548416320335252,-0.108135181259364,-0.224312502328062,0.3,NA,"rosenzweig_macarthur_2sp_limit_cycle"
6.43875,0.696909659541792,3.30776672385432,-0.524365740318468,-0.145299683023617,-0.25471592214555,0.3,NA,"rosenzweig_macarthur_2sp_limit_cycle"
6.5246,0.726916124797522,3.35884824792738,-0.498012457770032,-0.180739464769553,-0.28118315584897,0.3,NA,"rosenzweig_macarthur_2sp_limit_cycle"
6.61045,0.753237006736848,3.41324171551969,-0.470585026339198,-0.213727008524602,-0.302798940895055,0.3,NA,"rosenzweig_macarthur_2sp_limit_cycle"
6.6963,0.775572507288433,3.47066567007949,-0.444166235686565,-0.242737812889824,-0.318649709091503,0.3,NA,"rosenzweig_macarthur_2sp_limit_cycle"
6.78215,0.793761968975188,3.53083101155299,-0.422478916718355,-0.264633036393997,-0.328083681925499,0.3,NA,"rosenzweig_macarthur_2sp_limit_cycle"
6.868,0.807770299157852,3.59344522877407,-0.411491925367345,-0.274023134380375,-0.33094920337083,0.3,NA,"rosenzweig_macarthur_2sp_limit_cycle"
6.95385,0.817667158634444,3.6582153137048,-0.415341400212018,-0.267319975640538,-0.327682435863982,0.3,NA,"rosenzweig_macarthur_2sp_limit_cycle"
7.0397,0.823602911146697,3.72484944910127,-0.430367710941016,-0.248678778652776,-0.319191222652628,0.3,NA,"rosenzweig_macarthur_2sp_limit_cycle"
7.12555,0.825784680659712,3.79305764304563,-0.450627346244276,-0.224471464685193,-0.306605191120478,0.3,NA,"rosenzweig_macarthur_2sp_limit_cycle"
7.2114,0.824454852488417,3.86255152208732,-0.472841949210743,-0.198329242884285,-0.291021928913815,0.3,NA,"rosenzweig_macarthur_2sp_limit_cycle"
7.29725,0.81987331377447,3.93304350047923,-0.495723001586146,-0.171815296686183,-0.273341437551339,0.3,NA,"rosenzweig_macarthur_2sp_limit_cycle"
7.3831,0.812303866780212,4.00424552823848,-0.51887558649806,-0.145523080123651,-0.25420790938169,0.3,NA,"rosenzweig_macarthur_2sp_limit_cycle"
7.46895,0.80200464798238,4.07586759592794,-0.542269047941629,-0.119611124258035,-0.234030877290672,0.3,NA,"rosenzweig_macarthur_2sp_limit_cycle"
7.5548,0.789222040260544,4.14761614682933,-0.565997492679089,-0.0940501165648002,-0.213047316835666,0.3,NA,"rosenzweig_macarthur_2sp_limit_cycle"
7.64065,0.774187421267319,4.21919252246232,-0.590160665366643,-0.0687505529544372,-0.191394484917915,0.3,NA,"rosenzweig_macarthur_2sp_limit_cycle"
7.7265,0.757116082329828,4.29029154780553,-0.614800938430053,-0.0436342798873244,-0.169174605724317,0.3,NA,"rosenzweig_macarthur_2sp_limit_cycle"
7.81235,0.738207720010965,4.36060034904612,-0.639872872390999,-0.0186727915374886,-0.146501408992211,0.3,NA,"rosenzweig_macarthur_2sp_limit_cycle"
7.8982,0.717648002752443,4.42979748908058,-0.665235444180706,0.0060982297405772,-0.123525027325505,0.3,NA,"rosenzweig_macarthur_2sp_limit_cycle"
7.98405,0.695610819288809,4.49755250347571,-0.690660733297835,0.0305821052355814,-0.100436746636712,0.3,NA,"rosenzweig_macarthur_2sp_limit_cycle"
8.0699,0.672260907774243,4.56352592087988,-0.715853306846054,0.0546363246707876,-0.0774586291441607,0.3,NA,"rosenzweig_macarthur_2sp_limit_cycle"
8.15575,0.647756637623621,4.62736985528529,-0.740474609604693,0.0780938559913951,-0.0548246603872988,0.3,NA,"rosenzweig_macarthur_2sp_limit_cycle"
8.2416,0.62225276829708,4.68872926102816,-0.764167426624112,0.100785442823384,-0.0327597338382368,0.3,NA,"rosenzweig_macarthur_2sp_limit_cycle"
8.32745,0.595903042208547,4.74724394247095,-0.786576967158743,0.122559156109587,-0.0114610768505714,0.3,NA,"rosenzweig_macarthur_2sp_limit_cycle"
8.4133,0.568862485938832,4.80255140591307,-0.807366862311494,0.143295185738988,0.00891544759497511,0.3,NA,"rosenzweig_macarthur_2sp_limit_cycle"
8.49915,0.541289299377642,4.85429062789045,-0.826229869419689,0.162915347978307,0.0282635681467896,0.3,NA,"rosenzweig_macarthur_2sp_limit_cycle"
0,0.51113819,4.90569,-0.575331006882608,0.0397344577643236,-0.0599716178957562,0.4,NA,"rosenzweig_macarthur_2sp_limit_cycle"
0.08585,0.482984563073929,4.94889069038855,-0.572488271369607,0.0544089643881721,-0.0454680962329383,0.4,NA,"rosenzweig_macarthur_2sp_limit_cycle"
0.1717,0.454815916693163,4.98747649631135,-0.567990388715191,0.0687448353941207,-0.0312644242995616,0.4,NA,"rosenzweig_macarthur_2sp_limit_cycle"
0.25755,0.42680984144858,5.02115129200292,-0.561712154126042,0.0827586425015499,-0.0173486055349621,0.4,NA,"rosenzweig_macarthur_2sp_limit_cycle"
0.3434,0.399146077104383,5.049653406464,-0.553587052854674,0.0965274478324033,-0.00364814611296888,0.4,NA,"rosenzweig_macarthur_2sp_limit_cycle"
0.42925,0.372003637437543,5.07276371314417,-0.543600068761044,0.110176175634289,0.00995760383252489,0.4,NA,"rosenzweig_macarthur_2sp_limit_cycle"
0.5151,0.345557104834253,5.09031339777118,-0.531781793230852,0.123865578091984,0.0236254498415471,0.4,NA,"rosenzweig_macarthur_2sp_limit_cycle"
0.60095,0.319972292826762,5.1021908540066,-0.518203685641586,0.137780901611125,0.0375369171931329,0.4,NA,"rosenzweig_macarthur_2sp_limit_cycle"
0.6868,0.295401578880207,5.10834712044673,-0.502974056877465,0.152121185030315,0.0518873894522906,0.4,NA,"rosenzweig_macarthur_2sp_limit_cycle"
0.77265,0.271979294768524,5.10879930339065,-0.486234250831529,0.167089104141806,0.0668757907620353,0.4,NA,"rosenzweig_macarthur_2sp_limit_cycle"
0.8585,0.24981760571514,5.10363154004903,-0.468154525519387,0.182881323189016,0.0826948156160084,0.4,NA,"rosenzweig_macarthur_2sp_limit_cycle"
0.94435,0.229003294527209,5.09299324429906,-0.44892924857623,0.199679389400228,0.099521778918585,0.4,NA,"rosenzweig_macarthur_2sp_limit_cycle"
1.0302,0.20959578671845,5.07709462171382,-0.428771200713257,0.217641263849342,0.117510209045863,0.4,NA,"rosenzweig_macarthur_2sp_limit_cycle"
1.11605,0.191626615863227,5.05619970634876,-0.407905001928091,0.236893632732065,0.136782343261184,0.4,NA,"rosenzweig_macarthur_2sp_limit_cycle"
1.2019,0.175100358644185,5.03061741395699,-0.386559909302919,0.257525170402546,0.157422688711901,0.4,NA,"rosenzweig_macarthur_2sp_limit_cycle"
1.28775,0.159996898645698,5.00069128288012,-0.3649624521298,0.279580947683311,0.179472803861313,0.4,NA,"rosenzweig_macarthur_2sp_limit_cycle"
1.3736,0.14627473902189,4.9667886566382,-0.343329530259524,0.303058190402024,0.202927437034223,0.4,NA,"rosenzweig_macarthur_2sp_limit_cycle"
1.45945,0.133874999569364,4.92929004388733,-0.321862675613012,0.327903596822794,0.227732145365275,0.4,NA,"rosenzweig_macarthur_2sp_limit_cycle"
1.5453,0.122725711671305,4.88857928574401,-0.300744139624987,0.354012402859215,0.253782503656035,0.4,NA,"rosenzweig_macarthur_2sp_limit_cycle"
1.63115,0.112746058546989,4.84503499652169,-0.280135322060074,0.381229336335112,0.280924997005996,0.4,NA,"rosenzweig_macarthur_2sp_limit_cycle"
1.717,0.10385028140597,4.79902355660551,-0.260177812407108,0.409351529747233,0.308959669135975,0.4,NA,"rosenzweig_macarthur_2sp_limit_cycle"
1.80285,0.0959510637346394,4.75089375725772,-0.240997020601176,0.438133379551179,0.337644567509243,0.4,NA,"rosenzweig_macarthur_2sp_limit_cycle"
1.8887,0.0889622972424615,4.70097304913643,-0.222708070785707,0.467293275826122,0.366701995441419,0.4,NA,"rosenzweig_macarthur_2sp_limit_cycle"
1.97455,0.0828012107128505,4.64956524047825,-0.205423372179666,0.496522095648627,0.39582655626771,0.4,NA,"rosenzweig_macarthur_2sp_limit_cycle"
2.0604,0.0773899004376756,4.59694942845745,-0.189261077152873,0.525493349710404,0.424694950337168,0.4,NA,"rosenzweig_macarthur_2sp_limit_cycle"
2.14625,0.0726563369841659,4.54337992246176,-0.174353489412365,0.553874852356248,0.452977431403898,0.4,NA,"rosenzweig_macarthur_2sp_limit_cycle"
2.2321,0.0685349404205812,4.48908692170879,-0.160854369500831,0.581341687481882,0.480350696494321,0.4,NA,"rosenzweig_macarthur_2sp_limit_cycle"
2.31795,0.0649668192974207,4.43427773191664,-0.148943975782059,0.607589987964089,0.506511704485708,0.4,NA,"rosenzweig_macarthur_2sp_limit_cycle"
2.4038,0.0618997624361581,4.37913833797705,-0.138830569902295,0.632350605071322,0.531191467426484,0.4,NA,"rosenzweig_macarthur_2sp_limit_cycle"
2.48965,0.0592880611007875,4.32383518513098,-0.130747072629469,0.655401169115743,0.554167284540512,0.4,NA,"rosenzweig_macarthur_2sp_limit_cycle"
2.5755,0.0570922255977363,4.26851705555032,-0.124941707329028,0.676574531380907,0.575271383381023,0.4,NA,"rosenzweig_macarthur_2sp_limit_cycle"
2.66135,0.0552786469036486,4.21331695789851,-0.121662024829052,0.695761455348298,0.594393814415591,0.4,NA,"rosenzweig_macarthur_2sp_limit_cycle"
2.7472,0.0538192418079016,4.15835397320908,-0.121132838921344,0.712906050916112,0.611478069481673,0.4,NA,"rosenzweig_macarthur_2sp_limit_cycle"
2.83305,0.0526911098653215,4.10373502108145,-0.123530296888899,0.727993965263292,0.626509409821208,0.4,NA,"rosenzweig_macarthur_2sp_limit_cycle"
2.9189,0.0518762223300914,4.04955652610861,-0.128956126159697,0.741035437354841,0.639497982735778,0.4,NA,"rosenzweig_macarthur_2sp_limit_cycle"
3.00475,0.0513611570675451,3.99590597627422,-0.137417219013368,0.752047146846077,0.650460642795309,0.4,NA,"rosenzweig_macarthur_2sp_limit_cycle"
3.0906,0.0511368889672859,3.94286337352344,-0.148815285761811,0.761037336868151,0.659405969030764,0.4,NA,"rosenzweig_macarthur_2sp_limit_cycle"
3.17645,0.0511986423123938,3.89050258253966,-0.162949087146246,0.767997482241834,0.666325789691891,0.4,NA,"rosenzweig_macarthur_2sp_limit_cycle"
3.2623,0.0515458096010582,3.83889258757703,-0.179528501281474,0.772901311331409,0.671194074508001,0.4,NA,"rosenzweig_macarthur_2sp_limit_cycle"
3.34815,0.0521819402008399,3.78809866952742,-0.198196781852423,0.775709508841942,0.673971560869072,0.4,NA,"rosenzweig_macarthur_2sp_limit_cycle"
3.434,0.0531148017078432,3.73818351664823,-0.218555993717272,0.776377063785545,0.67461308948139,0.4,NA,"rosenzweig_macarthur_2sp_limit_cycle"
3.51985,0.0543565167802322,3.68920828284616,-0.240191032554394,0.774860320179423,0.673074692982774,0.4,NA,"rosenzweig_macarthur_2sp_limit_cycle"
3.6057,0.0559237783362473,3.64123360731252,-0.262689215390313,0.771121864893201,0.669318546473992,0.4,NA,"rosenzweig_macarthur_2sp_limit_cycle"
3.69155,0.0578381461779565,3.59432060876526,-0.285654264834517,0.765132677366595,0.663315181773448,0.4,NA,"rosenzweig_macarthur_2sp_limit_cycle"
3.7774,0.0601264281420585,3.54853186662806,-0.308714923606756,0.756871912037859,0.655043322761145,0.4,NA,"rosenzweig_macarthur_2sp_limit_cycle"
3.86325,0.0628211485792849,3.50393240016132,-0.331529204801598,0.746325116132573,0.644488140439421,0.4,NA,"rosenzweig_macarthur_2sp_limit_cycle"
3.9491,0.0659611060650357,3.46059065478323,-0.3537855031324,0.73348170797704,0.63163875505303,0.4,NA,"rosenzweig_macarthur_2sp_limit_cycle"
4.03495,0.0695920204090155,3.41857950245459,-0.375201676899079,0.718332349599098,0.616485624043562,0.4,NA,"rosenzweig_macarthur_2sp_limit_cycle"
4.1208,0.0737672658143956,3.37797725985834,-0.395522965948676,0.700866606726892,0.599018214697215,0.4,NA,"rosenzweig_macarthur_2sp_limit_cycle"
4.20665,0.0785486818446354,3.33886872393314,-0.414519344196141,0.681071088757318,0.579223159845049,0.4,NA,"rosenzweig_macarthur_2sp_limit_cycle"
4.2925,0.0840074459095912,3.30134621880866,-0.43198270053631,0.658928132106459,0.557082966189121,0.4,NA,"rosenzweig_macarthur_2sp_limit_cycle"
4.37835,0.0902249792792865,3.26551064097386,-0.447724077540191,0.634415026951213,0.532575282948935,0.4,NA,"rosenzweig_macarthur_2sp_limit_cycle"
4.4642,0.0972938419233143,3.23147248019349,-0.461571113015972,0.607503773573742,0.505672728214645,0.4,NA,"rosenzweig_macarthur_2sp_limit_cycle"
4.55005,0.105318548269088,3.19935278188958,-0.473365763349998,0.578161374604831,0.476343297275582,0.4,NA,"rosenzweig_macarthur_2sp_limit_cycle"
4.6359,0.11441620463251,3.16928400212664,-0.482962375418339,0.54635070501301,0.444551425228085,0.4,NA,"rosenzweig_macarthur_2sp_limit_cycle"
4.72175,0.12471682802344,3.14141068890262,-0.490226172900938,0.512032050862902,0.410259848089708,0.4,NA,"rosenzweig_macarthur_2sp_limit_cycle"
4.8076,0.136363154195925,3.11588990347035,-0.495032248099929,0.475165459152166,0.373432499663373,0.4,NA,"rosenzweig_macarthur_2sp_limit_cycle"
4.89345,0.149509680431118,3.09289127388137,-0.497265197333719,0.435714098387063,0.334038816291074,0.4,NA,"rosenzweig_macarthur_2sp_limit_cycle"
4.9793,0.164320618434384,3.07259655182968,-0.496819610027362,0.393648893977153,0.292060032043498,0.4,NA,"rosenzweig_macarthur_2sp_limit_cycle"
5.06515,0.180966362224765,3.05519852649829,-0.493601743007054,0.348954784476638,0.247498406445397,0.4,NA,"rosenzweig_macarthur_2sp_limit_cycle"
5.151,0.199618019330239,3.04089914042929,-0.487532909664183,0.301639082946001,0.200390995079857,0.4,NA,"rosenzweig_macarthur_2sp_limit_cycle"
5.23685,0.220439535050011,3.02990665907452,-0.478555480752212,0.251742692612101,0.150830842589034,0.4,NA,"rosenzweig_macarthur_2sp_limit_cycle"
5.3227,0.24357699473272,3.02243177546602,-0.466643072616369,0.199355473961157,0.0990008725346573,0.4,NA,"rosenzweig_macarthur_2sp_limit_cycle"
5.40855,0.26914486435923,3.01868259210371,-0.451817770021345,0.14463817572503,0.0452300018768919,0.4,NA,"rosenzweig_macarthur_2sp_limit_cycle"
5.4944,0.297209275247648,3.01885851895736,-0.434179578834546,0.0878555309476897,-0.00991253618487631,0.4,NA,"rosenzweig_macarthur_2sp_limit_cycle"
5.58025,0.327769011236244,3.02314325884018,-0.413957840975173,0.029429528481149,-0.0654627880573416,0.4,NA,"rosenzweig_macarthur_2sp_limit_cycle"
5.6661,0.360735611260317,3.03169720918861,-0.391605255366663,-0.0299672560072824,-0.119834690321599,0.4,NA,"rosenzweig_macarthur_2sp_limit_cycle"
5.75195,0.39591487356613,3.0446497701937,-0.367993174924099,-0.0892202586597477,-0.170572338059899,0.4,NA,"rosenzweig_macarthur_2sp_limit_cycle"
5.8378,0.432992848547461,3.06209217955878,-0.344942754258283,-0.146249255010602,-0.214318110386341,0.4,NA,"rosenzweig_macarthur_2sp_limit_cycle"
5.92365,0.471529839076447,3.0840715546348,-0.327212275081105,-0.196031981816931,-0.247455786937676,0.4,NA,"rosenzweig_macarthur_2sp_limit_cycle"
6.0095,0.510965654435273,3.11058677976155,-0.328351892999236,-0.224763092120102,-0.267619008700706,0.4,NA,"rosenzweig_macarthur_2sp_limit_cycle"
6.09535,0.550638148039531,3.14158671630234,-0.358287058942108,-0.222285846899248,-0.275094835780469,0.4,NA,"rosenzweig_macarthur_2sp_limit_cycle"
6.1812,0.589814938625306,3.1769709511566,-0.399987869185559,-0.205437484398234,-0.27264456280662,0.4,NA,"rosenzweig_macarthur_2sp_limit_cycle"
6.26705,0.627735575196316,3.21659298347561,-0.441763226522814,-0.18576744338025,-0.26393676219601,0.4,NA,"rosenzweig_macarthur_2sp_limit_cycle"
6.3529,0.663658986802883,3.26026544520828,-0.480094689626765,-0.166711882796364,-0.252147715155712,0.4,NA,"rosenzweig_macarthur_2sp_limit_cycle"
6.43875,0.696909659541792,3.30776672385432,-0.513850499445683,-0.149382975632741,-0.239471334887739,0.4,NA,"rosenzweig_macarthur_2sp_limit_cycle"
6.5246,0.726916124797522,3.35884824792738,-0.542688037626675,-0.134164530665167,-0.227228899775635,0.4,NA,"rosenzweig_macarthur_2sp_limit_cycle"
6.61045,0.753237006736848,3.41324171551969,-0.566608824154947,-0.121150480727844,-0.21613897084565,0.4,NA,"rosenzweig_macarthur_2sp_limit_cycle"
6.6963,0.775572507288433,3.47066567007949,-0.585793078168659,-0.110300473608436,-0.206547429309373,0.4,NA,"rosenzweig_macarthur_2sp_limit_cycle"
6.78215,0.793761968975188,3.53083101155299,-0.600521659012871,-0.101506286961684,-0.198580077379388,0.4,NA,"rosenzweig_macarthur_2sp_limit_cycle"
6.868,0.807770299157852,3.59344522877407,-0.61113355009939,-0.0946223891657939,-0.192233339234967,0.4,NA,"rosenzweig_macarthur_2sp_limit_cycle"
6.95385,0.817667158634444,3.6582153137048,-0.618001784658234,-0.0894789266923508,-0.187424345281838,0.4,NA,"rosenzweig_macarthur_2sp_limit_cycle"
7.0397,0.823602911146697,3.72484944910127,-0.621521176742017,-0.0858845433414252,-0.184015870930258,0.4,NA,"rosenzweig_macarthur_2sp_limit_cycle"
7.12555,0.825784680659712,3.79305764304563,-0.622104710340635,-0.0836225232903138,-0.18182579681862,0.4,NA,"rosenzweig_macarthur_2sp_limit_cycle"
7.2114,0.824454852488417,3.86255152208732,-0.620186452111005,-0.0824424055866566,-0.180627146388927,0.4,NA,"rosenzweig_macarthur_2sp_limit_cycle"
7.29725,0.81987331377447,3.93304350047923,-0.61622868135277,-0.0820491600451712,-0.180143117953668,0.4,NA,"rosenzweig_macarthur_2sp_limit_cycle"
7.3831,0.812303866780212,4.00424552823848,-0.610729978469224,-0.0820928539536428,-0.18004132846717,0.4,NA,"rosenzweig_macarthur_2sp_limit_cycle"
7.46895,0.80200464798238,4.07586759592794,-0.604229450259172,-0.0821632633196928,-0.17993219825337,0.4,NA,"rosenzweig_macarthur_2sp_limit_cycle"
7.5548,0.789222040260544,4.14761614682933,-0.597300600924345,-0.0817955818854054,-0.179377292084538,0.4,NA,"rosenzweig_macarthur_2sp_limit_cycle"
7.64065,0.774187421267319,4.21919252246232,-0.590527798148776,-0.0804939915400648,-0.177913257098161,0.4,NA,"rosenzweig_macarthur_2sp_limit_cycle"
7.7265,0.757116082329828,4.29029154780553,-0.5844609487554,-0.0777772600263429,-0.175094125391597,0.4,NA,"rosenzweig_macarthur_2sp_limit_cycle"
7.81235,0.738207720010965,4.36060034904612,-0.579551700570613,-0.0732428946524509,-0.170548159991868,0.4,NA,"rosenzweig_macarthur_2sp_limit_cycle"
7.8982,0.717648002752443,4.42979748908058,-0.576085941721647,-0.0666349854771469,-0.164036597664321,0.4,NA,"rosenzweig_macarthur_2sp_limit_cycle"
7.98405,0.695610819288809,4.49755250347571,-0.574135945700556,-0.0578923434397206,-0.155495536834151,0.4,NA,"rosenzweig_macarthur_2sp_limit_cycle"
8.0699,0.672260907774243,4.56352592087988,-0.573552574350877,-0.0471565167193334,-0.145044632756177,0.4,NA,"rosenzweig_macarthur_2sp_limit_cycle"
8.15575,0.647756637623621,4.62736985528529,-0.574001994856862,-0.0347352606637469,-0.132958132891927,0.4,NA,"rosenzweig_macarthur_2sp_limit_cycle"
8.2416,0.62225276829708,4.68872926102816,-0.575032442960125,-0.0210359880275607,-0.11960849974068,0.4,NA,"rosenzweig_macarthur_2sp_limit_cycle"
8.32745,0.595903042208547,4.74724394247095,-0.576147506147623,-0.0064928144397159,-0.105401322024861,0.4,NA,"rosenzweig_macarthur_2sp_limit_cycle"
8.4133,0.568862485938832,4.80255140591307,-0.576866625474013,0.00849339304733836,-0.0907186938953674,0.4,NA,"rosenzweig_macarthur_2sp_limit_cycle"
8.49915,0.541289299377642,4.85429062789045,-0.576764382369302,0.0235934040407197,-0.0758803397671249,0.4,NA,"rosenzweig_macarthur_2sp_limit_cycle"
0,0.51113819,4.90569,-0.260427849099957,-0.0795283564197308,-0.138175014402082,0.5,NA,"rosenzweig_macarthur_2sp_limit_cycle"
0.08585,0.482984563073929,4.94889069038855,-0.24231692927817,-0.0719866357252174,-0.128693372957,0.5,NA,"rosenzweig_macarthur_2sp_limit_cycle"
0.1717,0.454815916693163,4.98747649631135,-0.224672732337568,-0.0631414828678372,-0.118121922591852,0.5,NA,"rosenzweig_macarthur_2sp_limit_cycle"
0.25755,0.42680984144858,5.02115129200292,-0.207362533720429,-0.0530495146452462,-0.106534763610536,0.5,NA,"rosenzweig_macarthur_2sp_limit_cycle"
0.3434,0.399146077104383,5.049653406464,-0.190290022726181,-0.041734484013803,-0.0939741701694499,0.5,NA,"rosenzweig_macarthur_2sp_limit_cycle"
0.42925,0.372003637437543,5.07276371314417,-0.173399829003715,-0.0291886290023643,-0.0804564821132212,0.5,NA,"rosenzweig_macarthur_2sp_limit_cycle"
0.5151,0.345557104834253,5.09031339777118,-0.15667789122376,-0.0153789491641843,-0.0659796061390075,0.5,NA,"rosenzweig_macarthur_2sp_limit_cycle"
0.60095,0.319972292826762,5.1021908540066,-0.140151667723624,-0.000254203560828744,-0.0505292252757184,0.5,NA,"rosenzweig_macarthur_2sp_limit_cycle"
0.6868,0.295401578880207,5.10834712044673,-0.12389269838491,0.0162501967897841,-0.0340820663771272,0.5,NA,"rosenzweig_macarthur_2sp_limit_cycle"
0.77265,0.271979294768524,5.10879930339065,-0.108021131334951,0.0342094368278218,-0.0166060411217526,0.5,NA,"rosenzweig_macarthur_2sp_limit_cycle"
0.8585,0.24981760571514,5.10363154004903,-0.0927087099478928,0.0537056788744335,0.00194148874162809,0.5,NA,"rosenzweig_macarthur_2sp_limit_cycle"
0.94435,0.229003294527209,5.09299324429906,-0.0781751427285902,0.0748190447779733,0.0216149022987653,0.5,NA,"rosenzweig_macarthur_2sp_limit_cycle"
1.0302,0.20959578671845,5.07709462171382,-0.0646743059008726,0.0976101945847557,0.0424778863286121,0.5,NA,"rosenzweig_macarthur_2sp_limit_cycle"
1.11605,0.191626615863227,5.05619970634876,-0.052471285571112,0.122096024387175,0.0645944876143528,0.5,NA,"rosenzweig_macarthur_2sp_limit_cycle"
1.2019,0.175100358644185,5.03061741395699,-0.0418162839544058,0.14822496066515,0.0880121790563622,0.5,NA,"rosenzweig_macarthur_2sp_limit_cycle"
1.28775,0.159996898645698,5.00069128288012,-0.0329232902822435,0.175860118705019,0.112738283823995,0.5,NA,"rosenzweig_macarthur_2sp_limit_cycle"
1.3736,0.14627473902189,4.9667886566382,-0.0259588432447046,0.204775896909675,0.13871473581991,0.5,NA,"rosenzweig_macarthur_2sp_limit_cycle"
1.45945,0.133874999569364,4.92929004388733,-0.0210414764286511,0.234668666090051,0.165798969970464,0.5,NA,"rosenzweig_macarthur_2sp_limit_cycle"
1.5453,0.122725711671305,4.88857928574401,-0.0182487815338134,0.265178301056628,0.193758625568566,0.5,NA,"rosenzweig_macarthur_2sp_limit_cycle"
1.63115,0.112746058546989,4.84503499652169,-0.017627702398336,0.295915621638266,0.222283770744672,0.5,NA,"rosenzweig_macarthur_2sp_limit_cycle"
1.717,0.10385028140597,4.79902355660551,-0.0192039816873688,0.326490689916684,0.251014065648049,0.5,NA,"rosenzweig_macarthur_2sp_limit_cycle"
1.80285,0.0959510637346394,4.75089375725772,-0.0229877205415768,0.356537511358956,0.279573019533866,0.5,NA,"rosenzweig_macarthur_2sp_limit_cycle"
1.8887,0.0889622972424615,4.70097304913643,-0.028973450871446,0.38573180672048,0.30759997214079,0.5,NA,"rosenzweig_macarthur_2sp_limit_cycle"
1.97455,0.0828012107128505,4.64956524047825,-0.0371348727070445,0.413800194005995,0.334772851208564,0.5,NA,"rosenzweig_macarthur_2sp_limit_cycle"
2.0604,0.0773899004376756,4.59694942845745,-0.0474161552561991,0.440521119789207,0.360819194058872,0.5,NA,"rosenzweig_macarthur_2sp_limit_cycle"
2.14625,0.0726563369841659,4.54337992246176,-0.0597228821873042,0.465719635408848,0.385516988515771,0.5,NA,"rosenzweig_macarthur_2sp_limit_cycle"
2.2321,0.0685349404205812,4.48908692170879,-0.0739158549046054,0.489259043679839,0.4086891375293,0.5,NA,"rosenzweig_macarthur_2sp_limit_cycle"
2.31795,0.0649668192974207,4.43427773191664,-0.0898099862513307,0.51103228090402,0.430195554583496,0.5,NA,"rosenzweig_macarthur_2sp_limit_cycle"
2.4038,0.0618997624361581,4.37913833797705,-0.107178853400226,0.530954890757865,0.449925714168392,0.5,NA,"rosenzweig_macarthur_2sp_limit_cycle"
2.48965,0.0592880611007875,4.32383518513098,-0.12576384120855,0.548960164431229,0.467792870037457,0.5,NA,"rosenzweig_macarthur_2sp_limit_cycle"
2.5755,0.0570922255977363,4.26851705555032,-0.145285803888009,0.564996040672265,0.483729892741698,0.5,NA,"rosenzweig_macarthur_2sp_limit_cycle"
2.66135,0.0552786469036486,4.21331695789851,-0.16545701760586,0.579022949411273,0.497686088995273,0.5,NA,"rosenzweig_macarthur_2sp_limit_cycle"
2.7472,0.0538192418079016,4.15835397320908,-0.185991696473704,0.591011873741181,0.509624358723539,0.5,NA,"rosenzweig_macarthur_2sp_limit_cycle"
2.83305,0.0526911098653215,4.10373502108145,-0.206614123902238,0.600942235316979,0.519518324932146,0.5,NA,"rosenzweig_macarthur_2sp_limit_cycle"
2.9189,0.0518762223300914,4.04955652610861,-0.227064171510053,0.608799532580037,0.527349368150692,0.5,NA,"rosenzweig_macarthur_2sp_limit_cycle"
3.00475,0.0513611570675451,3.99590597627422,-0.247100460144852,0.614572856590119,0.533103677039484,0.5,NA,"rosenzweig_macarthur_2sp_limit_cycle"
3.0906,0.0511368889672859,3.94286337352344,-0.266501651887846,0.618252463641648,0.536769473407116,0.5,NA,"rosenzweig_macarthur_2sp_limit_cycle"
3.17645,0.0511986423123938,3.89050258253966,-0.285066396372065,0.619827547799023,0.538334531661776,0.5,NA,"rosenzweig_macarthur_2sp_limit_cycle"
3.2623,0.0515458096010582,3.83889258757703,-0.302612397702726,0.619284286117673,0.537784043776133,0.5,NA,"rosenzweig_macarthur_2sp_limit_cycle"
3.34815,0.0521819402008399,3.78809866952742,-0.318974952605417,0.616604163662714,0.535098818539002,0.5,NA,"rosenzweig_macarthur_2sp_limit_cycle"
3.434,0.0531148017078432,3.73818351664823,-0.334005214676876,0.611762541480131,0.530253763887642,0.5,NA,"rosenzweig_macarthur_2sp_limit_cycle"
3.51985,0.0543565167802322,3.68920828284616,-0.347568342136344,0.604727411003157,0.523216585336466,0.5,NA,"rosenzweig_macarthur_2sp_limit_cycle"
3.6057,0.0559237783362473,3.64123360731252,-0.359541630564091,0.595458279992111,0.513946638651491,0.5,NA,"rosenzweig_macarthur_2sp_limit_cycle"
3.69155,0.0578381461779565,3.59432060876526,-0.369812686719576,0.583905153202772,0.502393896246001,0.5,NA,"rosenzweig_macarthur_2sp_limit_cycle"
3.7774,0.0601264281420585,3.54853186662806,-0.378277688157944,0.57000760577483,0.488498024851713,0.5,NA,"rosenzweig_macarthur_2sp_limit_cycle"
3.86325,0.0628211485792849,3.50393240016132,-0.38483978455262,0.553694000417742,0.472187629116385,0.5,NA,"rosenzweig_macarthur_2sp_limit_cycle"
3.9491,0.0659611060650357,3.46059065478323,-0.389407750302555,0.53488098989398,0.453379812126487,0.5,NA,"rosenzweig_macarthur_2sp_limit_cycle"
4.03495,0.0695920204090155,3.41857950245459,-0.391895114780834,0.513473590862732,0.431980358462198,0.5,NA,"rosenzweig_macarthur_2sp_limit_cycle"
4.1208,0.0737672658143956,3.37797725985834,-0.392220227933966,0.489366374700816,0.407885123335421,0.5,NA,"rosenzweig_macarthur_2sp_limit_cycle"
4.20665,0.0785486818446354,3.33886872393314,-0.39030815345377,0.462446774572946,0.380983700002487,0.5,NA,"rosenzweig_macarthur_2sp_limit_cycle"
4.2925,0.0840074459095912,3.30134621880866,-0.386096087971511,0.432602334259341,0.351167331290612,0.5,NA,"rosenzweig_macarthur_2sp_limit_cycle"
4.37835,0.0902249792792865,3.26551064097386,-0.379545480704963,0.399735208769796,0.318344643776507,0.5,NA,"rosenzweig_macarthur_2sp_limit_cycle"
4.4642,0.0972938419233143,3.23147248019349,-0.370666661372083,0.363789858703669,0.282471644472787,0.5,NA,"rosenzweig_macarthur_2sp_limit_cycle"
4.55005,0.105318548269088,3.19935278188958,-0.359566236758233,0.324804318722598,0.243607198182037,0.5,NA,"rosenzweig_macarthur_2sp_limit_cycle"
4.6359,0.11441620463251,3.16928400212664,-0.34653414660012,0.283002014502925,0.202011983835953,0.5,NA,"rosenzweig_macarthur_2sp_limit_cycle"
4.72175,0.12471682802344,3.14141068890262,-0.332193863374061,0.238947637482221,0.158314022226183,0.5,NA,"rosenzweig_macarthur_2sp_limit_cycle"
4.8076,0.136363154195925,3.11588990347035,-0.31773370028419,0.193784983877286,0.113750127768576,0.5,NA,"rosenzweig_macarthur_2sp_limit_cycle"
4.89345,0.149509680431118,3.09289127388137,-0.305181131021514,0.149518496638046,0.0704126301263787,0.5,NA,"rosenzweig_macarthur_2sp_limit_cycle"
4.9793,0.164320618434384,3.07259655182968,-0.297502112533003,0.10912021305246,0.031227511818428,0.5,NA,"rosenzweig_macarthur_2sp_limit_cycle"
5.06515,0.180966362224765,3.05519852649829,-0.298020395739038,0.0759566922365507,-0.000790982104521005,0.5,NA,"rosenzweig_macarthur_2sp_limit_cycle"
5.151,0.199618019330239,3.04089914042929,-0.308819716311831,0.0521982868490929,-0.0240030625134416,0.5,NA,"rosenzweig_macarthur_2sp_limit_cycle"
5.23685,0.220439535050011,3.02990665907452,-0.329235441951138,0.0373167255306405,-0.0391249989114943,0.5,NA,"rosenzweig_macarthur_2sp_limit_cycle"
5.3227,0.24357699473272,3.02243177546602,-0.35634222694096,0.0285769015789106,-0.0485891588792346,0.5,NA,"rosenzweig_macarthur_2sp_limit_cycle"
5.40855,0.26914486435923,3.01868259210371,-0.386867551051214,0.0229520962958124,-0.0550371077424771,0.5,NA,"rosenzweig_macarthur_2sp_limit_cycle"
5.4944,0.297209275247648,3.01885851895736,-0.418429557414433,0.0183604657176688,-0.060348854138482,0.5,NA,"rosenzweig_macarthur_2sp_limit_cycle"
5.58025,0.327769011236244,3.02314325884018,-0.449665219449971,0.0137883529071986,-0.0654908663701108,0.5,NA,"rosenzweig_macarthur_2sp_limit_cycle"
5.6661,0.360735611260317,3.03169720918861,-0.479909743039635,0.0089610573823736,-0.0707553360269315,0.5,NA,"rosenzweig_macarthur_2sp_limit_cycle"
5.75195,0.39591487356613,3.0446497701937,-0.508865833854527,0.00399969070171848,-0.07605226596383,0.5,NA,"rosenzweig_macarthur_2sp_limit_cycle"
5.8378,0.432992848547461,3.06209217955878,-0.536372809494333,-0.000825538752447992,-0.0811382323589454,0.5,NA,"rosenzweig_macarthur_2sp_limit_cycle"
5.92365,0.471529839076447,3.0840715546348,-0.562270079562322,-0.00525027624220974,-0.0857679450777874,0.5,NA,"rosenzweig_macarthur_2sp_limit_cycle"
6.0095,0.510965654435273,3.11058677976155,-0.586334041315875,-0.00909887302750546,-0.0897784105467293,0.5,NA,"rosenzweig_macarthur_2sp_limit_cycle"
6.09535,0.550638148039531,3.14158671630234,-0.608270190240248,-0.0123116492041784,-0.0931183763576771,0.5,NA,"rosenzweig_macarthur_2sp_limit_cycle"
6.1812,0.589814938625306,3.1769709511566,-0.627741866245614,-0.0149332442389975,-0.0958384494136737,0.5,NA,"rosenzweig_macarthur_2sp_limit_cycle"
6.26705,0.627735575196316,3.21659298347561,-0.644415573757067,-0.0170803096478099,-0.0980598531216082,0.5,NA,"rosenzweig_macarthur_2sp_limit_cycle"
6.3529,0.663658986802883,3.26026544520828,-0.658005032877733,-0.0189050178230882,-0.0999384185806243,0.5,NA,"rosenzweig_macarthur_2sp_limit_cycle"
6.43875,0.696909659541792,3.30776672385432,-0.668302479813047,-0.0205652263656114,-0.101634890023908,0.5,NA,"rosenzweig_macarthur_2sp_limit_cycle"
6.5246,0.726916124797522,3.35884824792738,-0.675193231158339,-0.0222054902732226,-0.10329593643064,0.5,NA,"rosenzweig_macarthur_2sp_limit_cycle"
6.61045,0.753237006736848,3.41324171551969,-0.678655199371529,-0.0239482190114397,-0.105045271928608,0.5,NA,"rosenzweig_macarthur_2sp_limit_cycle"
6.6963,0.775572507288433,3.47066567007949,-0.67874785518621,-0.0258919956156909,-0.106981930991633,0.5,NA,"rosenzweig_macarthur_2sp_limit_cycle"
6.78215,0.793761968975188,3.53083101155299,-0.675595613116828,-0.0281137897360813,-0.1091824185942,0.5,NA,"rosenzweig_macarthur_2sp_limit_cycle"
6.868,0.807770299157852,3.59344522877407,-0.669369808099567,-0.0306724835036284,-0.11170412804914,0.5,NA,"rosenzweig_macarthur_2sp_limit_cycle"
6.95385,0.817667158634444,3.6582153137048,-0.660272181519201,-0.0336120297535359,-0.114588317013673,0.5,NA,"rosenzweig_macarthur_2sp_limit_cycle"
7.0397,0.823602911146697,3.72484944910127,-0.648521601850547,-0.0369633160400949,-0.117861685704579,0.5,NA,"rosenzweig_macarthur_2sp_limit_cycle"
7.12555,0.825784680659712,3.79305764304563,-0.634344785416176,-0.0407443275053541,-0.121536120638478,0.5,NA,"rosenzweig_macarthur_2sp_limit_cycle"
7.2114,0.824454852488417,3.86255152208732,-0.617971109863627,-0.0449585297598628,-0.125606497541446,0.5,NA,"rosenzweig_macarthur_2sp_limit_cycle"
7.29725,0.81987331377447,3.93304350047923,-0.59963116104043,-0.0495916064377538,-0.130046662386325,0.5,NA,"rosenzweig_macarthur_2sp_limit_cycle"
7.3831,0.812303866780212,4.00424552823848,-0.579558350993504,-0.0546068648835591,-0.134803922297946,0.5,NA,"rosenzweig_macarthur_2sp_limit_cycle"
7.46895,0.80200464798238,4.07586759592794,-0.557992700107687,-0.0599398245452835,-0.139792654364452,0.5,NA,"rosenzweig_macarthur_2sp_limit_cycle"
7.5548,0.789222040260544,4.14761614682933,-0.535185634049545,-0.0654927679730706,-0.144888044834436,0.5,NA,"rosenzweig_macarthur_2sp_limit_cycle"
7.64065,0.774187421267319,4.21919252246232,-0.511404367079418,-0.0711303630036786,-0.149921515410923,0.5,NA,"rosenzweig_macarthur_2sp_limit_cycle"
7.7265,0.757116082329828,4.29029154780553,-0.486934176813984,-0.0766777979119463,-0.154679987178433,0.5,NA,"rosenzweig_macarthur_2sp_limit_cycle"
7.81235,0.738207720010965,4.36060034904612,-0.462076743376648,-0.0819230703233219,-0.158911507183519,0.5,NA,"rosenzweig_macarthur_2sp_limit_cycle"
7.8982,0.717648002752443,4.42979748908058,-0.437142943886483,-0.0866249145251384,-0.162339428378749,0.5,NA,"rosenzweig_macarthur_2sp_limit_cycle"
7.98405,0.695610819288809,4.49755250347571,-0.412439278949965,-0.0905271189083248,-0.16468573588477,0.5,NA,"rosenzweig_macarthur_2sp_limit_cycle"
8.0699,0.672260907774243,4.56352592087988,-0.388248552502108,-0.0933785857809263,-0.165701068969715,0.5,NA,"rosenzweig_macarthur_2sp_limit_cycle"
8.15575,0.647756637623621,4.62736985528529,-0.364807329875544,-0.0949566198313294,-0.165195306791122,0.5,NA,"rosenzweig_macarthur_2sp_limit_cycle"
8.2416,0.62225276829708,4.68872926102816,-0.342284519042719,-0.0950891433102078,-0.163060228007276,0.5,NA,"rosenzweig_macarthur_2sp_limit_cycle"
8.32745,0.595903042208547,4.74724394247095,-0.320766396137549,-0.093670588941374,-0.159276819639117,0.5,NA,"rosenzweig_macarthur_2sp_limit_cycle"
8.4133,0.568862485938832,4.80255140591307,-0.300252807281136,-0.0906668319672674,-0.153904671228564,0.5,NA,"rosenzweig_macarthur_2sp_limit_cycle"
8.49915,0.541289299377642,4.85429062789045,-0.280666825142677,-0.0861069969663304,-0.147057270340399,0.5,NA,"rosenzweig_macarthur_2sp_limit_cycle"
0,0.51113819,4.90569,-0.160711043279344,0.0344885116030247,-0.0209179924872016,0.6,NA,"rosenzweig_macarthur_2sp_limit_cycle"
0.08585,0.482984563073929,4.94889069038855,-0.150699816931918,0.0516228163253209,-0.00461265111419786,0.6,NA,"rosenzweig_macarthur_2sp_limit_cycle"
0.1717,0.454815916693163,4.98747649631135,-0.140506044032223,0.0684247440008843,0.0114665762160285,0.6,NA,"rosenzweig_macarthur_2sp_limit_cycle"
0.25755,0.42680984144858,5.02115129200292,-0.129746105148047,0.0844342383978656,0.02693217895279,0.6,NA,"rosenzweig_macarthur_2sp_limit_cycle"
0.3434,0.399146077104383,5.049653406464,-0.11811774713084,0.0992532771370633,0.0414331968201723,0.6,NA,"rosenzweig_macarthur_2sp_limit_cycle"
0.42925,0.372003637437543,5.07276371314417,-0.105387543956126,0.112530802093573,0.0546571000945986,0.6,NA,"rosenzweig_macarthur_2sp_limit_cycle"
0.5151,0.345557104834253,5.09031339777118,-0.0913783571071799,0.123949158343195,0.0663316840529543,0.6,NA,"rosenzweig_macarthur_2sp_limit_cycle"
0.60095,0.319972292826762,5.1021908540066,-0.0759586219404063,0.133214438448645,0.0762305912345759,0.6,NA,"rosenzweig_macarthur_2sp_limit_cycle"
0.6868,0.295401578880207,5.10834712044673,-0.0590335824458919,0.140051308333187,0.0841860487433458,0.6,NA,"rosenzweig_macarthur_2sp_limit_cycle"
0.77265,0.271979294768524,5.10879930339065,-0.0405382107881586,0.144202237533447,0.0901129581006812,0.6,NA,"rosenzweig_macarthur_2sp_limit_cycle"
0.8585,0.24981760571514,5.10363154004903,-0.0204319451939419,0.145431054838997,0.0940496292322135,0.6,NA,"rosenzweig_macarthur_2sp_limit_cycle"
0.94435,0.229003294527209,5.09299324429906,0.00130347766764515,0.143531422647642,0.0962214291229876,0.6,NA,"rosenzweig_macarthur_2sp_limit_cycle"
1.0302,0.20959578671845,5.07709462171382,0.0246591213876331,0.138343083980509,0.0971311957505098,0.6,NA,"rosenzweig_macarthur_2sp_limit_cycle"
1.11605,0.191626615863227,5.05619970634876,0.0495727874530508,0.129788583093489,0.097665644389168,0.6,NA,"rosenzweig_macarthur_2sp_limit_cycle"
1.2019,0.175100358644185,5.03061741395699,0.0757761774232802,0.118034676621535,0.0991648866983265,0.6,NA,"rosenzweig_macarthur_2sp_limit_cycle"
1.28775,0.159996898645698,5.00069128288012,0.0971284324277224,0.109164177561728,0.103330884559145,0.6,NA,"rosenzweig_macarthur_2sp_limit_cycle"
1.3736,0.14627473902189,4.9667886566382,0.0823089994478357,0.134484706879814,0.111827587305829,0.6,NA,"rosenzweig_macarthur_2sp_limit_cycle"
1.45945,0.133874999569364,4.92929004388733,0.0611592137149904,0.164185015328934,0.125624977444584,0.6,NA,"rosenzweig_macarthur_2sp_limit_cycle"
1.5453,0.122725711671305,4.88857928574401,0.0375613768003686,0.194450707806634,0.144520120830186,0.6,NA,"rosenzweig_macarthur_2sp_limit_cycle"
1.63115,0.112746058546989,4.84503499652169,0.0123129720990127,0.224582710981292,0.167275588245223,0.6,NA,"rosenzweig_macarthur_2sp_limit_cycle"
1.717,0.10385028140597,4.79902355660551,-0.0138935810073401,0.254009185480507,0.192232127378714,0.6,NA,"rosenzweig_macarthur_2sp_limit_cycle"
1.80285,0.0959510637346394,4.75089375725772,-0.0404428540292109,0.282249106286924,0.217874320254992,0.6,NA,"rosenzweig_macarthur_2sp_limit_cycle"
1.8887,0.0889622972424615,4.70097304913643,-0.0668244750593712,0.308932727301324,0.24307707489255,0.6,NA,"rosenzweig_macarthur_2sp_limit_cycle"
1.97455,0.0828012107128505,4.64956524047825,-0.0926395775265428,0.333801637206384,0.267103683014421,0.6,NA,"rosenzweig_macarthur_2sp_limit_cycle"
2.0604,0.0773899004376756,4.59694942845745,-0.117587599466895,0.35669055413496,0.289508920289994,0.6,NA,"rosenzweig_macarthur_2sp_limit_cycle"
2.14625,0.0726563369841659,4.54337992246176,-0.141445042665545,0.377502438198363,0.310038277793191,0.6,NA,"rosenzweig_macarthur_2sp_limit_cycle"
2.2321,0.0685349404205812,4.48908692170879,-0.164044617595718,0.396185178400954,0.328552404450632,0.6,NA,"rosenzweig_macarthur_2sp_limit_cycle"
2.31795,0.0649668192974207,4.43427773191664,-0.185258375903718,0.412713225090465,0.344977413285967,0.6,NA,"rosenzweig_macarthur_2sp_limit_cycle"
2.4038,0.0618997624361581,4.37913833797705,-0.204985359275218,0.427074447699939,0.359274135857046,0.6,NA,"rosenzweig_macarthur_2sp_limit_cycle"
2.48965,0.0592880611007875,4.32383518513098,-0.223143005334183,0.439261236432229,0.371419609950807,0.6,NA,"rosenzweig_macarthur_2sp_limit_cycle"
2.5755,0.0570922255977363,4.26851705555032,-0.239661293962674,0.449264644728137,0.381396015002503,0.6,NA,"rosenzweig_macarthur_2sp_limit_cycle"
2.66135,0.0552786469036486,4.21331695789851,-0.254478756695226,0.457070554360273,0.389184007867031,0.6,NA,"rosenzweig_macarthur_2sp_limit_cycle"
2.7472,0.0538192418079016,4.15835397320908,-0.267539709461132,0.462657124903218,0.394758620095452,0.6,NA,"rosenzweig_macarthur_2sp_limit_cycle"
2.83305,0.0526911098653215,4.10373502108145,-0.278792281125524,0.465993041662751,0.398086643989291,0.6,NA,"rosenzweig_macarthur_2sp_limit_cycle"
2.9189,0.0518762223300914,4.04955652610861,-0.288186985379007,0.467036281784301,0.399124915427882,0.6,NA,"rosenzweig_macarthur_2sp_limit_cycle"
3.00475,0.0513611570675451,3.99590597627422,-0.295675730588271,0.465733294462429,0.397819223629032,0.6,NA,"rosenzweig_macarthur_2sp_limit_cycle"
3.0906,0.0511368889672859,3.94286337352344,-0.30121132172683,0.462018674070041,0.394103839047063,0.6,NA,"rosenzweig_macarthur_2sp_limit_cycle"
3.17645,0.0511986423123938,3.89050258253966,-0.304747729745662,0.45581564521545,0.38790193412125,0.6,NA,"rosenzweig_macarthur_2sp_limit_cycle"
3.2623,0.0515458096010582,3.83889258757703,-0.306241772132341,0.447038066085274,0.379127585234864,0.6,NA,"rosenzweig_macarthur_2sp_limit_cycle"
3.34815,0.0521819402008399,3.78809866952742,-0.305657511861972,0.435595332795844,0.367690740018855,0.6,NA,"rosenzweig_macarthur_2sp_limit_cycle"
3.434,0.0531148017078432,3.73818351664823,-0.302975907834969,0.421402805983798,0.353507791322729,0.6,NA,"rosenzweig_macarthur_2sp_limit_cycle"
3.51985,0.0543565167802322,3.68920828284616,-0.298214496061864,0.404402632708287,0.336522671087905,0.6,NA,"rosenzweig_macarthur_2sp_limit_cycle"
3.6057,0.0559237783362473,3.64123360731252,-0.291465832261408,0.384603785756253,0.316747337070536,0.6,NA,"rosenzweig_macarthur_2sp_limit_cycle"
3.69155,0.0578381461779565,3.59432060876526,-0.282969641785871,0.362156345317046,0.29433666997731,0.6,NA,"rosenzweig_macarthur_2sp_limit_cycle"
3.7774,0.0601264281420585,3.54853186662806,-0.273240524876809,0.337481924942713,0.269719334276465,0.6,NA,"rosenzweig_macarthur_2sp_limit_cycle"
3.86325,0.0628211485792849,3.50393240016132,-0.263269595718979,0.311478627969014,0.243801480933811,0.6,NA,"rosenzweig_macarthur_2sp_limit_cycle"
3.9491,0.0659611060650357,3.46059065478323,-0.254766788696932,0.285767222065436,0.218206133515848,0.6,NA,"rosenzweig_macarthur_2sp_limit_cycle"
4.03495,0.0695920204090155,3.41857950245459,-0.250241742800163,0.262776322646067,0.195342720666021,0.6,NA,"rosenzweig_macarthur_2sp_limit_cycle"
4.1208,0.0737672658143956,3.37797725985834,-0.252483156456257,0.245226284725994,0.177880627082073,0.6,NA,"rosenzweig_macarthur_2sp_limit_cycle"
4.20665,0.0785486818446354,3.33886872393314,-0.263232175018234,0.234807108166595,0.16745940820622,0.6,NA,"rosenzweig_macarthur_2sp_limit_cycle"
4.2925,0.0840074459095912,3.30134621880866,-0.282020475181692,0.231020721674358,0.163586996874216,0.6,NA,"rosenzweig_macarthur_2sp_limit_cycle"
4.37835,0.0902249792792865,3.26551064097386,-0.306535772114279,0.23155007107896,0.163998937629252,0.6,NA,"rosenzweig_macarthur_2sp_limit_cycle"
4.4642,0.0972938419233143,3.23147248019349,-0.334052272620744,0.233692280264189,0.166035721959714,0.6,NA,"rosenzweig_macarthur_2sp_limit_cycle"
4.55005,0.105318548269088,3.19935278188958,-0.362445552030873,0.235375197548133,0.167639723818077,0.6,NA,"rosenzweig_macarthur_2sp_limit_cycle"
4.6359,0.11441620463251,3.16928400212664,-0.390390981856053,0.235356415061694,0.167566422273806,0.6,NA,"rosenzweig_macarthur_2sp_limit_cycle"
4.72175,0.12471682802344,3.14141068890262,-0.417168829065314,0.233027975800301,0.165201453046771,0.6,NA,"rosenzweig_macarthur_2sp_limit_cycle"
4.8076,0.136363154195925,3.11588990347035,-0.442427100655144,0.228178053084374,0.160327285068171,0.6,NA,"rosenzweig_macarthur_2sp_limit_cycle"
4.89345,0.149509680431118,3.09289127388137,-0.466013573415494,0.220821329719346,0.152954574146383,0.6,NA,"rosenzweig_macarthur_2sp_limit_cycle"
4.9793,0.164320618434384,3.07259655182968,-0.487877589583168,0.211098960655876,0.143221859664165,0.6,NA,"rosenzweig_macarthur_2sp_limit_cycle"
5.06515,0.180966362224765,3.05519852649829,-0.508018691057976,0.199225452286999,0.131342004810527,0.6,NA,"rosenzweig_macarthur_2sp_limit_cycle"
5.151,0.199618019330239,3.04089914042929,-0.526462794616406,0.185463318640584,0.117576507327816,0.6,NA,"rosenzweig_macarthur_2sp_limit_cycle"
5.23685,0.220439535050011,3.02990665907452,-0.54325361004462,0.170113232554364,0.10222541801331,0.6,NA,"rosenzweig_macarthur_2sp_limit_cycle"
5.3227,0.24357699473272,3.02243177546602,-0.55845185571375,0.153512077890326,0.0856252400532469,0.6,NA,"rosenzweig_macarthur_2sp_limit_cycle"
5.40855,0.26914486435923,3.01868259210371,-0.572137316333271,0.136033636233891,0.0681495100723512,0.6,NA,"rosenzweig_macarthur_2sp_limit_cycle"
5.4944,0.297209275247648,3.01885851895736,-0.584409691329359,0.118087408118147,0.0502075391299642,0.6,NA,"rosenzweig_macarthur_2sp_limit_cycle"
5.58025,0.327769011236244,3.02314325884018,-0.595384392320674,0.100111199531012,0.0322369348164246,0.6,NA,"rosenzweig_macarthur_2sp_limit_cycle"
5.6661,0.360735611260317,3.03169720918861,-0.605179996097525,0.0825536637344746,0.0146860977279801,0.6,NA,"rosenzweig_macarthur_2sp_limit_cycle"
5.75195,0.39591487356613,3.0446497701937,-0.613896060762778,0.0658451217790043,-0.00201496989273077,0.6,NA,"rosenzweig_macarthur_2sp_limit_cycle"
5.8378,0.432992848547461,3.06209217955878,-0.62158407012277,0.0503593094395447,-0.017492879132374,0.6,NA,"rosenzweig_macarthur_2sp_limit_cycle"
5.92365,0.471529839076447,3.0840715546348,-0.628219393672983,0.0363742127979308,-0.0314699293774262,0.6,NA,"rosenzweig_macarthur_2sp_limit_cycle"
6.0095,0.510965654435273,3.11058677976155,-0.633685308887274,0.0240437699101451,-0.0437922929836881,0.6,NA,"rosenzweig_macarthur_2sp_limit_cycle"
6.09535,0.550638148039531,3.14158671630234,-0.637777992724037,0.0133905015489039,-0.0544372934293528,0.6,NA,"rosenzweig_macarthur_2sp_limit_cycle"
6.1812,0.589814938625306,3.1769709511566,-0.640233703338769,0.00432171502331516,-0.0634971674738801,0.6,NA,"rosenzweig_macarthur_2sp_limit_cycle"
6.26705,0.627735575196316,3.21659298347561,-0.640770369023524,-0.00333707262143508,-0.0711456608083377,0.6,NA,"rosenzweig_macarthur_2sp_limit_cycle"
6.3529,0.663658986802883,3.26026544520828,-0.639130996786649,-0.00980294694911207,-0.0775988744119342,0.6,NA,"rosenzweig_macarthur_2sp_limit_cycle"
6.43875,0.696909659541792,3.30776672385432,-0.635117822656728,-0.0153011475911593,-0.0830808219137259,0.6,NA,"rosenzweig_macarthur_2sp_limit_cycle"
6.5246,0.726916124797522,3.35884824792738,-0.62861162796373,-0.0200410376673512,-0.0877993493195042,0.6,NA,"rosenzweig_macarthur_2sp_limit_cycle"
6.61045,0.753237006736848,3.41324171551969,-0.619576324253252,-0.0242031277782327,-0.091933043125399,0.6,NA,"rosenzweig_macarthur_2sp_limit_cycle"
6.6963,0.775572507288433,3.47066567007949,-0.608052411666865,-0.0279347274235676,-0.0956266951888309,0.6,NA,"rosenzweig_macarthur_2sp_limit_cycle"
6.78215,0.793761968975188,3.53083101155299,-0.594143984794189,-0.0313508971248111,-0.0989919889669221,0.6,NA,"rosenzweig_macarthur_2sp_limit_cycle"
6.868,0.807770299157852,3.59344522877407,-0.578003439898184,-0.0345378041340233,-0.102110492465515,0.6,NA,"rosenzweig_macarthur_2sp_limit_cycle"
6.95385,0.817667158634444,3.6582153137048,-0.559816870083394,-0.0375564731906025,-0.105036923438861,0.6,NA,"rosenzweig_macarthur_2sp_limit_cycle"
7.0397,0.823602911146697,3.72484944910127,-0.539791940901753,-0.0404457641898309,-0.107801489378309,0.6,NA,"rosenzweig_macarthur_2sp_limit_cycle"
7.12555,0.825784680659712,3.79305764304563,-0.518149076511855,-0.0432240154343634,-0.110410719579603,0.6,NA,"rosenzweig_macarthur_2sp_limit_cycle"
7.2114,0.824454852488417,3.86255152208732,-0.495116135787323,-0.0458891647566128,-0.112846611474436,0.6,NA,"rosenzweig_macarthur_2sp_limit_cycle"
7.29725,0.81987331377447,3.93304350047923,-0.470926372126305,-0.048417355127572,-0.115064183695802,0.6,NA,"rosenzweig_macarthur_2sp_limit_cycle"
7.3831,0.812303866780212,4.00424552823848,-0.44581929421441,-0.0507601126675836,-0.116987764008192,0.6,NA,"rosenzweig_macarthur_2sp_limit_cycle"
7.46895,0.80200464798238,4.07586759592794,-0.420043999422424,-0.0528401989396897,-0.118506630343211,0.6,NA,"rosenzweig_macarthur_2sp_limit_cycle"
7.5548,0.789222040260544,4.14761614682933,-0.393864573541511,-0.0545462422703658,-0.119471056955725,0.6,NA,"rosenzweig_macarthur_2sp_limit_cycle"
7.64065,0.774187421267319,4.21919252246232,-0.367567124414348,-0.0557263242275737,-0.11969043571069,0.6,NA,"rosenzweig_macarthur_2sp_limit_cycle"
7.7265,0.757116082329828,4.29029154780553,-0.341467757968892,-0.0561810158263142,-0.118935877495279,0.6,NA,"rosenzweig_macarthur_2sp_limit_cycle"
7.81235,0.738207720010965,4.36060034904612,-0.315919930401197,-0.0556572919588845,-0.116950251753808,0.6,NA,"rosenzweig_macarthur_2sp_limit_cycle"
7.8982,0.717648002752443,4.42979748908058,-0.291317510418544,-0.0538469064106399,-0.113468357403281,0.6,NA,"rosenzweig_macarthur_2sp_limit_cycle"
7.98405,0.695610819288809,4.49755250347571,-0.268086023907193,-0.050396717265822,-0.108248012888345,0.6,NA,"rosenzweig_macarthur_2sp_limit_cycle"
8.0699,0.672260907774243,4.56352592087988,-0.246650039981542,-0.0449430035381572,-0.101108914268396,0.6,NA,"rosenzweig_macarthur_2sp_limit_cycle"
8.15575,0.647756637623621,4.62736985528529,-0.227365555099638,-0.0371809454319029,-0.0919711814162002,0.6,NA,"rosenzweig_macarthur_2sp_limit_cycle"
8.2416,0.62225276829708,4.68872926102816,-0.210423813973011,-0.0269628786732584,-0.0808824444435547,0.6,NA,"rosenzweig_macarthur_2sp_limit_cycle"
8.32745,0.595903042208547,4.74724394247095,-0.195767648300565,-0.0143843031063919,-0.0680241787191569,0.6,NA,"rosenzweig_macarthur_2sp_limit_cycle"
8.4133,0.568862485938832,4.80255140591307,-0.183078199696202,0.000200162552073472,-0.0536950299202935,0.6,NA,"rosenzweig_macarthur_2sp_limit_cycle"
8.49915,0.541289299377642,4.85429062789045,-0.171849422553922,0.0162482322669708,-0.0382773020132267,0.6,NA,"rosenzweig_macarthur_2sp_limit_cycle"
0,0.51113819,4.90569,-0.135289175704872,0.162834344537522,0.106971972849803,0.7,NA,"rosenzweig_macarthur_2sp_limit_cycle"
0.08585,0.482984563073929,4.94889069038855,-0.130067374402963,0.172607965680752,0.116621504290489,0.7,NA,"rosenzweig_macarthur_2sp_limit_cycle"
0.1717,0.454815916693163,4.98747649631135,-0.124900992220461,0.180415650792091,0.124360126405448,0.7,NA,"rosenzweig_macarthur_2sp_limit_cycle"
0.25755,0.42680984144858,5.02115129200292,-0.119810531123602,0.186263209331556,0.130188275658932,0.7,NA,"rosenzweig_macarthur_2sp_limit_cycle"
0.3434,0.399146077104383,5.049653406464,-0.114802176864671,0.190196082391468,0.13414877125772,0.7,NA,"rosenzweig_macarthur_2sp_limit_cycle"
0.42925,0.372003637437543,5.07276371314417,-0.109849783879399,0.192281097591168,0.136309136975822,0.7,NA,"rosenzweig_macarthur_2sp_limit_cycle"
0.5151,0.345557104834253,5.09031339777118,-0.104877872271558,0.19258495044006,0.13674113978898,0.7,NA,"rosenzweig_macarthur_2sp_limit_cycle"
0.60095,0.319972292826762,5.1021908540066,-0.0997488453963922,0.191153038792595,0.135501444800513,0.7,NA,"rosenzweig_macarthur_2sp_limit_cycle"
0.6868,0.295401578880207,5.10834712044673,-0.0942578014281757,0.187993007072715,0.132618153986368,0.7,NA,"rosenzweig_macarthur_2sp_limit_cycle"
0.77265,0.271979294768524,5.10879930339065,-0.0881377864525828,0.183067190914783,0.128088143691894,0.7,NA,"rosenzweig_macarthur_2sp_limit_cycle"
0.8585,0.24981760571514,5.10363154004903,-0.0810781894498496,0.17629808766268,0.121890544837691,0.7,NA,"rosenzweig_macarthur_2sp_limit_cycle"
0.94435,0.229003294527209,5.09299324429906,-0.0727614571846562,0.167593302544091,0.11402437454079,0.7,NA,"rosenzweig_macarthur_2sp_limit_cycle"
1.0302,0.20959578671845,5.07709462171382,-0.0629324463139667,0.156905222318972,0.104585461611493,0.7,NA,"rosenzweig_macarthur_2sp_limit_cycle"
1.11605,0.191626615863227,5.05619970634876,-0.0515387124168371,0.144364244643261,0.0939097248138351,0.7,NA,"rosenzweig_macarthur_2sp_limit_cycle"
1.2019,0.175100358644185,5.03061741395699,-0.0390365896942329,0.130580538975725,0.0828158370074461,0.7,NA,"rosenzweig_macarthur_2sp_limit_cycle"
1.28775,0.159996898645698,5.00069128288012,-0.0270589303827288,0.117310001998505,0.0729302558595279,0.7,NA,"rosenzweig_macarthur_2sp_limit_cycle"
1.3736,0.14627473902189,4.9667886566382,-0.0194916602703059,0.108531128588051,0.0668525766519048,0.7,NA,"rosenzweig_macarthur_2sp_limit_cycle"
1.45945,0.133874999569364,4.92929004388733,-0.0219030486695678,0.10987614932171,0.0675376024346801,0.7,NA,"rosenzweig_macarthur_2sp_limit_cycle"
1.5453,0.122725711671305,4.88857928574401,-0.0359424284297662,0.12303259954246,0.076588054064913,0.7,NA,"rosenzweig_macarthur_2sp_limit_cycle"
1.63115,0.112746058546989,4.84503499652169,-0.0574446475504417,0.143851090393763,0.0929326671457193,0.7,NA,"rosenzweig_macarthur_2sp_limit_cycle"
1.717,0.10385028140597,4.79902355660551,-0.0817597011151272,0.167678314304956,0.113641833900373,0.7,NA,"rosenzweig_macarthur_2sp_limit_cycle"
1.80285,0.0959510637346394,4.75089375725772,-0.105998786875134,0.191606231738232,0.135758414378311,0.7,NA,"rosenzweig_macarthur_2sp_limit_cycle"
1.8887,0.0889622972424615,4.70097304913643,-0.128636232911788,0.214076702704965,0.157240358236291,0.7,NA,"rosenzweig_macarthur_2sp_limit_cycle"
1.97455,0.0828012107128505,4.64956524047825,-0.148938326682115,0.234312508961512,0.17693884849535,0.7,NA,"rosenzweig_macarthur_2sp_limit_cycle"
2.0604,0.0773899004376756,4.59694942845745,-0.166597772748166,0.251953486188899,0.194281064072213,0.7,NA,"rosenzweig_macarthur_2sp_limit_cycle"
2.14625,0.0726563369841659,4.54337992246176,-0.181523403417042,0.266847438217924,0.209003590433569,0.7,NA,"rosenzweig_macarthur_2sp_limit_cycle"
2.2321,0.0685349404205812,4.48908692170879,-0.193725996574534,0.27893677453381,0.220991734162457,0.7,NA,"rosenzweig_macarthur_2sp_limit_cycle"
2.31795,0.0649668192974207,4.43427773191664,-0.20326003485494,0.288200811847846,0.230195200394804,0.7,NA,"rosenzweig_macarthur_2sp_limit_cycle"
2.4038,0.0618997624361581,4.37913833797705,-0.210197258921187,0.294629713402286,0.236588551551541,0.7,NA,"rosenzweig_macarthur_2sp_limit_cycle"
2.48965,0.0592880611007875,4.32383518513098,-0.214619441767362,0.298217617266215,0.24015770176065,0.7,NA,"rosenzweig_macarthur_2sp_limit_cycle"
2.5755,0.0570922255977363,4.26851705555032,-0.216625824042604,0.298970518194965,0.240904544601263,0.7,NA,"rosenzweig_macarthur_2sp_limit_cycle"
2.66135,0.0552786469036486,4.21331695789851,-0.216356876746783,0.296930689828836,0.238869771613332,0.7,NA,"rosenzweig_macarthur_2sp_limit_cycle"
2.7472,0.0538192418079016,4.15835397320908,-0.214042137145491,0.292225501731905,0.234180834062771,0.7,NA,"rosenzweig_macarthur_2sp_limit_cycle"
2.83305,0.0526911098653215,4.10373502108145,-0.210086057159883,0.285154660415216,0.227138417284826,0.7,NA,"rosenzweig_macarthur_2sp_limit_cycle"
2.9189,0.0518762223300914,4.04955652610861,-0.205207303225111,0.276331375617201,0.21835605059378,0.7,NA,"rosenzweig_macarthur_2sp_limit_cycle"
3.00475,0.0513611570675451,3.99590597627422,-0.200624024612799,0.266869986031785,0.208944107058735,0.7,NA,"rosenzweig_macarthur_2sp_limit_cycle"
3.0906,0.0511368889672859,3.94286337352344,-0.198185580920303,0.258520503175431,0.200638606533039,0.7,NA,"rosenzweig_macarthur_2sp_limit_cycle"
3.17645,0.0511986423123938,3.89050258253966,-0.200174930148367,0.253474173937099,0.195605797584373,0.7,NA,"rosenzweig_macarthur_2sp_limit_cycle"
3.2623,0.0515458096010582,3.83889258757703,-0.20849347461093,0.253551693381511,0.195647326568329,0.7,NA,"rosenzweig_macarthur_2sp_limit_cycle"
3.34815,0.0521819402008399,3.78809866952742,-0.223583387178984,0.25912886355325,0.201149767666429,0.7,NA,"rosenzweig_macarthur_2sp_limit_cycle"
3.434,0.0531148017078432,3.73818351664823,-0.244173517663314,0.268885530248554,0.210825119984484,0.7,NA,"rosenzweig_macarthur_2sp_limit_cycle"
3.51985,0.0543565167802322,3.68920828284616,-0.268153005150968,0.28068164862663,0.222556364018672,0.7,NA,"rosenzweig_macarthur_2sp_limit_cycle"
3.6057,0.0559237783362473,3.64123360731252,-0.293584523361518,0.29257216215322,0.23440301105321,0.7,NA,"rosenzweig_macarthur_2sp_limit_cycle"
3.69155,0.0578381461779565,3.59432060876526,-0.319131152305745,0.303234518782151,0.245037891821975,0.7,NA,"rosenzweig_macarthur_2sp_limit_cycle"
3.7774,0.0601264281420585,3.54853186662806,-0.344016774594222,0.311928659664423,0.253715224536056,0.7,NA,"rosenzweig_macarthur_2sp_limit_cycle"
3.86325,0.0628211485792849,3.50393240016132,-0.367844486780853,0.318314025168633,0.260090254937422,0.7,NA,"rosenzweig_macarthur_2sp_limit_cycle"
3.9491,0.0659611060650357,3.46059065478323,-0.39043660175346,0.322287321063844,0.26405707595561,0.7,NA,"rosenzweig_macarthur_2sp_limit_cycle"
4.03495,0.0695920204090155,3.41857950245459,-0.411729935169633,0.323874986969428,0.265640590608559,0.7,NA,"rosenzweig_macarthur_2sp_limit_cycle"
4.1208,0.0737672658143956,3.37797725985834,-0.431715415603398,0.323169699300974,0.264932583384356,0.7,NA,"rosenzweig_macarthur_2sp_limit_cycle"
4.20665,0.0785486818446354,3.33886872393314,-0.450405621713287,0.320294805372666,0.26205588029982,0.7,NA,"rosenzweig_macarthur_2sp_limit_cycle"
4.2925,0.0840074459095912,3.30134621880866,-0.467818283076558,0.315384984685213,0.257144851801438,0.7,NA,"rosenzweig_macarthur_2sp_limit_cycle"
4.37835,0.0902249792792865,3.26551064097386,-0.48396847589225,0.308576069131784,0.250335144150903,0.7,NA,"rosenzweig_macarthur_2sp_limit_cycle"
4.4642,0.0972938419233143,3.23147248019349,-0.498865412634564,0.300000055917483,0.241758642775846,0.7,NA,"rosenzweig_macarthur_2sp_limit_cycle"
4.55005,0.105318548269088,3.19935278188958,-0.512511602297951,0.289783160675204,0.231541497659209,0.7,NA,"rosenzweig_macarthur_2sp_limit_cycle"
4.6359,0.11441620463251,3.16928400212664,-0.52490321939842,0.27804576512248,0.219804055584154,0.7,NA,"rosenzweig_macarthur_2sp_limit_cycle"
4.72175,0.12471682802344,3.14141068890262,-0.53603111431781,0.26490366846498,0.206662103325226,0.7,NA,"rosenzweig_macarthur_2sp_limit_cycle"
4.8076,0.136363154195925,3.11588990347035,-0.545882234094748,0.250470356941536,0.192229133482734,0.7,NA,"rosenzweig_macarthur_2sp_limit_cycle"
4.89345,0.149509680431118,3.09289127388137,-0.554441414859507,0.234860176343153,0.176619516431475,0.7,NA,"rosenzweig_macarthur_2sp_limit_cycle"
4.9793,0.164320618434384,3.07259655182968,-0.561693613665169,0.218192375744249,0.159952546016522,0.7,NA,"rosenzweig_macarthur_2sp_limit_cycle"
5.06515,0.180966362224765,3.05519852649829,-0.567626687756861,0.200596005493831,0.142357341857911,0.7,NA,"rosenzweig_macarthur_2sp_limit_cycle"
5.151,0.199618019330239,3.04089914042929,-0.572234798375998,0.182215583573557,0.123978522354346,0.7,NA,"rosenzweig_macarthur_2sp_limit_cycle"
5.23685,0.220439535050011,3.02990665907452,-0.57552238420581,0.163217263694758,0.10498238162713,0.7,NA,"rosenzweig_macarthur_2sp_limit_cycle"
5.3227,0.24357699473272,3.02243177546602,-0.577508373799278,0.1437949004822,0.0855629651030234,0.7,NA,"rosenzweig_macarthur_2sp_limit_cycle"
5.40855,0.26914486435923,3.01868259210371,-0.578229850103919,0.124174885826527,0.0659469161098593,0.7,NA,"rosenzweig_macarthur_2sp_limit_cycle"
5.4944,0.297209275247648,3.01885851895736,-0.577743770568767,0.104617963326795,0.0463952971694075,0.7,NA,"rosenzweig_macarthur_2sp_limit_cycle"
5.58025,0.327769011236244,3.02314325884018,-0.576124764876048,0.085415620893249,0.0271999815534134,0.7,NA,"rosenzweig_macarthur_2sp_limit_cycle"
5.6661,0.360735611260317,3.03169720918861,-0.573456907487905,0.0668785734615381,0.00867212344538662,0.7,NA,"rosenzweig_macarthur_2sp_limit_cycle"
5.75195,0.39591487356613,3.0446497701937,-0.569818333437648,0.0493159440557077,-0.00887868282588138,0.7,NA,"rosenzweig_macarthur_2sp_limit_cycle"
5.8378,0.432992848547461,3.06209217955878,-0.565260095034966,0.0330065114460694,-0.0251731720437713,0.7,NA,"rosenzweig_macarthur_2sp_limit_cycle"
5.92365,0.471529839076447,3.0840715546348,-0.559784291302279,0.0181673579670532,-0.0399937447285763,0.7,NA,"rosenzweig_macarthur_2sp_limit_cycle"
6.0095,0.510965654435273,3.11058677976155,-0.55332935536965,0.00492848630764883,-0.0532097713376993,0.7,NA,"rosenzweig_macarthur_2sp_limit_cycle"
6.09535,0.550638148039531,3.14158671630234,-0.545769927766264,-0.00667812908356589,-0.0647883822909538,0.7,NA,"rosenzweig_macarthur_2sp_limit_cycle"
6.1812,0.589814938625306,3.1769709511566,-0.536934025450309,-0.0167110899773833,-0.0747867863689602,0.7,NA,"rosenzweig_macarthur_2sp_limit_cycle"
6.26705,0.627735575196316,3.21659298347561,-0.526633463248861,-0.0252965133375802,-0.0833289295895568,0.7,NA,"rosenzweig_macarthur_2sp_limit_cycle"
6.3529,0.663658986802883,3.26026544520828,-0.514698734545369,-0.0325971659885907,-0.0905743062128301,0.7,NA,"rosenzweig_macarthur_2sp_limit_cycle"
6.43875,0.696909659541792,3.30776672385432,-0.501009301710784,-0.0387823407037245,-0.0966874478677997,0.7,NA,"rosenzweig_macarthur_2sp_limit_cycle"
6.5246,0.726916124797522,3.35884824792738,-0.485513701221949,-0.0440041531894537,-0.10181373573345,0.7,NA,"rosenzweig_macarthur_2sp_limit_cycle"
6.61045,0.753237006736848,3.41324171551969,-0.468238347107477,-0.0483820099536913,-0.106063266975059,0.7,NA,"rosenzweig_macarthur_2sp_limit_cycle"
6.6963,0.775572507288433,3.47066567007949,-0.449287203561278,-0.0519940906157072,-0.109501658761093,0.7,NA,"rosenzweig_macarthur_2sp_limit_cycle"
6.78215,0.793761968975188,3.53083101155299,-0.428835895212502,-0.054873439583115,-0.112145544653756,0.7,NA,"rosenzweig_macarthur_2sp_limit_cycle"
6.868,0.807770299157852,3.59344522877407,-0.407123734889922,-0.0570062759630865,-0.113960744684484,0.7,NA,"rosenzweig_macarthur_2sp_limit_cycle"
6.95385,0.817667158634444,3.6582153137048,-0.384446278048092,-0.058330765900864,-0.114862056594989,0.7,NA,"rosenzweig_macarthur_2sp_limit_cycle"
7.0397,0.823602911146697,3.72484944910127,-0.361149856508744,-0.0587353564198806,-0.114714882169222,0.7,NA,"rosenzweig_macarthur_2sp_limit_cycle"
7.12555,0.825784680659712,3.79305764304563,-0.337628214446517,-0.0580567970864765,-0.113340198162307,0.7,NA,"rosenzweig_macarthur_2sp_limit_cycle"
7.2114,0.824454852488417,3.86255152208732,-0.314319631006607,-0.0560794766077504,-0.110525419085358,0.7,NA,"rosenzweig_macarthur_2sp_limit_cycle"
7.29725,0.81987331377447,3.93304350047923,-0.291700311404229,-0.0525401387567098,-0.10604393671574,0.7,NA,"rosenzweig_macarthur_2sp_limit_cycle"
7.3831,0.812303866780212,4.00424552823848,-0.270266367098591,-0.0471454163909871,-0.0996847804521106,0.7,NA,"rosenzweig_macarthur_2sp_limit_cycle"
7.46895,0.80200464798238,4.07586759592794,-0.250494507059809,-0.039611784170608,-0.0912903787140666,0.7,NA,"rosenzweig_macarthur_2sp_limit_cycle"
7.5548,0.789222040260544,4.14761614682933,-0.232776643246306,-0.029732453518807,-0.0807955277827592,0.7,NA,"rosenzweig_macarthur_2sp_limit_cycle"
7.64065,0.774187421267319,4.21919252246232,-0.217342045476238,-0.0174573140332509,-0.0682569752382873,0.7,NA,"rosenzweig_macarthur_2sp_limit_cycle"
7.7265,0.757116082329828,4.29029154780553,-0.204203969994774,-0.00294874888613988,-0.0538637873122498,0.7,NA,"rosenzweig_macarthur_2sp_limit_cycle"
7.81235,0.738207720010965,4.36060034904612,-0.193167093138799,0.0134232577311638,-0.0379248391166868,0.7,NA,"rosenzweig_macarthur_2sp_limit_cycle"
7.8982,0.717648002752443,4.42979748908058,-0.183894860113051,0.0311461000280844,-0.020838116387884,0.7,NA,"rosenzweig_macarthur_2sp_limit_cycle"
7.98405,0.695610819288809,4.49755250347571,-0.175997965612464,0.0496511397116186,-0.00305194244362808,0.7,NA,"rosenzweig_macarthur_2sp_limit_cycle"
8.0699,0.672260907774243,4.56352592087988,-0.16910468171704,0.0683829699455918,0.014971842085851,0.7,NA,"rosenzweig_macarthur_2sp_limit_cycle"
8.15575,0.647756637623621,4.62736985528529,-0.162899152566565,0.0868378554438039,0.0327867855453474,0.7,NA,"rosenzweig_macarthur_2sp_limit_cycle"
8.2416,0.62225276829708,4.68872926102816,-0.157133999815795,0.104578073985345,0.0499815546613037,0.7,NA,"rosenzweig_macarthur_2sp_limit_cycle"
8.32745,0.595903042208547,4.74724394247095,-0.151628702871413,0.1212339341534,0.066192243918592,0.7,NA,"rosenzweig_macarthur_2sp_limit_cycle"
8.4133,0.568862485938832,4.80255140591307,-0.14626211919797,0.136501986034148,0.0811099325445021,0.7,NA,"rosenzweig_macarthur_2sp_limit_cycle"
8.49915,0.541289299377642,4.85429062789045,-0.140963255750428,0.150143420979284,0.0944856043699857,0.7,NA,"rosenzweig_macarthur_2sp_limit_cycle"
0,0.51113819,4.90569,-0.165271548739432,0.180482445240407,0.130179995787967,0.8,NA,"rosenzweig_macarthur_2sp_limit_cycle"
0.08585,0.482984563073929,4.94889069038855,-0.172976796796235,0.186025385906727,0.13561382887534,0.8,NA,"rosenzweig_macarthur_2sp_limit_cycle"
0.1717,0.454815916693163,4.98747649631135,-0.180343392727857,0.190271418319007,0.13977901969465,0.8,NA,"rosenzweig_macarthur_2sp_limit_cycle"
0.25755,0.42680984144858,5.02115129200292,-0.187080839981078,0.193186776822051,0.142636190935915,0.8,NA,"rosenzweig_macarthur_2sp_limit_cycle"
0.3434,0.399146077104383,5.049653406464,-0.192902750358673,0.194735854412831,0.144145678652312,0.8,NA,"rosenzweig_macarthur_2sp_limit_cycle"
0.42925,0.372003637437543,5.07276371314417,-0.197531634289831,0.19487972435536,0.14426594133516,0.8,NA,"rosenzweig_macarthur_2sp_limit_cycle"
0.5151,0.345557104834253,5.09031339777118,-0.200701321473203,0.193573225526567,0.142950632684345,0.8,NA,"rosenzweig_macarthur_2sp_limit_cycle"
0.60095,0.319972292826762,5.1021908540066,-0.202157718897526,0.190761217644662,0.140145012553588,0.8,NA,"rosenzweig_macarthur_2sp_limit_cycle"
0.6868,0.295401578880207,5.10834712044673,-0.201658722789052,0.186374761119619,0.135782573813014,0.8,NA,"rosenzweig_macarthur_2sp_limit_cycle"
0.77265,0.271979294768524,5.10879930339065,-0.198974250571026,0.180328190177089,0.129783086701143,0.8,NA,"rosenzweig_macarthur_2sp_limit_cycle"
0.8585,0.24981760571514,5.10363154004903,-0.193887816370043,0.172518550467412,0.12205399538048,0.8,NA,"rosenzweig_macarthur_2sp_limit_cycle"
0.94435,0.229003294527209,5.09299324429906,-0.186202190277814,0.162830018263622,0.112498729105983,0.8,NA,"rosenzweig_macarthur_2sp_limit_cycle"
1.0302,0.20959578671845,5.07709462171382,-0.17575411703804,0.151148332980112,0.1010388809904,0.8,NA,"rosenzweig_macarthur_2sp_limit_cycle"
1.11605,0.191626615863227,5.05619970634876,-0.162447969009529,0.13739513123365,0.0876638415266734,0.8,NA,"rosenzweig_macarthur_2sp_limit_cycle"
1.2019,0.175100358644185,5.03061741395699,-0.146327511597145,0.121601299666309,0.0725328178055625,0.8,NA,"rosenzweig_macarthur_2sp_limit_cycle"
1.28775,0.159996898645698,5.00069128288012,-0.127721134631671,0.104054567874025,0.0561666246182505,0.8,NA,"rosenzweig_macarthur_2sp_limit_cycle"
1.3736,0.14627473902189,4.9667886566382,-0.107519703315515,0.0855803061906227,0.0397502104966252,0.8,NA,"rosenzweig_macarthur_2sp_limit_cycle"
1.45945,0.133874999569364,4.92929004388733,-0.0876618122046694,0.068030095696961,0.0254188924749199,0.8,NA,"rosenzweig_macarthur_2sp_limit_cycle"
1.5453,0.122725711671305,4.88857928574401,-0.0717396641188221,0.05489108480496,0.016012044097625,0.8,NA,"rosenzweig_macarthur_2sp_limit_cycle"
1.63115,0.112746058546989,4.84503499652169,-0.0643870835179621,0.0506774719359476,0.0136730817329655,0.8,NA,"rosenzweig_macarthur_2sp_limit_cycle"
1.717,0.10385028140597,4.79902355660551,-0.0668967628199937,0.0565511019128649,0.0181635064984406,0.8,NA,"rosenzweig_macarthur_2sp_limit_cycle"
1.80285,0.0959510637346394,4.75089375725772,-0.0751741943607028,0.068278582825974,0.0270840718756767,0.8,NA,"rosenzweig_macarthur_2sp_limit_cycle"
1.8887,0.0889622972424615,4.70097304913643,-0.0849264884210436,0.0814231365091556,0.0377384237738955,0.8,NA,"rosenzweig_macarthur_2sp_limit_cycle"
1.97455,0.0828012107128505,4.64956524047825,-0.0942436691821395,0.0939288279039243,0.0484418013400096,0.8,NA,"rosenzweig_macarthur_2sp_limit_cycle"
2.0604,0.0773899004376756,4.59694942845745,-0.102981553056533,0.10550635105829,0.0587334032536085,0.8,NA,"rosenzweig_macarthur_2sp_limit_cycle"
2.14625,0.0726563369841659,4.54337992246176,-0.112019499817083,0.116893725477131,0.0691253802782099,0.8,NA,"rosenzweig_macarthur_2sp_limit_cycle"
2.2321,0.0685349404205812,4.48908692170879,-0.122740209426704,0.129339110270747,0.0807200221205055,0.8,NA,"rosenzweig_macarthur_2sp_limit_cycle"
2.31795,0.0649668192974207,4.43427773191664,-0.136455035949059,0.144029188336211,0.0946659643427744,0.8,NA,"rosenzweig_macarthur_2sp_limit_cycle"
2.4038,0.0618997624361581,4.37913833797705,-0.153798032285179,0.161486254778719,0.111522545863086,0.8,NA,"rosenzweig_macarthur_2sp_limit_cycle"
2.48965,0.0592880611007875,4.32383518513098,-0.174454002133802,0.18129914456616,0.130912569117051,0.8,NA,"rosenzweig_macarthur_2sp_limit_cycle"
2.5755,0.0570922255977363,4.26851705555032,-0.197423318811239,0.202390572082782,0.151743062100039,0.8,NA,"rosenzweig_macarthur_2sp_limit_cycle"
2.66135,0.0552786469036486,4.21331695789851,-0.221535684071097,0.223532848458175,0.17273880574056,0.8,NA,"rosenzweig_macarthur_2sp_limit_cycle"
2.7472,0.0538192418079016,4.15835397320908,-0.245819063404258,0.24371802295944,0.192845676377199,0.8,NA,"rosenzweig_macarthur_2sp_limit_cycle"
2.83305,0.0526911098653215,4.10373502108145,-0.269614371381872,0.262272883670625,0.211359238682938,0.8,NA,"rosenzweig_macarthur_2sp_limit_cycle"
2.9189,0.0518762223300914,4.04955652610861,-0.292535381810922,0.278818238870922,0.227882560262178,0.8,NA,"rosenzweig_macarthur_2sp_limit_cycle"
3.00475,0.0513611570675451,3.99590597627422,-0.314384573530042,0.29318323308289,0.242235489732702,0.8,NA,"rosenzweig_macarthur_2sp_limit_cycle"
3.0906,0.0511368889672859,3.94286337352344,-0.335078737209143,0.305328661040963,0.254374088236965,0.8,NA,"rosenzweig_macarthur_2sp_limit_cycle"
3.17645,0.0511986423123938,3.89050258253966,-0.354597365656156,0.315292511534965,0.264333931573908,0.8,NA,"rosenzweig_macarthur_2sp_limit_cycle"
3.2623,0.0515458096010582,3.83889258757703,-0.372950845326301,0.323155006509143,0.272193990077871,0.8,NA,"rosenzweig_macarthur_2sp_limit_cycle"
3.34815,0.0521819402008399,3.78809866952742,-0.390162276321913,0.329017211127945,0.278054662751484,0.8,NA,"rosenzweig_macarthur_2sp_limit_cycle"
3.434,0.0531148017078432,3.73818351664823,-0.406257747035558,0.332988260389033,0.282024719418832,0.8,NA,"rosenzweig_macarthur_2sp_limit_cycle"
3.51985,0.0543565167802322,3.68920828284616,-0.421261551628648,0.335177856939801,0.284213656382522,0.8,NA,"rosenzweig_macarthur_2sp_limit_cycle"
3.6057,0.0559237783362473,3.64123360731252,-0.435194165914883,0.335691963770804,0.284727316578714,0.8,NA,"rosenzweig_macarthur_2sp_limit_cycle"
3.69155,0.0578381461779565,3.59432060876526,-0.448071684302834,0.334630444802235,0.28366549221248,0.8,NA,"rosenzweig_macarthur_2sp_limit_cycle"
3.7774,0.0601264281420585,3.54853186662806,-0.459905970029035,0.332085908485683,0.281120747977575,0.8,NA,"rosenzweig_macarthur_2sp_limit_cycle"
3.86325,0.0628211485792849,3.50393240016132,-0.470705099457251,0.32814330477217,0.277178006803135,0.8,NA,"rosenzweig_macarthur_2sp_limit_cycle"
3.9491,0.0659611060650357,3.46059065478323,-0.480473875288404,0.322879999640359,0.271914618077863,0.8,NA,"rosenzweig_macarthur_2sp_limit_cycle"
4.03495,0.0695920204090155,3.41857950245459,-0.489214295185664,0.316366155377148,0.265400734356429,0.8,NA,"rosenzweig_macarthur_2sp_limit_cycle"
4.1208,0.0737672658143956,3.37797725985834,-0.496925927347317,0.308665310498721,0.25769988928973,0.8,NA,"rosenzweig_macarthur_2sp_limit_cycle"
4.20665,0.0785486818446354,3.33886872393314,-0.503606180943372,0.299835096992844,0.248869713858801,0.8,NA,"rosenzweig_macarthur_2sp_limit_cycle"
4.2925,0.0840074459095912,3.30134621880866,-0.509250480955536,0.289928064431444,0.238962760161625,0.8,NA,"rosenzweig_macarthur_2sp_limit_cycle"
4.37835,0.0902249792792865,3.26551064097386,-0.513852369798161,0.278992605043947,0.22802742672652,0.8,NA,"rosenzweig_macarthur_2sp_limit_cycle"
4.4642,0.0972938419233143,3.23147248019349,-0.517403568157971,0.267073994724032,0.216109000341054,0.8,NA,"rosenzweig_macarthur_2sp_limit_cycle"
4.55005,0.105318548269088,3.19935278188958,-0.519894036396706,0.254215584142704,0.203250848710907,0.8,NA,"rosenzweig_macarthur_2sp_limit_cycle"
4.6359,0.11441620463251,3.16928400212664,-0.521312088410532,0.240460190743379,0.189495815017831,0.8,NA,"rosenzweig_macarthur_2sp_limit_cycle"
4.72175,0.12471682802344,3.14141068890262,-0.5216446223919,0.225851759209845,0.174887882476946,0.8,NA,"rosenzweig_macarthur_2sp_limit_cycle"
4.8076,0.136363154195925,3.11588990347035,-0.520877546793654,0.210437369304878,0.159474188630769,0.8,NA,"rosenzweig_macarthur_2sp_limit_cycle"
4.89345,0.149509680431118,3.09289127388137,-0.518996493146279,0.194269675773458,0.14330747543019,0.8,NA,"rosenzweig_macarthur_2sp_limit_cycle"
4.9793,0.164320618434384,3.07259655182968,-0.515987914052229,0.177409854130909,0.126449051086099,0.8,NA,"rosenzweig_macarthur_2sp_limit_cycle"
5.06515,0.180966362224765,3.05519852649829,-0.51184065415163,0.159931089170549,0.108972303925644,0.8,NA,"rosenzweig_macarthur_2sp_limit_cycle"
5.151,0.199618019330239,3.04089914042929,-0.506548036784277,0.141922557220428,0.0909667245074487,0.8,NA,"rosenzweig_macarthur_2sp_limit_cycle"
5.23685,0.220439535050011,3.02990665907452,-0.500110403533789,0.123493695977967,0.0725422375885035,0.8,NA,"rosenzweig_macarthur_2sp_limit_cycle"
5.3227,0.24357699473272,3.02243177546602,-0.492537850550443,0.104778298882159,0.0538333918773942,0.8,NA,"rosenzweig_macarthur_2sp_limit_cycle"
5.40855,0.26914486435923,3.01868259210371,-0.483852608987362,0.0859376086360632,0.0350025966270099,0.8,NA,"rosenzweig_macarthur_2sp_limit_cycle"
5.4944,0.297209275247648,3.01885851895736,-0.474090150598271,0.0671611602643486,0.0162411726769534,0.8,NA,"rosenzweig_macarthur_2sp_limit_cycle"
5.58025,0.327769011236244,3.02314325884018,-0.463297797570952,0.0486637939281487,-0.00223334354488603,0.8,NA,"rosenzweig_macarthur_2sp_limit_cycle"
5.6661,0.360735611260317,3.03169720918861,-0.451529656134384,0.0306773241359293,-0.0201851381310595,0.8,NA,"rosenzweig_macarthur_2sp_limit_cycle"
5.75195,0.39591487356613,3.0446497701937,-0.438837442977947,0.0134362069615446,-0.0373739351445258,0.8,NA,"rosenzweig_macarthur_2sp_limit_cycle"
5.8378,0.432992848547461,3.06209217955878,-0.425258445835656,-0.00284158294891381,-0.0535734310680163,0.8,NA,"rosenzweig_macarthur_2sp_limit_cycle"
5.92365,0.471529839076447,3.0840715546348,-0.410804099918707,-0.0179747272476495,-0.0685905061641056,0.8,NA,"rosenzweig_macarthur_2sp_limit_cycle"
6.0095,0.510965654435273,3.11058677976155,-0.395454311108008,-0.0318340711895634,-0.0822793026992148,0.8,NA,"rosenzweig_macarthur_2sp_limit_cycle"
6.09535,0.550638148039531,3.14158671630234,-0.379162244948117,-0.0443478494193824,-0.094544298067105,0.8,NA,"rosenzweig_macarthur_2sp_limit_cycle"
6.1812,0.589814938625306,3.1769709511566,-0.361871257497816,-0.055493869199805,-0.105329405119781,0.8,NA,"rosenzweig_macarthur_2sp_limit_cycle"
6.26705,0.627735575196316,3.21659298347561,-0.343541200956502,-0.0652803395345588,-0.114594886399033,0.8,NA,"rosenzweig_macarthur_2sp_limit_cycle"
6.3529,0.663658986802883,3.26026544520828,-0.324177874904376,-0.073720726501526,-0.122288292328327,0.8,NA,"rosenzweig_macarthur_2sp_limit_cycle"
6.43875,0.696909659541792,3.30776672385432,-0.303858716325632,-0.0808091165736691,-0.128318111553432,0.8,NA,"rosenzweig_macarthur_2sp_limit_cycle"
6.5246,0.726916124797522,3.35884824792738,-0.282750102195125,-0.086500798861639,-0.132539197373729,0.8,NA,"rosenzweig_macarthur_2sp_limit_cycle"
6.61045,0.753237006736848,3.41324171551969,-0.261115963348515,-0.0906989254981617,-0.134757686176158,0.8,NA,"rosenzweig_macarthur_2sp_limit_cycle"
6.6963,0.775572507288433,3.47066567007949,-0.23932276805816,-0.0932430678708634,-0.134759429196911,0.8,NA,"rosenzweig_macarthur_2sp_limit_cycle"
6.78215,0.793761968975188,3.53083101155299,-0.217850912428184,-0.0938906167052619,-0.132358551744405,0.8,NA,"rosenzweig_macarthur_2sp_limit_cycle"
6.868,0.807770299157852,3.59344522877407,-0.19732174176179,-0.0922826888020442,-0.127452502786451,0.8,NA,"rosenzweig_macarthur_2sp_limit_cycle"
6.95385,0.817667158634444,3.6582153137048,-0.178523549909638,-0.0879118291782705,-0.120062820544534,0.8,NA,"rosenzweig_macarthur_2sp_limit_cycle"
7.0397,0.823602911146697,3.72484944910127,-0.162335512602498,-0.080192869321469,-0.110344703191391,0.8,NA,"rosenzweig_macarthur_2sp_limit_cycle"
7.12555,0.825784680659712,3.79305764304563,-0.14938914795659,-0.0687973334887785,-0.0985637738368333,0.8,NA,"rosenzweig_macarthur_2sp_limit_cycle"
7.2114,0.824454852488417,3.86255152208732,-0.139647742318759,-0.0540706653723447,-0.0850544504687476,0.8,NA,"rosenzweig_macarthur_2sp_limit_cycle"
7.29725,0.81987331377447,3.93304350047923,-0.132494154067309,-0.0369413759577816,-0.0701792754425966,0.8,NA,"rosenzweig_macarthur_2sp_limit_cycle"
7.3831,0.812303866780212,4.00424552823848,-0.127232138287721,-0.0184163874182697,-0.0543013741482418,0.8,NA,"rosenzweig_macarthur_2sp_limit_cycle"
7.46895,0.80200464798238,4.07586759592794,-0.123381891147053,0.000718695253791406,-0.0377711525303988,0.8,NA,"rosenzweig_macarthur_2sp_limit_cycle"
7.5548,0.789222040260544,4.14761614682933,-0.120687010162343,0.0199120147927882,-0.0209212566403462,0.8,NA,"rosenzweig_macarthur_2sp_limit_cycle"
7.64065,0.774187421267319,4.21919252246232,-0.119034798203364,0.0387727110857413,-0.00406284570761228,0.8,NA,"rosenzweig_macarthur_2sp_limit_cycle"
7.7265,0.757116082329828,4.29029154780553,-0.118390095299325,0.0570130215468579,0.0125207060118747,0.8,NA,"rosenzweig_macarthur_2sp_limit_cycle"
7.81235,0.738207720010965,4.36060034904612,-0.118755523954814,0.0744175901221071,0.0285825640812599,0.8,NA,"rosenzweig_macarthur_2sp_limit_cycle"
7.8982,0.717648002752443,4.42979748908058,-0.120148646996998,0.0908296172780106,0.043920792590534,0.8,NA,"rosenzweig_macarthur_2sp_limit_cycle"
7.98405,0.695610819288809,4.49755250347571,-0.122586603472389,0.106143350879134,0.0583828159652528,0.8,NA,"rosenzweig_macarthur_2sp_limit_cycle"
8.0699,0.672260907774243,4.56352592087988,-0.126072765897279,0.120296401675331,0.0718636599601304,0.8,NA,"rosenzweig_macarthur_2sp_limit_cycle"
8.15575,0.647756637623621,4.62736985528529,-0.13058366556829,0.133259307830231,0.0842978249281352,0.8,NA,"rosenzweig_macarthur_2sp_limit_cycle"
8.2416,0.62225276829708,4.68872926102816,-0.136057097599907,0.14502286335807,0.095646839370341,0.8,NA,"rosenzweig_macarthur_2sp_limit_cycle"
8.32745,0.595903042208547,4.74724394247095,-0.142383641697584,0.1555855488598,0.10588587533598,0.8,NA,"rosenzweig_macarthur_2sp_limit_cycle"
8.4133,0.568862485938832,4.80255140591307,-0.149403684397766,0.164943704453167,0.114992768854908,0.8,NA,"rosenzweig_macarthur_2sp_limit_cycle"
8.49915,0.541289299377642,4.85429062789045,-0.156910700701499,0.173086053134711,0.122941471067739,0.8,NA,"rosenzweig_macarthur_2sp_limit_cycle"
0,0.51113819,4.90569,-0.245555602949886,0.166229695907322,0.1210458307343,0.9,NA,"rosenzweig_macarthur_2sp_limit_cycle"
0.08585,0.482984563073929,4.94889069038855,-0.251068596513976,0.168231512234718,0.123034638029934,0.9,NA,"rosenzweig_macarthur_2sp_limit_cycle"
0.1717,0.454815916693163,4.98747649631135,-0.254974049876349,0.168836328726417,0.123632334328083,0.9,NA,"rosenzweig_macarthur_2sp_limit_cycle"
0.25755,0.42680984144858,5.02115129200292,-0.257145147502894,0.168019327365767,0.122813289313456,0.9,NA,"rosenzweig_macarthur_2sp_limit_cycle"
0.3434,0.399146077104383,5.049653406464,-0.257459643267563,0.165750324807254,0.120547250188151,0.9,NA,"rosenzweig_macarthur_2sp_limit_cycle"
0.42925,0.372003637437543,5.07276371314417,-0.25579935273922,0.161991300325777,0.116796920720497,0.9,NA,"rosenzweig_macarthur_2sp_limit_cycle"
0.5151,0.345557104834253,5.09031339777118,-0.252050186350154,0.15669416090717,0.111515999271088,0.9,NA,"rosenzweig_macarthur_2sp_limit_cycle"
0.60095,0.319972292826762,5.1021908540066,-0.246102825325154,0.149798985274759,0.104648057293902,0.9,NA,"rosenzweig_macarthur_2sp_limit_cycle"
0.6868,0.295401578880207,5.10834712044673,-0.237854262371382,0.1412331726209,0.0961270083340747,0.9,NA,"rosenzweig_macarthur_2sp_limit_cycle"
0.77265,0.271979294768524,5.10879930339065,-0.227210650665002,0.13091218990481,0.0858805869200115,0.9,NA,"rosenzweig_macarthur_2sp_limit_cycle"
0.8585,0.24981760571514,5.10363154004903,-0.214092293832925,0.118743021192637,0.073839583616091,0.9,NA,"rosenzweig_macarthur_2sp_limit_cycle"
0.94435,0.229003294527209,5.09299324429906,-0.198442292707709,0.104632096036241,0.0599584066417676,0.9,NA,"rosenzweig_macarthur_2sp_limit_cycle"
1.0302,0.20959578671845,5.07709462171382,-0.180241617610138,0.0885006747906162,0.0442587859791098,0.9,NA,"rosenzweig_macarthur_2sp_limit_cycle"
1.11605,0.191626615863227,5.05619970634876,-0.159536049918495,0.0703132626137205,0.0269222710795323,0.9,NA,"rosenzweig_macarthur_2sp_limit_cycle"
1.2019,0.175100358644185,5.03061741395699,-0.136488083357658,0.0501321648243875,0.00848494040069059,0.9,NA,"rosenzweig_macarthur_2sp_limit_cycle"
1.28775,0.159996898645698,5.00069128288012,-0.111498895217934,0.0282431999639764,-0.00977703231944433,0.9,NA,"rosenzweig_macarthur_2sp_limit_cycle"
1.3736,0.14627473902189,4.9667886566382,-0.0856449717475633,0.00559695690244372,-0.0252486336221863,0.9,NA,"rosenzweig_macarthur_2sp_limit_cycle"
1.45945,0.133874999569364,4.92929004388733,-0.0635547978620205,-0.0133092804874128,-0.0337181295277372,0.9,NA,"rosenzweig_macarthur_2sp_limit_cycle"
1.5453,0.122725711671305,4.88857928574401,-0.0649318262071005,-0.00890306842747225,-0.0310889842223608,0.9,NA,"rosenzweig_macarthur_2sp_limit_cycle"
1.63115,0.112746058546989,4.84503499652169,-0.0872925814957686,0.0162066895759654,-0.0168954191656139,0.9,NA,"rosenzweig_macarthur_2sp_limit_cycle"
1.717,0.10385028140597,4.79902355660551,-0.113808898662764,0.0450769025706865,0.0052828348254303,0.9,NA,"rosenzweig_macarthur_2sp_limit_cycle"
1.80285,0.0959510637346394,4.75089375725772,-0.140955487711847,0.0740819941284198,0.0311687177949882,0.9,NA,"rosenzweig_macarthur_2sp_limit_cycle"
1.8887,0.0889622972424615,4.70097304913643,-0.167730007036926,0.102137080915352,0.0578772186054996,0.9,NA,"rosenzweig_macarthur_2sp_limit_cycle"
1.97455,0.0828012107128505,4.64956524047825,-0.193649391089943,0.128696221081815,0.0838622213798197,0.9,NA,"rosenzweig_macarthur_2sp_limit_cycle"
2.0604,0.0773899004376756,4.59694942845745,-0.21844014464736,0.15344340328546,0.10836022201321,0.9,NA,"rosenzweig_macarthur_2sp_limit_cycle"
2.14625,0.0726563369841659,4.54337992246176,-0.241952731872864,0.176206472688738,0.131011478679779,0.9,NA,"rosenzweig_macarthur_2sp_limit_cycle"
2.2321,0.0685349404205812,4.48908692170879,-0.264119474435411,0.196913575123038,0.151666291494084,0.9,NA,"rosenzweig_macarthur_2sp_limit_cycle"
2.31795,0.0649668192974207,4.43427773191664,-0.284925687058588,0.215562084444398,0.170289222517991,0.9,NA,"rosenzweig_macarthur_2sp_limit_cycle"
2.4038,0.0618997624361581,4.37913833797705,-0.304388575623362,0.232194809589866,0.186908847351298,0.9,NA,"rosenzweig_macarthur_2sp_limit_cycle"
2.48965,0.0592880611007875,4.32383518513098,-0.322542424176318,0.246882276807015,0.201589294588267,0.9,NA,"rosenzweig_macarthur_2sp_limit_cycle"
2.5755,0.0570922255977363,4.26851705555032,-0.339428852385028,0.259710106747182,0.214413195732707,0.9,NA,"rosenzweig_macarthur_2sp_limit_cycle"
2.66135,0.0552786469036486,4.21331695789851,-0.35509085965285,0.270770386385569,0.225471184642314,0.9,NA,"rosenzweig_macarthur_2sp_limit_cycle"
2.7472,0.0538192418079016,4.15835397320908,-0.369569493928823,0.28015599834136,0.234855409258527,0.9,NA,"rosenzweig_macarthur_2sp_limit_cycle"
2.83305,0.0526911098653215,4.10373502108145,-0.382902225471098,0.287957053584057,0.242655594737869,0.9,NA,"rosenzweig_macarthur_2sp_limit_cycle"
2.9189,0.0518762223300914,4.04955652610861,-0.395122360942356,0.294258779310283,0.248956758219831,0.9,NA,"rosenzweig_macarthur_2sp_limit_cycle"
3.00475,0.0513611570675451,3.99590597627422,-0.406259047366133,0.299140391902947,0.253837997786204,0.9,NA,"rosenzweig_macarthur_2sp_limit_cycle"
3.0906,0.0511368889672859,3.94286337352344,-0.416337576314409,0.30267462258675,0.257371975933138,0.9,NA,"rosenzweig_macarthur_2sp_limit_cycle"
3.17645,0.0511986423123938,3.89050258253966,-0.425379810742773,0.30492766388241,0.259624844135912,0.9,NA,"rosenzweig_macarthur_2sp_limit_cycle"
3.2623,0.0515458096010582,3.83889258757703,-0.433404631185829,0.305959376451963,0.260656437982015,0.9,NA,"rosenzweig_macarthur_2sp_limit_cycle"
3.34815,0.0521819402008399,3.78809866952742,-0.440428345447232,0.305823646615972,0.26052062824587,0.9,NA,"rosenzweig_macarthur_2sp_limit_cycle"
3.434,0.0531148017078432,3.73818351664823,-0.446465034867741,0.304568820387445,0.259265751297537,0.9,NA,"rosenzweig_macarthur_2sp_limit_cycle"
3.51985,0.0543565167802322,3.68920828284616,-0.451526827211383,0.302238165260437,0.256935068824257,0.9,NA,"rosenzweig_macarthur_2sp_limit_cycle"
3.6057,0.0559237783362473,3.64123360731252,-0.455624095753947,0.298870328927309,0.25356722537878,0.9,NA,"rosenzweig_macarthur_2sp_limit_cycle"
3.69155,0.0578381461779565,3.59432060876526,-0.458765588846103,0.294499777035563,0.249196685517012,0.9,NA,"rosenzweig_macarthur_2sp_limit_cycle"
3.7774,0.0601264281420585,3.54853186662806,-0.460958496555053,0.289157201476298,0.243854141839348,0.9,NA,"rosenzweig_macarthur_2sp_limit_cycle"
3.86325,0.0628211485792849,3.50393240016132,-0.46220846165018,0.282869897596416,0.237566892252213,0.9,NA,"rosenzweig_macarthur_2sp_limit_cycle"
3.9491,0.0659611060650357,3.46059065478323,-0.462519542867278,0.275662114585664,0.23035919069777,0.9,NA,"rosenzweig_macarthur_2sp_limit_cycle"
4.03495,0.0695920204090155,3.41857950245459,-0.461894138348279,0.26755538782365,0.222252580200721,0.9,NA,"rosenzweig_macarthur_2sp_limit_cycle"
4.1208,0.0737672658143956,3.37797725985834,-0.460332878426676,0.258568866789774,0.213266221980819,0.9,NA,"rosenzweig_macarthur_2sp_limit_cycle"
4.20665,0.0785486818446354,3.33886872393314,-0.457834498580099,0.248719657045679,0.203417239407482,0.9,NA,"rosenzweig_macarthur_2sp_limit_cycle"
4.2925,0.0840074459095912,3.30134621880866,-0.454395706455591,0.238023200864879,0.192721101835365,0.9,NA,"rosenzweig_macarthur_2sp_limit_cycle"
4.37835,0.0902249792792865,3.26551064097386,-0.450011061722893,0.226493728001275,0.181192080614459,0.9,NA,"rosenzweig_macarthur_2sp_limit_cycle"
4.4642,0.0972938419233143,3.23147248019349,-0.444672894395981,0.214144816759987,0.168843818832531,0.9,NA,"rosenzweig_macarthur_2sp_limit_cycle"
4.55005,0.105318548269088,3.19935278188958,-0.438371296877319,0.200990116215529,0.155690068088077,0.9,NA,"rosenzweig_macarthur_2sp_limit_cycle"
4.6359,0.11441620463251,3.16928400212664,-0.431094237814103,0.187044291869329,0.141745658958759,0.9,NA,"rosenzweig_macarthur_2sp_limit_cycle"
4.72175,0.12471682802344,3.14141068890262,-0.422827861386221,0.172324270810463,0.127027789126339,0.9,NA,"rosenzweig_macarthur_2sp_limit_cycle"
4.8076,0.136363154195925,3.11588990347035,-0.413557054862084,0.15685087399366,0.111557731206085,0.9,NA,"rosenzweig_macarthur_2sp_limit_cycle"
4.89345,0.149509680431118,3.09289127388137,-0.403266387367311,0.140650932956522,0.0953630842540197,0.9,NA,"rosenzweig_macarthur_2sp_limit_cycle"
4.9793,0.164320618434384,3.07259655182968,-0.39194154219422,0.123759988379467,0.0784807159320069,0.9,NA,"rosenzweig_macarthur_2sp_limit_cycle"
5.06515,0.180966362224765,3.05519852649829,-0.379571378828617,0.10622565521637,0.0609605725867628,0.9,NA,"rosenzweig_macarthur_2sp_limit_cycle"
5.151,0.199618019330239,3.04089914042929,-0.3661507630431,0.0881117027273979,0.0428705778132823,0.9,NA,"rosenzweig_macarthur_2sp_limit_cycle"
5.23685,0.220439535050011,3.02990665907452,-0.35168428963786,0.0695028354426974,0.0243029224830899,0.9,NA,"rosenzweig_macarthur_2sp_limit_cycle"
5.3227,0.24357699473272,3.02243177546602,-0.336190991540756,0.0505100720707772,0.00538221192127713,0.9,NA,"rosenzweig_macarthur_2sp_limit_cycle"
5.40855,0.26914486435923,3.01868259210371,-0.319710091484224,0.0312765217602797,-0.0137237584456548,0.9,NA,"rosenzweig_macarthur_2sp_limit_cycle"
5.4944,0.297209275247648,3.01885851895736,-0.302307826213492,0.0119832792570938,-0.0327893644757764,0.9,NA,"rosenzweig_macarthur_2sp_limit_cycle"
5.58025,0.327769011236244,3.02314325884018,-0.284085371036432,-0.00714486632404085,-0.0515110377101401,0.9,NA,"rosenzweig_macarthur_2sp_limit_cycle"
5.6661,0.360735611260317,3.03169720918861,-0.26518789466827,-0.0258341852009919,-0.0694807930220052,0.9,NA,"rosenzweig_macarthur_2sp_limit_cycle"
5.75195,0.39591487356613,3.0446497701937,-0.24581479460046,-0.0437573791635811,-0.0861570112342572,0.9,NA,"rosenzweig_macarthur_2sp_limit_cycle"
5.8378,0.432992848547461,3.06209217955878,-0.226231657172993,-0.0605290456813673,-0.100848543802588,0.9,NA,"rosenzweig_macarthur_2sp_limit_cycle"
5.92365,0.471529839076447,3.0840715546348,-0.206787577478273,-0.0756973438229827,-0.112749279710091,0.9,NA,"rosenzweig_macarthur_2sp_limit_cycle"
6.0095,0.510965654435273,3.11058677976155,-0.187953648683857,-0.088715474147482,-0.121072031817857,0.9,NA,"rosenzweig_macarthur_2sp_limit_cycle"
6.09535,0.550638148039531,3.14158671630234,-0.170436035019789,-0.098838668698709,-0.125287754842472,0.9,NA,"rosenzweig_macarthur_2sp_limit_cycle"
6.1812,0.589814938625306,3.1769709511566,-0.155488752053131,-0.104820460867545,-0.125362927058375,0.9,NA,"rosenzweig_macarthur_2sp_limit_cycle"
6.26705,0.627735575196316,3.21659298347561,-0.145198276695345,-0.104634952698206,-0.121819061046938,0.9,NA,"rosenzweig_macarthur_2sp_limit_cycle"
6.3529,0.663658986802883,3.26026544520828,-0.140331828154337,-0.0976322234214095,-0.115555349985689,0.9,NA,"rosenzweig_macarthur_2sp_limit_cycle"
6.43875,0.696909659541792,3.30776672385432,-0.137981947739515,-0.0868935639424937,-0.107568215065648,0.9,NA,"rosenzweig_macarthur_2sp_limit_cycle"
6.5246,0.726916124797522,3.35884824792738,-0.135409183761303,-0.0753844757784639,-0.0987355130988178,0.9,NA,"rosenzweig_macarthur_2sp_limit_cycle"
6.61045,0.753237006736848,3.41324171551969,-0.131577984558389,-0.0644105298503772,-0.0897209915932766,0.9,NA,"rosenzweig_macarthur_2sp_limit_cycle"
6.6963,0.775572507288433,3.47066567007949,-0.126318336526194,-0.0544441381764802,-0.0809624871126706,0.9,NA,"rosenzweig_macarthur_2sp_limit_cycle"
6.78215,0.793761968975188,3.53083101155299,-0.119852058101918,-0.0455842137615652,-0.0726923336068846,0.9,NA,"rosenzweig_macarthur_2sp_limit_cycle"
6.868,0.807770299157852,3.59344522877407,-0.112651022821934,-0.0376825297730106,-0.0649602181924023,0.9,NA,"rosenzweig_macarthur_2sp_limit_cycle"
6.95385,0.817667158634444,3.6582153137048,-0.105414701468391,-0.03035058423579,-0.0576513085593073,0.9,NA,"rosenzweig_macarthur_2sp_limit_cycle"
7.0397,0.823602911146697,3.72484944910127,-0.0990564846816753,-0.0229587414193763,-0.0505068384686195,0.9,NA,"rosenzweig_macarthur_2sp_limit_cycle"
7.12555,0.825784680659712,3.79305764304563,-0.0945866271653696,-0.0147409682486025,-0.0431613618681427,0.9,NA,"rosenzweig_macarthur_2sp_limit_cycle"
7.2114,0.824454852488417,3.86255152208732,-0.0928279148344851,-0.00507002699236601,-0.0352092753199045,0.9,NA,"rosenzweig_macarthur_2sp_limit_cycle"
7.29725,0.81987331377447,3.93304350047923,-0.0941318885843274,0.00626408639889669,-0.0262990284042937,0.9,NA,"rosenzweig_macarthur_2sp_limit_cycle"
7.3831,0.812303866780212,4.00424552823848,-0.0983649766243192,0.0190416335692997,-0.0162294053054568,0.9,NA,"rosenzweig_macarthur_2sp_limit_cycle"
7.46895,0.80200464798238,4.07586759592794,-0.105118904469428,0.0328212280929548,-0.00500662187656591,0.9,NA,"rosenzweig_macarthur_2sp_limit_cycle"
7.5548,0.789222040260544,4.14761614682933,-0.113906512001252,0.0471303707112873,0.0071650100983812,0.9,NA,"rosenzweig_macarthur_2sp_limit_cycle"
7.64065,0.774187421267319,4.21919252246232,-0.124254666943334,0.061551086959603,0.0199484400371243,0.9,NA,"rosenzweig_macarthur_2sp_limit_cycle"
7.7265,0.757116082329828,4.29029154780553,-0.13573153572465,0.0757389657283912,0.0329572190432951,0.9,NA,"rosenzweig_macarthur_2sp_limit_cycle"
7.81235,0.738207720010965,4.36060034904612,-0.147949859282504,0.0894181810470772,0.0458220285472706,0.9,NA,"rosenzweig_macarthur_2sp_limit_cycle"
7.8982,0.717648002752443,4.42979748908058,-0.160564246693075,0.102371225496478,0.0582271233216995,0.9,NA,"rosenzweig_macarthur_2sp_limit_cycle"
7.98405,0.695610819288809,4.49755250347571,-0.173267467686963,0.114428778532765,0.0699212077184301,0.9,NA,"rosenzweig_macarthur_2sp_limit_cycle"
8.0699,0.672260907774243,4.56352592087988,-0.185786574016246,0.125460729918827,0.080713296808914,0.9,NA,"rosenzweig_macarthur_2sp_limit_cycle"
8.15575,0.647756637623621,4.62736985528529,-0.197878886147648,0.135368373932825,0.0904624289357917,0.9,NA,"rosenzweig_macarthur_2sp_limit_cycle"
8.2416,0.62225276829708,4.68872926102816,-0.209327896535899,0.144077669685314,0.099066388456766,0.9,NA,"rosenzweig_macarthur_2sp_limit_cycle"
8.32745,0.595903042208547,4.74724394247095,-0.219939231781208,0.151533469334096,0.106451676475239,0.9,NA,"rosenzweig_macarthur_2sp_limit_cycle"
8.4133,0.568862485938832,4.80255140591307,-0.229536833787779,0.157694609506637,0.112565329818184,0.9,NA,"rosenzweig_macarthur_2sp_limit_cycle"
8.49915,0.541289299377642,4.85429062789045,-0.237959491701538,0.162529735060425,0.117368460797861,0.9,NA,"rosenzweig_macarthur_2sp_limit_cycle"
0,0.51113819,4.90569,-0.248157704714121,0.107745632395615,0.0671107539872305,1,NA,"rosenzweig_macarthur_2sp_limit_cycle"
0.08585,0.482984563073929,4.94889069038855,-0.243897285968951,0.103321371667195,0.0627084955282819,1,NA,"rosenzweig_macarthur_2sp_limit_cycle"
0.1717,0.454815916693163,4.98747649631135,-0.237750915149178,0.0970713202281364,0.0564960295609745,1,NA,"rosenzweig_macarthur_2sp_limit_cycle"
0.25755,0.42680984144858,5.02115129200292,-0.229684820068661,0.0889659080705159,0.048453152894861,1,NA,"rosenzweig_macarthur_2sp_limit_cycle"
0.3434,0.399146077104383,5.049653406464,-0.219714774410971,0.0790231363366305,0.0386150462421411,1,NA,"rosenzweig_macarthur_2sp_limit_cycle"
0.42925,0.372003637437543,5.07276371314417,-0.207947355836939,0.0673495109105828,0.0271194296218136,1,NA,"rosenzweig_macarthur_2sp_limit_cycle"
0.5151,0.345557104834253,5.09031339777118,-0.194645711443975,0.0542055472563852,0.0142816402054852,1,NA,"rosenzweig_macarthur_2sp_limit_cycle"
0.60095,0.319972292826762,5.1021908540066,-0.180319431102595,0.0400954948478989,0.000693499472515376,1,NA,"rosenzweig_macarthur_2sp_limit_cycle"
0.6868,0.295401578880207,5.10834712044673,-0.165811123625468,0.0258539220974545,-0.0126998779848363,1,NA,"rosenzweig_macarthur_2sp_limit_cycle"
0.77265,0.271979294768524,5.10879930339065,-0.152295628464321,0.0126451294986124,-0.0246691536116251,1,NA,"rosenzweig_macarthur_2sp_limit_cycle"
0.8585,0.24981760571514,5.10363154004903,-0.141055619316745,0.00173915952738966,-0.0340591095655546,1,NA,"rosenzweig_macarthur_2sp_limit_cycle"
0.94435,0.229003294527209,5.09299324429906,-0.132991632140365,-0.00597757868663506,-0.0403259613770622,1,NA,"rosenzweig_macarthur_2sp_limit_cycle"
1.0302,0.20959578671845,5.07709462171382,-0.128207946201405,-0.0104156889206488,-0.0437399881693327,1,NA,"rosenzweig_macarthur_2sp_limit_cycle"
1.11605,0.191626615863227,5.05619970634876,-0.126290022419352,-0.0120045385948115,-0.0449006068887562,1,NA,"rosenzweig_macarthur_2sp_limit_cycle"
1.2019,0.175100358644185,5.03061741395699,-0.127258578884558,-0.0107373870546299,-0.043909053638516,1,NA,"rosenzweig_macarthur_2sp_limit_cycle"
1.28775,0.159996898645698,5.00069128288012,-0.132218532778423,-0.00552174630446714,-0.0398372215704719,1,NA,"rosenzweig_macarthur_2sp_limit_cycle"
1.3736,0.14627473902189,4.9667886566382,-0.142688558291973,0.00515070832006079,-0.0310409240408737,1,NA,"rosenzweig_macarthur_2sp_limit_cycle"
1.45945,0.133874999569364,4.92929004388733,-0.159009852947567,0.0216132311657351,-0.0164925062508254,1,NA,"rosenzweig_macarthur_2sp_limit_cycle"
1.5453,0.122725711671305,4.88857928574401,-0.179787550757022,0.0424655343781355,0.0030218213728617,1,NA,"rosenzweig_macarthur_2sp_limit_cycle"
1.63115,0.112746058546989,4.84503499652169,-0.202836850759856,0.0655198404113417,0.0253574394738366,1,NA,"rosenzweig_macarthur_2sp_limit_cycle"
1.717,0.10385028140597,4.79902355660551,-0.226250771324345,0.0888684111897599,0.0483717433079287,1,NA,"rosenzweig_macarthur_2sp_limit_cycle"
1.80285,0.0959510637346394,4.75089375725772,-0.248803871573576,0.111286944844213,0.0706425612111177,1,NA,"rosenzweig_macarthur_2sp_limit_cycle"
1.8887,0.0889622972424615,4.70097304913643,-0.269866448936213,0.132148399064917,0.0914383115527397,1,NA,"rosenzweig_macarthur_2sp_limit_cycle"
1.97455,0.0828012107128505,4.64956524047825,-0.289186945924714,0.151205016846042,0.110464615226813,1,NA,"rosenzweig_macarthur_2sp_limit_cycle"
2.0604,0.0773899004376756,4.59694942845745,-0.306716139257589,0.16841215911778,0.127657060084725,1,NA,"rosenzweig_macarthur_2sp_limit_cycle"
2.14625,0.0726563369841659,4.54337992246176,-0.322500442229317,0.18382129492298,0.143058679539378,1,NA,"rosenzweig_macarthur_2sp_limit_cycle"
2.2321,0.0685349404205812,4.48908692170879,-0.336625031403292,0.197522870154711,0.156756204036345,1,NA,"rosenzweig_macarthur_2sp_limit_cycle"
2.31795,0.0649668192974207,4.43427773191664,-0.349185733236559,0.209617991978958,0.168849032783164,1,NA,"rosenzweig_macarthur_2sp_limit_cycle"
2.4038,0.0618997624361581,4.37913833797705,-0.360276030506458,0.220205285529272,0.179434968758037,1,NA,"rosenzweig_macarthur_2sp_limit_cycle"
2.48965,0.0592880611007875,4.32383518513098,-0.369981649430499,0.229375376846339,0.188604223762424,1,NA,"rosenzweig_macarthur_2sp_limit_cycle"
2.5755,0.0570922255977363,4.26851705555032,-0.378378817634197,0.237209084648876,0.196437398559731,1,NA,"rosenzweig_macarthur_2sp_limit_cycle"
2.66135,0.0552786469036486,4.21331695789851,-0.385534221515213,0.243777341458108,0.203005306314544,1,NA,"rosenzweig_macarthur_2sp_limit_cycle"
2.7472,0.0538192418079016,4.15835397320908,-0.391505684920964,0.249141858748142,0.208369590761142,1,NA,"rosenzweig_macarthur_2sp_limit_cycle"
2.83305,0.0526911098653215,4.10373502108145,-0.396343091945936,0.253356052826438,0.212583628586755,1,NA,"rosenzweig_macarthur_2sp_limit_cycle"
2.9189,0.0518762223300914,4.04955652610861,-0.400089328113282,0.256466000683728,0.215693473101469,1,NA,"rosenzweig_macarthur_2sp_limit_cycle"
3.00475,0.0513611570675451,3.99590597627422,-0.402781139654831,0.258511321675178,0.217738729410276,1,NA,"rosenzweig_macarthur_2sp_limit_cycle"
3.0906,0.0511368889672859,3.94286337352344,-0.404449872873352,0.259525944011425,0.218753317352866,1,NA,"rosenzweig_macarthur_2sp_limit_cycle"
3.17645,0.0511986423123938,3.89050258253966,-0.405122085350749,0.259538745908302,0.218766110718145,1,NA,"rosenzweig_macarthur_2sp_limit_cycle"
3.2623,0.0515458096010582,3.83889258757703,-0.404820034852742,0.258574075869878,0.217801456534669,1,NA,"rosenzweig_macarthur_2sp_limit_cycle"
3.34815,0.0521819402008399,3.78809866952742,-0.403562057938645,0.256652163239856,0.215879585243175,1,NA,"rosenzweig_macarthur_2sp_limit_cycle"
3.434,0.0531148017078432,3.73818351664823,-0.40136285267866,0.253789433160557,0.213016925757421,1,NA,"rosenzweig_macarthur_2sp_limit_cycle"
3.51985,0.0543565167802322,3.68920828284616,-0.39823368165345,0.249998742013373,0.209226341489249,1,NA,"rosenzweig_macarthur_2sp_limit_cycle"
3.6057,0.0559237783362473,3.64123360731252,-0.394182513185382,0.245289551675873,0.204517305801909,1,NA,"rosenzweig_macarthur_2sp_limit_cycle"
3.69155,0.0578381461779565,3.59432060876526,-0.389214122609704,0.239668064886151,0.19889603947459,1,NA,"rosenzweig_macarthur_2sp_limit_cycle"
3.7774,0.0601264281420585,3.54853186662806,-0.383330182409165,0.233137351266556,0.192365640279895,1,NA,"rosenzweig_macarthur_2sp_limit_cycle"
3.86325,0.0628211485792849,3.50393240016132,-0.376529381852787,0.225697505610008,0.184926247272412,1,NA,"rosenzweig_macarthur_2sp_limit_cycle"
3.9491,0.0659611060650357,3.46059065478323,-0.368807637256076,0.217345900746503,0.176575303907052,1,NA,"rosenzweig_macarthur_2sp_limit_cycle"
4.03495,0.0695920204090155,3.41857950245459,-0.360158486513975,0.208077630054087,0.167308018350328,1,NA,"rosenzweig_macarthur_2sp_limit_cycle"
4.1208,0.0737672658143956,3.37797725985834,-0.350573814277889,0.197886287507547,0.157118175009861,1,NA,"rosenzweig_macarthur_2sp_limit_cycle"
4.20665,0.0785486818446354,3.33886872393314,-0.340045137158587,0.186765316360637,0.145999539940593,1,NA,"rosenzweig_macarthur_2sp_limit_cycle"
4.2925,0.0840074459095912,3.30134621880866,-0.328565807105092,0.17471028662704,0.133948242343994,1,NA,"rosenzweig_macarthur_2sp_limit_cycle"
4.37835,0.0902249792792865,3.26551064097386,-0.316134685818375,0.161722655944468,0.120966729029954,1,NA,"rosenzweig_macarthur_2sp_limit_cycle"
4.4642,0.0972938419233143,3.23147248019349,-0.302762121517557,0.147815846949346,0.107070205658108,1,NA,"rosenzweig_macarthur_2sp_limit_cycle"
4.55005,0.105318548269088,3.19935278188958,-0.288479419982879,0.133024834059223,0.092296908037583,1,NA,"rosenzweig_macarthur_2sp_limit_cycle"
4.6359,0.11441620463251,3.16928400212664,-0.273353359612584,0.117420789383765,0.0767240172814645,1,NA,"rosenzweig_macarthur_2sp_limit_cycle"
4.72175,0.12471682802344,3.14141068890262,-0.25750736098064,0.101132396374477,0.0604912303693284,1,NA,"rosenzweig_macarthur_2sp_limit_cycle"
4.8076,0.136363154195925,3.11588990347035,-0.241149927503982,0.0843744427555069,0.0438330034676775,1,NA,"rosenzweig_macarthur_2sp_limit_cycle"
4.89345,0.149509680431118,3.09289127388137,-0.224607472964145,0.0674807987961031,0.0271162734247026,1,NA,"rosenzweig_macarthur_2sp_limit_cycle"
4.9793,0.164320618434384,3.07259655182968,-0.208350876116415,0.050931105346429,0.010870001923438,1,NA,"rosenzweig_macarthur_2sp_limit_cycle"
5.06515,0.180966362224765,3.05519852649829,-0.19299346274743,0.0353488478163517,-0.00422429745000583,1,NA,"rosenzweig_macarthur_2sp_limit_cycle"
5.151,0.199618019330239,3.04089914042929,-0.179230376918215,0.0214407435094809,-0.017423088480303,1,NA,"rosenzweig_macarthur_2sp_limit_cycle"
5.23685,0.220439535050011,3.02990665907452,-0.167702628821688,0.00986068582818281,-0.0281059657769746,1,NA,"rosenzweig_macarthur_2sp_limit_cycle"
5.3227,0.24357699473272,3.02243177546602,-0.158816120107322,0.00102849250822068,-0.0359825599195842,1,NA,"rosenzweig_macarthur_2sp_limit_cycle"
5.40855,0.26914486435923,3.01868259210371,-0.152605783094646,-0.00500646131396052,-0.0411800798562171,1,NA,"rosenzweig_macarthur_2sp_limit_cycle"
5.4944,0.297209275247648,3.01885851895736,-0.148742811180036,-0.00855879595224765,-0.0441409639504734,1,NA,"rosenzweig_macarthur_2sp_limit_cycle"
5.58025,0.327769011236244,3.02314325884018,-0.146690320510255,-0.0101525508205853,-0.0454178356431039,1,NA,"rosenzweig_macarthur_2sp_limit_cycle"
5.6661,0.360735611260317,3.03169720918861,-0.145895705499233,-0.0103301942010425,-0.0455079147244098,1,NA,"rosenzweig_macarthur_2sp_limit_cycle"
5.75195,0.39591487356613,3.0446497701937,-0.145904630503964,-0.0095401889797288,-0.0447899597057384,1,NA,"rosenzweig_macarthur_2sp_limit_cycle"
5.8378,0.432992848547461,3.06209217955878,-0.146376727031591,-0.00812287773009841,-0.0435395365286306,1,NA,"rosenzweig_macarthur_2sp_limit_cycle"
5.92365,0.471529839076447,3.0840715546348,-0.147051804011218,-0.00634563810108199,-0.0419717325201195,1,NA,"rosenzweig_macarthur_2sp_limit_cycle"
6.0095,0.510965654435273,3.11058677976155,-0.147716579967198,-0.00443701727450416,-0.0402744532023035,1,NA,"rosenzweig_macarthur_2sp_limit_cycle"
6.09535,0.550638148039531,3.14158671630234,-0.148193639671526,-0.00259787998051069,-0.0386184010509088,1,NA,"rosenzweig_macarthur_2sp_limit_cycle"
6.1812,0.589814938625306,3.1769709511566,-0.148350178319631,-0.000991841066558962,-0.0371472992107022,1,NA,"rosenzweig_macarthur_2sp_limit_cycle"
6.26705,0.627735575196316,3.21659298347561,-0.148113870455398,0.000272356844572869,-0.0359600852763431,1,NA,"rosenzweig_macarthur_2sp_limit_cycle"
6.3529,0.663658986802883,3.26026544520828,-0.147484043373651,0.00115451174638166,-0.0350966389609623,1,NA,"rosenzweig_macarthur_2sp_limit_cycle"
6.43875,0.696909659541792,3.30776672385432,-0.146532063309179,0.00168623038171248,-0.0345337192353119,1,NA,"rosenzweig_macarthur_2sp_limit_cycle"
6.5246,0.726916124797522,3.35884824792738,-0.145390800205233,0.00196322839234506,-0.0341919044286738,1,NA,"rosenzweig_macarthur_2sp_limit_cycle"
6.61045,0.753237006736848,3.41324171551969,-0.144237321679517,0.00213040596422795,-0.0339496741681062,1,NA,"rosenzweig_macarthur_2sp_limit_cycle"
6.6963,0.775572507288433,3.47066567007949,-0.143275097663724,0.00236569417786251,-0.0336583210679195,1,NA,"rosenzweig_macarthur_2sp_limit_cycle"
6.78215,0.793761968975188,3.53083101155299,-0.142721452642342,0.00286829615177356,-0.0331517583289917,1,NA,"rosenzweig_macarthur_2sp_limit_cycle"
6.868,0.807770299157852,3.59344522877407,-0.142802244197502,0.00385335365084137,-0.0322487522667965,1,NA,"rosenzweig_macarthur_2sp_limit_cycle"
6.95385,0.817667158634444,3.6582153137048,-0.143749516437445,0.0055489602092414,-0.0307507697575645,1,NA,"rosenzweig_macarthur_2sp_limit_cycle"
7.0397,0.823602911146697,3.72484944910127,-0.145792399458619,0.00818601903173926,-0.0284440785814052,1,NA,"rosenzweig_macarthur_2sp_limit_cycle"
7.12555,0.825784680659712,3.79305764304563,-0.149131856857482,0.0119717705857685,-0.0251165082075747,1,NA,"rosenzweig_macarthur_2sp_limit_cycle"
7.2114,0.824454852488417,3.86255152208732,-0.153899219100745,0.0170471096570093,-0.0205941244302085,1,NA,"rosenzweig_macarthur_2sp_limit_cycle"
7.29725,0.81987331377447,3.93304350047923,-0.160112643444053,0.0234419532735789,-0.014790709101467,1,NA,"rosenzweig_macarthur_2sp_limit_cycle"
7.3831,0.812303866780212,4.00424552823848,-0.16765296178655,0.0310501873256716,-0.00774975748381687,1,NA,"rosenzweig_macarthur_2sp_limit_cycle"
7.46895,0.80200464798238,4.07586759592794,-0.176272441315683,0.0396377362256775,0.00034352587341029,1,NA,"rosenzweig_macarthur_2sp_limit_cycle"
7.5548,0.789222040260544,4.14761614682933,-0.185632627697154,0.0488799138019336,0.00918834275419178,1,NA,"rosenzweig_macarthur_2sp_limit_cycle"
7.64065,0.774187421267319,4.21919252246232,-0.195354670437205,0.0584114278879872,0.0184198813565125,1,NA,"rosenzweig_macarthur_2sp_limit_cycle"
7.7265,0.757116082329828,4.29029154780553,-0.205064627568691,0.0678714988257424,0.0276635576986245,1,NA,"rosenzweig_macarthur_2sp_limit_cycle"
7.81235,0.738207720010965,4.36060034904612,-0.214423741763953,0.0769340503609102,0.0365746157270236,1,NA,"rosenzweig_macarthur_2sp_limit_cycle"
7.8982,0.717648002752443,4.42979748908058,-0.223142332484688,0.0853215828327152,0.0448579727003961,1,NA,"rosenzweig_macarthur_2sp_limit_cycle"
7.98405,0.695610819288809,4.49755250347571,-0.230981212400966,0.0928066103604969,0.0522721057549451,1,NA,"rosenzweig_macarthur_2sp_limit_cycle"
8.0699,0.672260907774243,4.56352592087988,-0.237745896733762,0.0992059075849833,0.0586235858213813,1,NA,"rosenzweig_macarthur_2sp_limit_cycle"
8.15575,0.647756637623621,4.62736985528529,-0.243277912402118,0.104371851539282,0.0637578051039991,1,NA,"rosenzweig_macarthur_2sp_limit_cycle"
8.2416,0.62225276829708,4.68872926102816,-0.247445898159762,0.10818353718654,0.0675493043505755,1,NA,"rosenzweig_macarthur_2sp_limit_cycle"
8.32745,0.595903042208547,4.74724394247095,-0.250137852315979,0.110539006230266,0.0698933453734241,1,NA,"rosenzweig_macarthur_2sp_limit_cycle"
8.4133,0.568862485938832,4.80255140591307,-0.251255076171249,0.111349129067561,0.0706993561707029,1,NA,"rosenzweig_macarthur_2sp_limit_cycle"
8.49915,0.541289299377642,4.85429062789045,-0.250708038328099,0.110533354490868,0.0698864752331925,1,NA,"rosenzweig_macarthur_2sp_limit_cycle"
0,0.6538001,0.3563991,-0.403673820523346,0.152421365249333,0.063727854718869,0.1,0.9953945,"hastings_powell_3sp_forced_cycle"
1.755,0.640088039482431,0.364702023472318,-0.382908576753893,0.152125418540504,0.0636978348355604,0.1,1.00091752584203,"hastings_powell_3sp_forced_cycle"
3.515,0.626489232820735,0.371706755643618,-0.364629711392993,0.151313664059868,0.063192140793016,0.1,1.00836551371248,"hastings_powell_3sp_forced_cycle"
5.275,0.613991579714777,0.376774391470463,-0.350420271478652,0.149994713404288,0.0622033536806253,0.1,1.01735717304851,"hastings_powell_3sp_forced_cycle"
7.035,0.60366679406303,0.379418836345447,-0.34167279588514,0.148217462856698,0.0607573508178971,0.1,1.02740389458773,"hastings_powell_3sp_forced_cycle"
8.79,0.596605040183043,0.379384701058154,-0.339435981612547,0.146094396575315,0.0589356398498727,0.1,1.03789500005187,"hastings_powell_3sp_forced_cycle"
10.55,0.593659753958126,0.37670358421678,-0.344188871789818,0.143783597438021,0.0568644051067348,0.1,1.0482648230892,"hastings_powell_3sp_forced_cycle"
12.31,0.595360065837755,0.371692022985537,-0.355711694902946,0.141504104536565,0.0547319855766397,0.1,1.05786858820885,"hastings_powell_3sp_forced_cycle"
14.07,0.601650676942825,0.364880103999582,-0.373002404941037,0.139458793052494,0.052724217736093,0.1,1.06616066643122,"hastings_powell_3sp_forced_cycle"
15.825,0.611847838482805,0.356905255754461,-0.394388514925854,0.137787980216136,0.0509826322560873,0.1,1.07269302305686,"hastings_powell_3sp_forced_cycle"
17.585,0.624907261841769,0.348297433568391,-0.418116253732385,0.136530459912732,0.0495622799417968,0.1,1.07720486912042,"hastings_powell_3sp_forced_cycle"
19.345,0.639514273609596,0.339546504371308,-0.442349594845478,0.135674190959761,0.048476143594781,0.1,1.07950719408776,"hastings_powell_3sp_forced_cycle"
21.105,0.654473985262021,0.330999727018259,-0.465669894971193,0.135175943544972,0.0477063110660511,0.1,1.07954697902183,"hastings_powell_3sp_forced_cycle"
22.86,0.668828932191692,0.322931229380006,-0.48704334715624,0.134997015491172,0.0472360022997665,0.1,1.07737563685989,"hastings_powell_3sp_forced_cycle"
24.62,0.682062326337216,0.315488549318442,-0.505995899049677,0.135113183188344,0.0470551701907512,0.1,1.07310206772403,"hastings_powell_3sp_forced_cycle"
26.38,0.693791671421821,0.308861026119694,-0.522123371383185,0.135515161705948,0.0471669267303675,0.1,1.0669200179981,"hastings_powell_3sp_forced_cycle"
28.14,0.70384346348006,0.303202085194124,-0.535229421315411,0.136198286731257,0.0475751316107986,0.1,1.05908254306022,"hastings_powell_3sp_forced_cycle"
29.895,0.712109461739317,0.298669129968684,-0.545161387596864,0.137153201865382,0.048277447984164,0.1,1.04992653424292,"hastings_powell_3sp_forced_cycle"
31.655,0.718584156178407,0.295373268097114,-0.551874496064169,0.138372400930781,0.0492695858489002,0.1,1.03975664495916,"hastings_powell_3sp_forced_cycle"
33.415,0.723197339858913,0.293452728522071,-0.555246444717587,0.13983059631402,0.0505303794867052,0.1,1.02899342536115,"hastings_powell_3sp_forced_cycle"
35.175,0.725903953596263,0.293011980223834,-0.555198630105747,0.141492912014321,0.0520274080067559,0.1,1.01805969475914,"hastings_powell_3sp_forced_cycle"
36.93,0.726657532547975,0.294124847146894,-0.551684770411269,0.143306207272707,0.0537098361214443,0.1,1.00742098535297,"hastings_powell_3sp_forced_cycle"
38.69,0.725416138576194,0.296844768438624,-0.54465307311874,0.14522001655382,0.0555284119165647,0.1,0.997450860227122,"hastings_powell_3sp_forced_cycle"
40.45,0.722134722507537,0.301177312578799,-0.534124580927397,0.147155922363755,0.0574074698130484,0.1,0.98860061437772,"hastings_powell_3sp_forced_cycle"
42.21,0.716787834422661,0.307076824273419,-0.520189591182311,0.149029617369742,0.0592656363341508,0.1,0.981261965093255,"hastings_powell_3sp_forced_cycle"
43.965,0.709401322954858,0.314408066700013,-0.503101441395259,0.150744292956013,0.0610095173409646,0.1,0.975796707149518,"hastings_powell_3sp_forced_cycle"
45.725,0.699980802154498,0.323016556874882,-0.483117260399527,0.152214161239943,0.0625574490385531,0.1,0.972465346270801,"hastings_powell_3sp_forced_cycle"
47.485,0.688664161603123,0.332583577967419,-0.460842749767843,0.153340479547341,0.0638145231992,0.1,0.97150637286596,"hastings_powell_3sp_forced_cycle"
49.245,0.675677446581384,0.342689873412276,-0.43709511152174,0.154038446476851,0.0646988451657553,0.1,0.973050706693969,"hastings_powell_3sp_forced_cycle"
51,0.661436067702918,0.352761959283035,-0.413048434806622,0.154238568264566,0.0651409552888186,0.1,0.977106774429847,"hastings_powell_3sp_forced_cycle"
52.76,0.64642114978099,0.362199905383888,-0.3899553370277,0.153892279054451,0.0650908882496785,0.1,0.983595961459849,"hastings_powell_3sp_forced_cycle"
54.52,0.631458997791271,0.370244979781028,-0.369506491315962,0.152971605098439,0.0645119055152792,0.1,0.992267434245746,"hastings_powell_3sp_forced_cycle"
56.28,0.617566284401301,0.376176838357544,-0.353427456893071,0.151478361577263,0.0633903371812624,0.1,1.00272943709355,"hastings_powell_3sp_forced_cycle"
58.035,0.60596848687844,0.379393773857692,-0.343371264801371,0.149462747178315,0.0617508301390852,0.1,1.01441295091652,"hastings_powell_3sp_forced_cycle"
59.795,0.597845377411478,0.379565306524018,-0.340571784452697,0.147021375302907,0.0596584501433587,0.1,1.02673506668811,"hastings_powell_3sp_forced_cycle"
61.555,0.594321642921751,0.37666580616914,-0.345748942617748,0.144348131846903,0.0572662213679431,0.1,1.0389450559973,"hastings_powell_3sp_forced_cycle"
63.315,0.596061123870807,0.371030656828773,-0.358740942974549,0.141692458257589,0.0547862170485189,0.1,1.05032192997273,"hastings_powell_3sp_forced_cycle"
65.07,0.603052204813271,0.363279662419718,-0.378397063898417,0.139304551194409,0.0524452807951749,0.1,1.06018665778834,"hastings_powell_3sp_forced_cycle"
66.83,0.614632770094352,0.354069727315695,-0.402990969705879,0.137334057498098,0.050391749937931,0.1,1.06806513086059,"hastings_powell_3sp_forced_cycle"
68.59,0.629519372197654,0.34408191978815,-0.430278663805666,0.135842587692742,0.0487056603177252,0.1,1.07354463178281,"hastings_powell_3sp_forced_cycle"
70.35,0.646202626745148,0.333850121964636,-0.458177499760841,0.134805008385819,0.0473916323575421,0.1,1.07639240546434,"hastings_powell_3sp_forced_cycle"
72.105,0.663241109835139,0.323796416320752,-0.484973118157233,0.134171202016779,0.0464310932335266,0.1,1.07651206383283,"hastings_powell_3sp_forced_cycle"
73.865,0.679680984389588,0.314152347156616,-0.509713812337949,0.133897474090891,0.0458040553373037,0.1,1.07391730002991,"hastings_powell_3sp_forced_cycle"
75.625,0.694803926288702,0.305178013887564,-0.531658841356635,0.133968224598521,0.0455153722444521,0.1,1.0687153880957,"hastings_powell_3sp_forced_cycle"
77.385,0.708243127479364,0.297079742206996,-0.550435558648774,0.134381978916269,0.0455781784045665,0.1,1.06110810690895,"hastings_powell_3sp_forced_cycle"
79.14,0.719786736106669,0.290073356401491,-0.565785575130857,0.13514052018187,0.0460060503004081,0.1,1.0514123732706,"hastings_powell_3sp_forced_cycle"
80.9,0.729408144848107,0.284310095392708,-0.577643075806121,0.136249498592271,0.0468106608804979,0.1,1.03993700788953,"hastings_powell_3sp_forced_cycle"
82.66,0.737010801763907,0.279993471049309,-0.585828214669392,0.137699357769971,0.0479888301864904,0.1,1.02714024588821,"hastings_powell_3sp_forced_cycle"
84.42,0.742538397356448,0.27729029012745,-0.590214970045625,0.13946911432463,0.0495229006787318,0.1,1.01351050975274,"hastings_powell_3sp_forced_cycle"
86.175,0.745922843412859,0.27634730953287,-0.590682514014116,0.141516042873734,0.0513725328829288,0.1,0.999614025327427,"hastings_powell_3sp_forced_cycle"
87.935,0.74711436113739,0.277281024272839,-0.587111523074048,0.143798302878908,0.0534959775024789,0.1,0.985917233366602,"hastings_powell_3sp_forced_cycle"
89.695,0.746023628010518,0.280189190083682,-0.579383234226831,0.146238923040863,0.0558182519921315,0.1,0.973008714365856,"hastings_powell_3sp_forced_cycle"
91.455,0.742568728186451,0.28512698987058,-0.567411736720739,0.148748537997472,0.0582522186321528,0.1,0.961423003641043,"hastings_powell_3sp_forced_cycle"
93.21,0.736687789965515,0.292077431950166,-0.551216357284663,0.151214299281169,0.060688601015958,0.1,0.951689123584776,"hastings_powell_3sp_forced_cycle"
94.97,0.728275265207487,0.301017854688309,-0.530768021469879,0.153530763914285,0.0630268430937453,0.1,0.9442099990719,"hastings_powell_3sp_forced_cycle"
96.73,0.717300544112481,0.31177449375379,-0.506329440375715,0.155562189365594,0.0651377706535446,0.1,0.939415787085696,"hastings_powell_3sp_forced_cycle"
98.49,0.703778299994857,0.324062004926889,-0.478366528000997,0.157178702337025,0.0668987467155759,0.1,0.937629208351213,"hastings_powell_3sp_forced_cycle"
100.245,0.68787588575098,0.337389144672024,-0.447776906972069,0.158256997595993,0.0681928345385465,0.1,0.939066814590806,"hastings_powell_3sp_forced_cycle"
102.005,0.669788605772363,0.351179510352532,-0.415627400917369,0.15870178878429,0.0689314449431669,0.1,0.943839567292332,"hastings_powell_3sp_forced_cycle"
103.765,0.650094239712653,0.364524907383286,-0.383741230841304,0.158434162249835,0.0690369660876201,0.1,0.951898863016858,"hastings_powell_3sp_forced_cycle"
105.525,0.629668502878332,0.376362289980929,-0.35433318837097,0.157404947250473,0.0684556248870195,0.1,0.963010996098843,"hastings_powell_3sp_forced_cycle"
107.28,0.6098554691658,0.385512422937065,-0.330015834766089,0.155590626500721,0.0671478805649792,0.1,0.976687619297243,"hastings_powell_3sp_forced_cycle"
109.04,0.592252585163255,0.390960554479296,-0.313273366429039,0.152977945957473,0.0650746997238384,0.1,0.99233720259918,"hastings_powell_3sp_forced_cycle"
110.8,0.578935963634865,0.39194591424417,-0.306516083196488,0.149646686923205,0.0622670672728777,0.1,1.00904661315413,"hastings_powell_3sp_forced_cycle"
112.56,0.571912665080486,0.38831340445746,-0.311305447639527,0.145838503680677,0.0588999808794476,0.1,1.02579401417164,"hastings_powell_3sp_forced_cycle"
114.315,0.57265694332326,0.380601870726879,-0.327832127019935,0.141997234220422,0.0553433441650973,0.1,1.04147863063588,"hastings_powell_3sp_forced_cycle"
116.075,0.581583141336776,0.369798736014292,-0.354748801285429,0.138586197140736,0.0520103743740385,0.1,1.05522581487945,"hastings_powell_3sp_forced_cycle"
117.835,0.597709964264699,0.357143476863417,-0.389003822642446,0.135927988877929,0.0492181291356855,0.1,1.06622195344823,"hastings_powell_3sp_forced_cycle"
119.595,0.618835804502731,0.343709290443382,-0.426800751749157,0.134058603423698,0.047044181000541,0.1,1.07394763732967,"hastings_powell_3sp_forced_cycle"
121.355,0.642259159717445,0.33024636993484,-0.464658634437344,0.132838816707445,0.0454103814728212,0.1,1.0781158087764,"hastings_powell_3sp_forced_cycle"
123.11,0.665547892398042,0.317239406694798,-0.500043755296666,0.13211459055724,0.0442183619417597,0.1,1.07862707068993,"hastings_powell_3sp_forced_cycle"
124.87,0.687285069207865,0.304881540531165,-0.53185042508221,0.131793706857639,0.0434109494154668,0.1,1.07551968612183,"hastings_powell_3sp_forced_cycle"
126.63,0.706657319068165,0.293413380387299,-0.559455297141992,0.131858891856469,0.042996356168207,0.1,1.06893696015386,"hastings_powell_3sp_forced_cycle"
128.39,0.723444894439033,0.283036837270751,-0.582732163532199,0.132327620465792,0.0430082680638221,0.1,1.05913771314057,"hastings_powell_3sp_forced_cycle"
130.145,0.73762439972952,0.273994112852687,-0.601627496907676,0.13322342240548,0.0434828752029195,0.1,1.04652965031165,"hastings_powell_3sp_forced_cycle"
131.905,0.749341447528565,0.266460972656176,-0.616238361986288,0.134570679073631,0.0444499485111878,0.1,1.03151382079681,"hastings_powell_3sp_forced_cycle"
133.665,0.758593419222312,0.260688642782444,-0.626453302055888,0.136371263191869,0.0459168974591145,0.1,1.01469035237427,"hastings_powell_3sp_forced_cycle"
135.425,0.765381882413379,0.256885578600481,-0.632178630049001,0.138609408779012,0.0478691815805212,0.1,0.996701467871148,"hastings_powell_3sp_forced_cycle"
137.18,0.769664154066769,0.255241325225019,-0.633286815680922,0.141239319273418,0.0502608305684016,0.1,0.978290867746191,"hastings_powell_3sp_forced_cycle"
138.94,0.771400720541495,0.255912533430743,-0.62961875140979,0.14421455031978,0.0530426603173565,0.1,0.960065836380478,"hastings_powell_3sp_forced_cycle"
140.7,0.770483570870683,0.259051339705046,-0.620966655909267,0.14744152588178,0.0561212904955506,0.1,0.942790671504972,"hastings_powell_3sp_forced_cycle"
142.46,0.766791361477784,0.264776644495072,-0.607109124873653,0.150807945920182,0.0593858827925087,0.1,0.927155429290169,"hastings_powell_3sp_forced_cycle"
144.215,0.760196444930923,0.273144169527503,-0.587887212235653,0.154166821408879,0.0626937545897348,0.1,0.913845882708884,"hastings_powell_3sp_forced_cycle"
145.975,0.750485793858938,0.284228378190114,-0.56301722605214,0.157376899013973,0.0659106980612976,0.1,0.903384987003893,"hastings_powell_3sp_forced_cycle"
147.735,0.737486579789577,0.297943131179661,-0.53250128618114,0.160249419712325,0.0688585980625115,0.1,0.896350414985708,"hastings_powell_3sp_forced_cycle"
149.495,0.721029158351924,0.314073583515048,-0.49655444716762,0.162596565247292,0.0713627145563201,0.1,0.893199049490294,"hastings_powell_3sp_forced_cycle"
151.25,0.701077221309551,0.332126205451808,-0.455956164344046,0.164234923304413,0.0732536004864788,0.1,0.894277309133462,"hastings_powell_3sp_forced_cycle"
153.01,0.677579415692678,0.351449009299078,-0.411794399469267,0.165025453946775,0.0744085767968645,0.1,0.899813256652329,"hastings_powell_3sp_forced_cycle"
154.77,0.650948305491096,0.370830429045628,-0.366372071537888,0.164866640950453,0.074737759824609,0.1,0.909852889188037,"hastings_powell_3sp_forced_cycle"
156.53,0.622036553954872,0.388657137292549,-0.322839951024179,0.163713587852269,0.0742009053232674,0.1,0.924198469396437,"hastings_powell_3sp_forced_cycle"
158.285,0.59250510655799,0.402907833343073,-0.285245965752197,0.161526455201232,0.07274605917609,0.1,0.942285585211655,"hastings_powell_3sp_forced_cycle"
160.045,0.564686494369974,0.411597286592467,-0.257715839547522,0.158163241888077,0.0702024605076667,0.1,0.96334028838381,"hastings_powell_3sp_forced_cycle"
161.805,0.542119687179204,0.413075632152418,-0.244588214738778,0.153470245566504,0.0663452556879564,0.1,0.986049782343545,"hastings_powell_3sp_forced_cycle"
163.565,0.528803102304479,0.406889144390761,-0.249293846576805,0.14762467907788,0.0612257467250815,0.1,1.00883762656004,"hastings_powell_3sp_forced_cycle"
165.32,0.528231767971373,0.394185738460926,-0.273218205123347,0.141554972454708,0.0555973078629458,0.1,1.02996680647088,"hastings_powell_3sp_forced_cycle"
167.08,0.54190909353365,0.377238036728466,-0.314441490309991,0.136537747565348,0.0506113689026045,0.1,1.04807280238835,"hastings_powell_3sp_forced_cycle"
168.84,0.568088428167085,0.3586859492855,-0.366816055632007,0.133309096092821,0.0470270291300553,0.1,1.06205097560123,"hastings_powell_3sp_forced_cycle"
170.6,0.60188067126813,0.340433653326095,-0.422303273959096,0.131609874244609,0.0447349566076878,0.1,1.07138154746698,"hastings_powell_3sp_forced_cycle"
172.355,0.637240984349863,0.323417176553162,-0.474199229794811,0.130793744641288,0.043245732968714,0.1,1.07594381319552,"hastings_powell_3sp_forced_cycle"
174.115,0.669913895324697,0.307726944990305,-0.519500309404068,0.130411137360553,0.0421953390759643,0.1,1.07587462547053,"hastings_powell_3sp_forced_cycle"
175.875,0.697846581158772,0.293355833052388,-0.557448649343585,0.130326931062127,0.0414830964239821,0.1,1.07137072327238,"hastings_powell_3sp_forced_cycle"
177.635,0.720952525829283,0.28028262190641,-0.588692160159399,0.130575219964269,0.0411512154312164,0.1,1.06272064019076,"hastings_powell_3sp_forced_cycle"
179.39,0.739836499734226,0.268634622951149,-0.613992567535323,0.131234858327716,0.0412835120971417,0.1,1.05034101439426,"hastings_powell_3sp_forced_cycle"
181.15,0.755276081785818,0.258534301055951,-0.634072743446649,0.132379585427954,0.0419546177442045,0.1,1.0346469275323,"hastings_powell_3sp_forced_cycle"
182.91,0.767660549285668,0.250249605591888,-0.649147593469003,0.134050115076458,0.0432097375943772,0.1,1.01627258630781,"hastings_powell_3sp_forced_cycle"
184.67,0.777222715210722,0.244017910278383,-0.659308520472599,0.136258356858574,0.0450609940432004,0.1,0.995926838975759,"hastings_powell_3sp_forced_cycle"
186.425,0.784035526690611,0.240068831170787,-0.664512254352972,0.138978538951281,0.047480799426703,0.1,0.97445804547253,"hastings_powell_3sp_forced_cycle"
188.185,0.788139929885576,0.23858031551978,-0.664667124301979,0.142179840448986,0.0504325306558729,0.1,0.952571676510077,"hastings_powell_3sp_forced_cycle"
189.945,0.789457908141148,0.239750021306347,-0.659556712116716,0.145779026585958,0.053830181883362,0.1,0.931167542313077,"hastings_powell_3sp_forced_cycle"
191.705,0.78788635021085,0.243748041391804,-0.648915017536398,0.149669275267668,0.0575654097803114,0.1,0.911067888959682,"hastings_powell_3sp_forced_cycle"
193.46,0.783289413238546,0.250708192840663,-0.632464737703176,0.153701098641212,0.0614908917696852,0.1,0.893104375114663,"hastings_powell_3sp_forced_cycle"
195.22,0.775433344597626,0.260807142571679,-0.60973442263439,0.157728939575639,0.0654665195596911,0.1,0.877905747476359,"hastings_powell_3sp_forced_cycle"
196.98,0.764063700090143,0.27412180238315,-0.58039033563413,0.161542893031067,0.0692931935896941,0.1,0.866199373740078,"hastings_powell_3sp_forced_cycle"
198.74,0.748871851209887,0.290652812069479,-0.54416987158763,0.164919275634739,0.0727620067282979,0.1,0.858590121875183,"hastings_powell_3sp_forced_cycle"
200.495,0.729593154597831,0.310172083684095,-0.501229528208375,0.167614409160429,0.0756475160822153,0.1,0.85560414545502,"hastings_powell_3sp_forced_cycle"
202.255,0.705835727295178,0.332340097709082,-0.45190872354611,0.169417841054047,0.077762921446635,0.1,0.857645548462015,"hastings_powell_3sp_forced_cycle"
204.015,0.677520971582832,0.356218351173521,-0.397830219104229,0.170146243821793,0.078949496135137,0.1,0.86500990374111,"hastings_powell_3sp_forced_cycle"
205.775,0.644868965242717,0.38031357770293,-0.341798433951217,0.169723957248818,0.0791553150170229,0.1,0.877772366193073,"hastings_powell_3sp_forced_cycle"
207.53,0.608854289682233,0.402343235846049,-0.288212787591869,0.168182794926097,0.0784232312451156,0.1,0.895653763647033,"hastings_powell_3sp_forced_cycle"
209.29,0.571195450163092,0.419538262771914,-0.242146958627296,0.165503508841619,0.0767274295380735,0.1,0.918124445094433,"hastings_powell_3sp_forced_cycle"
211.05,0.535417096490694,0.428700242452082,-0.20958301191333,0.161366759601721,0.0736986403123498,0.1,0.943980463354248,"hastings_powell_3sp_forced_cycle"
212.81,0.506634544948217,0.427469714864723,-0.196218496770047,0.155159650144779,0.0686224270084085,0.1,0.971481721880032,"hastings_powell_3sp_forced_cycle"
214.565,0.491105653331087,0.415635446669642,-0.207062516064956,0.146989935692778,0.0613828158194688,0.1,0.998352380286978,"hastings_powell_3sp_forced_cycle"
216.325,0.494279991878314,0.395674032505216,-0.244633728899875,0.138757857221226,0.0535452914308093,0.1,1.02246066792622,"hastings_powell_3sp_forced_cycle"
218.085,0.518165932619781,0.372004678054757,-0.304939198481837,0.133106536183379,0.0475855635740511,0.1,1.04189589727042,"hastings_powell_3sp_forced_cycle"
219.845,0.558592455370863,0.348653287080725,-0.376471168365513,0.130649878627785,0.0443317702435438,0.1,1.05568244016635,"hastings_powell_3sp_forced_cycle"
221.6,0.605988719979745,0.327752409229987,-0.445770854453804,0.130069210626523,0.042813270292837,0.1,1.0636523819885,"hastings_powell_3sp_forced_cycle"
223.36,0.650995933697973,0.30946021762962,-0.505106362768767,0.130072899348926,0.041941507820947,0.1,1.06615857679665,"hastings_powell_3sp_forced_cycle"
225.12,0.688310531285104,0.293352219903414,-0.552536573437862,0.130183202195782,0.0412919250828676,0.1,1.06360097333915,"hastings_powell_3sp_forced_cycle"
226.88,0.717431978588159,0.278962330858952,-0.589775610369862,0.130427587249288,0.0408751707313639,0.1,1.05639835879632,"hastings_powell_3sp_forced_cycle"
228.635,0.739929235573811,0.266141237611366,-0.619017156922028,0.130969424562303,0.0408344913721514,0.1,1.04501335040894,"hastings_powell_3sp_forced_cycle"
230.395,0.757657811682772,0.254875505588836,-0.642034224983356,0.131954814787327,0.041302361257264,0.1,1.02987105827256,"hastings_powell_3sp_forced_cycle"
232.155,0.771692976835986,0.245395915026868,-0.659593925861256,0.133470620712489,0.0423646070199613,0.1,1.01159685208268,"hastings_powell_3sp_forced_cycle"
233.915,0.782632874789783,0.237939290131623,-0.672055414649817,0.13555536977733,0.0440583101845385,0.1,0.990903840832352,"hastings_powell_3sp_forced_cycle"
235.675,0.790732981283647,0.232739551493476,-0.679502773826878,0.138207998940598,0.0463792684347221,0.1,0.968599030043154,"hastings_powell_3sp_forced_cycle"
237.43,0.796057263348275,0.230014765832115,-0.681872051054767,0.141383472743322,0.0492783651372994,0.1,0.945614140041996,"hastings_powell_3sp_forced_cycle"
239.19,0.798617225860059,0.229943539925265,-0.679014242850064,0.145032371600359,0.052699803382449,0.1,0.922703252594616,"hastings_powell_3sp_forced_cycle"
240.95,0.798313708586001,0.232719819979292,-0.670665388974272,0.14904656376569,0.0565334251616322,0.1,0.900806486260982,"hastings_powell_3sp_forced_cycle"
242.71,0.795010889151089,0.238520564208291,-0.656488570820402,0.153293921987475,0.0606476494994374,0.1,0.880762893516516,"hastings_powell_3sp_forced_cycle"
244.465,0.788535477138274,0.247485879986582,-0.636135150639399,0.157597757755051,0.0648707549716842,0.1,0.863405165909259,"hastings_powell_3sp_forced_cycle"
246.225,0.778588596279261,0.259815618689666,-0.609027171745818,0.161786522324363,0.0690400876457654,0.1,0.84936113299635,"hastings_powell_3sp_forced_cycle"
247.985,0.764856219576261,0.275581389280226,-0.574777945521403,0.165621261265536,0.0729309637592454,0.1,0.839348929077062,"hastings_powell_3sp_forced_cycle"
249.745,0.746959943629284,0.294754044365421,-0.533123091040216,0.168851650006745,0.0763116122278597,0.1,0.833962706822595,"hastings_powell_3sp_forced_cycle"
251.5,0.724581348203377,0.317010561509797,-0.484362860902727,0.171215900006909,0.078942420218229,0.1,0.833704816122134,"hastings_powell_3sp_forced_cycle"
253.26,0.697277611985356,0.341845315753053,-0.429152276826472,0.172501755698213,0.0806398991911956,0.1,0.838967876501072,"hastings_powell_3sp_forced_cycle"
255.02,0.665018349804005,0.367990573853792,-0.369798496394807,0.172563349755363,0.0812872233752412,0.1,0.849987811921773,"hastings_powell_3sp_forced_cycle"
256.78,0.628211604230687,0.393457647282511,-0.31010628591145,0.171404090824998,0.0809132547940721,0.1,0.866739852387512,"hastings_powell_3sp_forced_cycle"
258.535,0.588290405066997,0.415317168676862,-0.255609041277093,0.169122811770217,0.0796195204693229,0.1,0.888756167868836,"hastings_powell_3sp_forced_cycle"
260.295,0.547787596169705,0.430147998511495,-0.212279135912692,0.165586994469355,0.0772470875700805,0.1,0.915246309370881,"hastings_powell_3sp_forced_cycle"
262.055,0.511525334600493,0.434460909817201,-0.186672553897969,0.160114813697476,0.0730364360842249,0.1,0.944588692502341,"hastings_powell_3sp_forced_cycle"
263.815,0.486137117987222,0.426479015813611,-0.185024664252274,0.151969320261927,0.066087420753907,0.1,0.974563100104701,"hastings_powell_3sp_forced_cycle"
265.57,0.478901055703899,0.407648269669644,-0.212375237923387,0.142270919555242,0.0571529389087276,0.1,1.00248768180509,"hastings_powell_3sp_forced_cycle"
267.33,0.494779695094785,0.382347400745791,-0.268932281492778,0.134332308306742,0.0491695831604055,0.1,1.02611902175779,"hastings_powell_3sp_forced_cycle"
269.09,0.532759645804871,0.355933240627137,-0.345004886894432,0.130382465626226,0.0444422416299318,0.1,1.04380490048154,"hastings_powell_3sp_forced_cycle"
270.85,0.584045034130316,0.331857039128,-0.424407995786417,0.129398320858954,0.0423811792152064,0.1,1.05503910827711,"hastings_powell_3sp_forced_cycle"
272.605,0.636111213517966,0.311074964159198,-0.494101077670276,0.129447111610951,0.0413966775491794,0.1,1.06004489157257,"hastings_powell_3sp_forced_cycle"
274.365,0.680585726107614,0.292954054533707,-0.550022499738609,0.129594500495116,0.0406560284610767,0.1,1.05933079670782,"hastings_powell_3sp_forced_cycle"
276.125,0.715108452748064,0.276857215254747,-0.593346736931417,0.129766393410436,0.040072050099915,0.1,1.05334596013141,"hastings_powell_3sp_forced_cycle"
277.885,0.741334222518728,0.262419012061168,-0.627045170488694,0.130170352758112,0.0398177760421927,0.1,1.04253543244789,"hastings_powell_3sp_forced_cycle"
279.64,0.761545088656605,0.249652537580592,-0.653373171034101,0.13100440377554,0.0400740008360051,0.1,1.02744340175266,"hastings_powell_3sp_forced_cycle"
281.4,0.777509193519907,0.238662809060318,-0.673780050616263,0.132401588890927,0.040964517400406,0.1,1.00859374571802,"hastings_powell_3sp_forced_cycle"
283.16,0.79005271871218,0.229739246923375,-0.688767684945111,0.134423669787089,0.0425503867359259,0.1,0.986771015953974,"hastings_powell_3sp_forced_cycle"
284.92,0.799573993580298,0.223134252766274,-0.698533453188281,0.137084830936601,0.0448416391043451,0.1,0.962840450797527,"hastings_powell_3sp_forced_cycle"
286.675,0.806202454375962,0.219083498848913,-0.703071117480211,0.140349252324946,0.0477967563847148,0.1,0.937816476500283,"hastings_powell_3sp_forced_cycle"
288.435,0.809996483499173,0.217767169909804,-0.702284751786124,0.144173794962823,0.0513638604859721,0.1,0.912527049963008,"hastings_powell_3sp_forced_cycle"
290.195,0.810881284751369,0.219392093036666,-0.695926234512683,0.148453017087297,0.0554334303675831,0.1,0.888004213201959,"hastings_powell_3sp_forced_cycle"
291.955,0.808742074169206,0.224151279765792,-0.683655028918771,0.153055156251294,0.059872533897605,0.1,0.865168912672985,"hastings_powell_3sp_forced_cycle"
293.71,0.803413715176643,0.232219058193712,-0.665074248757209,0.157800257664789,0.0645051761657258,0.1,0.844936934578439,"hastings_powell_3sp_forced_cycle"
295.47,0.794599658841793,0.243847789962113,-0.639512986476469,0.162514582194901,0.0691658257374496,0.1,0.827988607509045,"hastings_powell_3sp_forced_cycle"
297.23,0.781953573478369,0.259206513065029,-0.606389646725542,0.166948292458766,0.0736190276615194,0.1,0.815117744109144,"hastings_powell_3sp_forced_cycle"
298.99,0.76502975114372,0.278408783259801,-0.565132364046832,0.170831550179995,0.0776141771348733,0.1,0.80699157619531,"hastings_powell_3sp_forced_cycle"
300.745,0.743383117767299,0.301327344966662,-0.515593743777803,0.173864086369233,0.0808751798533719,0.1,0.804206842519621,"hastings_powell_3sp_forced_cycle"
302.505,0.71636572329036,0.327711770908585,-0.4578351948355,0.175777191140258,0.0831662492708438,0.1,0.807253825062983,"hastings_powell_3sp_forced_cycle"
304.265,0.683616450997773,0.35656939486453,-0.393531423938087,0.176344728334615,0.0842996786245832,0.1,0.816523019503179,"hastings_powell_3sp_forced_cycle"
306.025,0.645065158548002,0.38612826720335,-0.326066878818555,0.175520014565286,0.0842718052406808,0.1,0.832177514412485,"hastings_powell_3sp_forced_cycle"
307.78,0.601531626602065,0.41342778866666,-0.261157557692685,0.173489325252147,0.0832961420222818,0.1,0.853971668630699,"hastings_powell_3sp_forced_cycle"
309.54,0.554859265827939,0.434566268814236,-0.205514798334937,0.170411137792473,0.0815201261813465,0.1,0.881339183345811,"hastings_powell_3sp_forced_cycle"
311.3,0.509487230771956,0.444779605755955,-0.166671041190433,0.165735848200558,0.0783159928725273,0.1,0.912809205982016,"hastings_powell_3sp_forced_cycle"
313.06,0.472548622740359,0.440420719190183,-0.151861165680218,0.157870089873506,0.0719727924698275,0.1,0.946094795917937,"hastings_powell_3sp_forced_cycle"
314.815,0.453417093287764,0.421444977458273,-0.168707002911349,0.146402362361812,0.061722738080028,0.1,0.978081105077923,"hastings_powell_3sp_forced_cycle"
316.575,0.460712941543641,0.392499666370024,-0.222417690903913,0.135214651539316,0.0507631965659846,0.1,1.00580736230058,"hastings_powell_3sp_forced_cycle"
318.335,0.497511021277206,0.36105511082593,-0.306625892480163,0.129302702364293,0.0439359468898601,0.1,1.02688105820466,"hastings_powell_3sp_forced_cycle"
320.095,0.556062104110559,0.332754084928941,-0.401041672276516,0.128338522385314,0.0415686423303214,0.1,1.04047764218286,"hastings_powell_3sp_forced_cycle"
321.85,0.61963713356343,0.309360431735228,-0.484952454163586,0.129088083199025,0.041013623268433,0.1,1.04695153235275,"hastings_powell_3sp_forced_cycle"
323.61,0.674211824334485,0.28989606547106,-0.550325673533551,0.129764918480587,0.0406485857575752,0.1,1.04712522037165,"hastings_powell_3sp_forced_cycle"
325.37,0.714969901917528,0.273144625117856,-0.598592835691401,0.130177364348502,0.0402353381376456,0.1,1.04168610711043,"hastings_powell_3sp_forced_cycle"
327.13,0.744252583496416,0.258334011322923,-0.634531429507022,0.130648261746426,0.0400193553836561,0.1,1.03120739089177,"hastings_powell_3sp_forced_cycle"
328.885,0.765759456400723,0.245282553940139,-0.6618454740389,0.131478757098362,0.0402594679165673,0.1,1.01628422212692,"hastings_powell_3sp_forced_cycle"
330.645,0.782255389607329,0.234021761867778,-0.682766612926095,0.132857121205892,0.0411237021915756,0.1,0.997459882705071,"hastings_powell_3sp_forced_cycle"
332.405,0.795054848684793,0.224823076786542,-0.698130412344238,0.134869185464697,0.0426933371006072,0.1,0.975529301141849,"hastings_powell_3sp_forced_cycle"
334.165,0.804758864962363,0.217937227202276,-0.708262383617535,0.13753801398013,0.0449861220769913,0.1,0.951371143196282,"hastings_powell_3sp_forced_cycle"
335.92,0.811569430748881,0.213601893453215,-0.713201440180486,0.140829956600709,0.0479624474020215,0.1,0.92601812720651,"hastings_powell_3sp_forced_cycle"
337.68,0.815571164257558,0.211995773172791,-0.71287298373036,0.144701580635435,0.0515700903948439,0.1,0.900315520199943,"hastings_powell_3sp_forced_cycle"
339.44,0.816699386330117,0.213325902392961,-0.70703818886997,0.149045952398021,0.0556981530004586,0.1,0.875315108041675,"hastings_powell_3sp_forced_cycle"
341.2,0.814846421882654,0.217785881043642,-0.695361971783832,0.153729822609027,0.0602123755522733,0.1,0.851954931552013,"hastings_powell_3sp_forced_cycle"
342.955,0.809852291613338,0.225555236811102,-0.677443875265028,0.158572015026054,0.0649357113210032,0.1,0.831167206619119,"hastings_powell_3sp_forced_cycle"
344.715,0.801427106742429,0.236895838133164,-0.652602812529974,0.163399249760375,0.0697030967568578,0.1,0.813642289407603,"hastings_powell_3sp_forced_cycle"
346.475,0.789225148017092,0.251999523179259,-0.620220397710862,0.167961836676855,0.0742790866359998,0.1,0.800188852429709,"hastings_powell_3sp_forced_cycle"
348.235,0.772795782646052,0.271017318867612,-0.579655862922717,0.171989471232206,0.078412207647747,0.1,0.791490087402279,"hastings_powell_3sp_forced_cycle"
349.995,0.751608501503084,0.293951070044832,-0.530488544455639,0.175184790383958,0.081829515299245,0.1,0.788164883871021,"hastings_powell_3sp_forced_cycle"
0,0.6538001,0.3563991,-0.309343189502785,0.0723912219683343,0.0318066468237428,0.2,0.9953945,"hastings_powell_3sp_forced_cycle"
1.755,0.640088039482431,0.364702023472318,-0.290031038381171,0.0677413466785753,0.0283000227030964,0.2,1.00091752584203,"hastings_powell_3sp_forced_cycle"
3.515,0.626489232820735,0.371706755643618,-0.27558061254247,0.063095107416573,0.0247734657646879,0.2,1.00836551371248,"hastings_powell_3sp_forced_cycle"
5.275,0.613991579714777,0.376774391470463,-0.267626472366884,0.058971637388977,0.0216044810620124,0.2,1.01735717304851,"hastings_powell_3sp_forced_cycle"
7.035,0.60366679406303,0.379418836345447,-0.267316735925229,0.0559112677266153,0.0191720173440848,0.2,1.02740389458773,"hastings_powell_3sp_forced_cycle"
8.79,0.596605040183043,0.379384701058154,-0.275016758653775,0.0543652558283312,0.0177770719790812,0.2,1.03789500005187,"hastings_powell_3sp_forced_cycle"
10.55,0.593659753958126,0.37670358421678,-0.290208577466643,0.0545313586577007,0.0175370560179223,0.2,1.0482648230892,"hastings_powell_3sp_forced_cycle"
12.31,0.595360065837755,0.371692022985537,-0.311418520330855,0.0562708730324065,0.0183680658587255,0.2,1.05786858820885,"hastings_powell_3sp_forced_cycle"
14.07,0.601650676942825,0.364880103999582,-0.336624021076711,0.0591317199695343,0.0200074602672226,0.2,1.06616066643122,"hastings_powell_3sp_forced_cycle"
15.825,0.611847838482805,0.356905255754461,-0.363613986792089,0.0625493084131851,0.022117947100805,0.2,1.07269302305686,"hastings_powell_3sp_forced_cycle"
17.585,0.624907261841769,0.348297433568391,-0.390665939816349,0.0660862860243048,0.0244186986428182,0.2,1.07720486912042,"hastings_powell_3sp_forced_cycle"
19.345,0.639514273609596,0.339546504371308,-0.416266978014798,0.0694534509041796,0.0267060907798714,0.2,1.07950719408776,"hastings_powell_3sp_forced_cycle"
21.105,0.654473985262021,0.330999727018259,-0.439448336830517,0.0725312523420291,0.0288822325692211,0.2,1.07954697902183,"hastings_powell_3sp_forced_cycle"
22.86,0.668828932191692,0.322931229380006,-0.459574826426823,0.0752973475603284,0.0309173168652363,0.2,1.07737563685989,"hastings_powell_3sp_forced_cycle"
24.62,0.682062326337216,0.315488549318442,-0.476442158158499,0.0778036819258989,0.0328388299365211,0.2,1.07310206772403,"hastings_powell_3sp_forced_cycle"
26.38,0.693791671421821,0.308861026119694,-0.489818444454038,0.0800921380313203,0.034669724094472,0.2,1.0669200179981,"hastings_powell_3sp_forced_cycle"
28.14,0.70384346348006,0.303202085194124,-0.49960388035113,0.0822052577635956,0.036434402816774,0.2,1.05908254306022,"hastings_powell_3sp_forced_cycle"
29.895,0.712109461739317,0.298669129968684,-0.505712437516889,0.0841616323447151,0.038138117137631,0.2,1.04992653424292,"hastings_powell_3sp_forced_cycle"
31.655,0.718584156178407,0.295373268097114,-0.508113159840363,0.085972848849314,0.0397813292193583,0.2,1.03975664495916,"hastings_powell_3sp_forced_cycle"
33.415,0.723197339858913,0.293452728522071,-0.506724139175364,0.0876081013362913,0.0413284099521552,0.2,1.02899342536115,"hastings_powell_3sp_forced_cycle"
35.175,0.725903953596263,0.293011980223834,-0.501501647339739,0.089016553393675,0.0427267780156402,0.2,1.01805969475914,"hastings_powell_3sp_forced_cycle"
36.93,0.726657532547975,0.294124847146894,-0.492465232453144,0.0901199260950677,0.0439000308741903,0.2,1.00742098535297,"hastings_powell_3sp_forced_cycle"
38.69,0.725416138576194,0.296844768438624,-0.479607945125171,0.0908269116772436,0.044763448449431,0.2,0.997450860227122,"hastings_powell_3sp_forced_cycle"
40.45,0.722134722507537,0.301177312578799,-0.463084039801158,0.091018826182494,0.0452084949811644,0.2,0.98860061437772,"hastings_powell_3sp_forced_cycle"
42.21,0.716787834422661,0.307076824273419,-0.443159414348039,0.0905715762369595,0.045125097081734,0.2,0.981261965093255,"hastings_powell_3sp_forced_cycle"
43.965,0.709401322954858,0.314408066700013,-0.420350952162623,0.0893692894662716,0.0444127575061175,0.2,0.975796707149518,"hastings_powell_3sp_forced_cycle"
45.725,0.699980802154498,0.323016556874882,-0.395210733670747,0.087306319525873,0.0429865364162842,0.2,0.972465346270801,"hastings_powell_3sp_forced_cycle"
47.485,0.688664161603123,0.332583577967419,-0.368765424257406,0.0843307162445638,0.0408083703680386,0.2,0.97150637286596,"hastings_powell_3sp_forced_cycle"
49.245,0.675677446581384,0.342689873412276,-0.342289558552404,0.0804615567706849,0.0379027821574751,0.2,0.973050706693969,"hastings_powell_3sp_forced_cycle"
51,0.661436067702918,0.352761959283035,-0.317425458668319,0.07583802158337,0.0343906251303868,0.2,0.977106774429847,"hastings_powell_3sp_forced_cycle"
52.76,0.64642114978099,0.362199905383888,-0.295846778493879,0.0706982751288479,0.03046633802581,0.2,0.983595961459849,"hastings_powell_3sp_forced_cycle"
54.52,0.631458997791271,0.370244979781028,-0.27957084859565,0.0654838916737695,0.0264682411296121,0.2,0.992267434245746,"hastings_powell_3sp_forced_cycle"
56.28,0.617566284401301,0.376176838357544,-0.270451858004212,0.0607757974156366,0.0228222216422984,0.2,1.00272943709355,"hastings_powell_3sp_forced_cycle"
58.035,0.60596848687844,0.379393773857692,-0.269907317379258,0.057231779022519,0.0199916057632108,0.2,1.01441295091652,"hastings_powell_3sp_forced_cycle"
59.795,0.597845377411478,0.379565306524018,-0.278520424591592,0.0553907261584932,0.0183307100907889,0.2,1.02673506668811,"hastings_powell_3sp_forced_cycle"
61.555,0.594321642921751,0.37666580616914,-0.295745757166485,0.0555306254945187,0.0180090545806529,0.2,1.0389450559973,"hastings_powell_3sp_forced_cycle"
63.315,0.596061123870807,0.371030656828773,-0.319920494773143,0.0574688694947777,0.0189154135517319,0.2,1.05032192997273,"hastings_powell_3sp_forced_cycle"
65.07,0.603052204813271,0.363279662419718,-0.348613155002294,0.060631079324838,0.020717413254889,0.2,1.06018665778834,"hastings_powell_3sp_forced_cycle"
66.83,0.614632770094352,0.354069727315695,-0.379520737002906,0.0643692042289122,0.023024886335132,0.2,1.06806513086059,"hastings_powell_3sp_forced_cycle"
68.59,0.629519372197654,0.34408191978815,-0.410406581172409,0.068154448940957,0.0254926249816693,0.2,1.07354463178281,"hastings_powell_3sp_forced_cycle"
70.35,0.646202626745148,0.333850121964636,-0.439642285216815,0.071695550505289,0.0279070977993959,0.2,1.07639240546434,"hastings_powell_3sp_forced_cycle"
72.105,0.663241109835139,0.323796416320752,-0.466079406276853,0.0748845095150946,0.0301737075693242,0.2,1.07651206383283,"hastings_powell_3sp_forced_cycle"
73.865,0.679680984389588,0.314152347156616,-0.489234981587451,0.0777565074217016,0.0323033706280052,0.2,1.07391730002991,"hastings_powell_3sp_forced_cycle"
75.625,0.694803926288702,0.305178013887564,-0.508685911380085,0.0803704232272821,0.0343305791746461,0.2,1.0687153880957,"hastings_powell_3sp_forced_cycle"
77.385,0.708243127479364,0.297079742206996,-0.524246463544707,0.0828038483506109,0.036307102919188,0.2,1.06110810690895,"hastings_powell_3sp_forced_cycle"
79.14,0.719786736106669,0.290073356401491,-0.535770265065212,0.0851138265962658,0.038269648618504,0.2,1.0514123732706,"hastings_powell_3sp_forced_cycle"
80.9,0.729408144848107,0.284310095392708,-0.543220530297236,0.0873515227613959,0.0402513339305858,0.2,1.03993700788953,"hastings_powell_3sp_forced_cycle"
82.66,0.737010801763907,0.279993471049309,-0.546451660951087,0.0895175593394829,0.0422426065831956,0.2,1.02714024588821,"hastings_powell_3sp_forced_cycle"
84.42,0.742538397356448,0.27729029012745,-0.545347803547676,0.0915858325419981,0.0442105922342586,0.2,1.01351050975274,"hastings_powell_3sp_forced_cycle"
86.175,0.745922843412859,0.27634730953287,-0.539811656046736,0.0934902769171256,0.0460869495389555,0.2,0.999614025327427,"hastings_powell_3sp_forced_cycle"
87.935,0.74711436113739,0.277281024272839,-0.529702027554934,0.0951458014993583,0.0477889087622235,0.2,0.985917233366602,"hastings_powell_3sp_forced_cycle"
89.695,0.746023628010518,0.280189190083682,-0.514951351242142,0.0964162185213543,0.0491881189160198,0.2,0.973008714365856,"hastings_powell_3sp_forced_cycle"
91.455,0.742568728186451,0.28512698987058,-0.495552904852756,0.0971397507070628,0.0501361952108649,0.2,0.961423003641043,"hastings_powell_3sp_forced_cycle"
93.21,0.736687789965515,0.292077431950166,-0.471699408622867,0.0971313817202712,0.0504666803172988,0.2,0.951689123584776,"hastings_powell_3sp_forced_cycle"
94.97,0.728275265207487,0.301017854688309,-0.443572520242606,0.0961933020785252,0.0500099753637088,0.2,0.9442099990719,"hastings_powell_3sp_forced_cycle"
96.73,0.717300544112481,0.31177449375379,-0.411843326464473,0.0941346331517829,0.0486068607417318,0.2,0.939415787085696,"hastings_powell_3sp_forced_cycle"
98.49,0.703778299994857,0.324062004926889,-0.377509357647749,0.0908037291876939,0.0461418330004511,0.2,0.937629208351213,"hastings_powell_3sp_forced_cycle"
100.245,0.68787588575098,0.337389144672024,-0.34213635304527,0.0861406122049929,0.0425851732641667,0.2,0.939066814590806,"hastings_powell_3sp_forced_cycle"
102.005,0.669788605772363,0.351179510352532,-0.307485705615878,0.0801667821294223,0.0379834611574205,0.2,0.943839567292332,"hastings_powell_3sp_forced_cycle"
103.765,0.650094239712653,0.364524907383286,-0.276102762332108,0.0731278263724368,0.0325590429154353,0.2,0.951898863016858,"hastings_powell_3sp_forced_cycle"
105.525,0.629668502878332,0.376362289980929,-0.250823426865204,0.0655296644408348,0.0267187940922936,0.2,0.963010996098843,"hastings_powell_3sp_forced_cycle"
107.28,0.6098554691658,0.385512422937065,-0.23472023856265,0.0582350988327968,0.0211098054681915,0.2,0.976687619297243,"hastings_powell_3sp_forced_cycle"
109.04,0.592252585163255,0.390960554479296,-0.23051727482057,0.0523067844958352,0.0165042279719079,0.2,0.99233720259918,"hastings_powell_3sp_forced_cycle"
110.8,0.578935963634865,0.39194591424417,-0.24001457979913,0.0488845356383312,0.0136956654035604,0.2,1.00904661315413,"hastings_powell_3sp_forced_cycle"
112.56,0.571912665080486,0.38831340445746,-0.262844505184958,0.0487420907650966,0.0131138537156943,0.2,1.02579401417164,"hastings_powell_3sp_forced_cycle"
114.315,0.57265694332326,0.380601870726879,-0.296203159664934,0.0517520462524424,0.0145990021312885,0.2,1.04147863063588,"hastings_powell_3sp_forced_cycle"
116.075,0.581583141336776,0.369798736014292,-0.336213057467392,0.0567703677487936,0.0175001546419411,0.2,1.05522581487945,"hastings_powell_3sp_forced_cycle"
117.835,0.597709964264699,0.357143476863417,-0.37863072335815,0.0623777762065328,0.0210001538650085,0.2,1.06622195344823,"hastings_powell_3sp_forced_cycle"
119.595,0.618835804502731,0.343709290443382,-0.420086756714093,0.0676352892167234,0.0244709466378337,0.2,1.07394763732967,"hastings_powell_3sp_forced_cycle"
121.355,0.642259159717445,0.33024636993484,-0.458331855414327,0.0721710699403266,0.0275998841694258,0.2,1.0781158087764,"hastings_powell_3sp_forced_cycle"
123.11,0.665547892398042,0.317239406694798,-0.492066995502489,0.0759711587736462,0.0303262765838634,0.2,1.07862707068993,"hastings_powell_3sp_forced_cycle"
124.87,0.687285069207865,0.304881540531165,-0.521010597238482,0.0792173818281821,0.0327544228574518,0.2,1.07551968612183,"hastings_powell_3sp_forced_cycle"
126.63,0.706657319068165,0.293413380387299,-0.544977220724097,0.082095766721958,0.0350117860112633,0.2,1.06893696015386,"hastings_powell_3sp_forced_cycle"
128.39,0.723444894439033,0.283036837270751,-0.56401978967328,0.0847807818183184,0.0372263084744324,0.2,1.05913771314057,"hastings_powell_3sp_forced_cycle"
130.145,0.73762439972952,0.273994112852687,-0.578153899629633,0.0873942305804301,0.0394874068102026,0.2,1.04652965031165,"hastings_powell_3sp_forced_cycle"
131.905,0.749341447528565,0.266460972656176,-0.587452661740931,0.0900299028950195,0.0418635507298689,0.2,1.03151382079681,"hastings_powell_3sp_forced_cycle"
133.665,0.758593419222312,0.260688642782444,-0.591795944937629,0.0927092048982129,0.0443613910637591,0.2,1.01469035237427,"hastings_powell_3sp_forced_cycle"
135.425,0.765381882413379,0.256885578600481,-0.591050254061004,0.0954110729591618,0.0469501514151414,0.2,0.996701467871148,"hastings_powell_3sp_forced_cycle"
137.18,0.769664154066769,0.255241325225019,-0.585054127430657,0.0980566830207432,0.0495471496641883,0.2,0.978290867746191,"hastings_powell_3sp_forced_cycle"
138.94,0.771400720541495,0.255912533430743,-0.57354576654502,0.100538628127794,0.0520467877546468,0.2,0.960065836380478,"hastings_powell_3sp_forced_cycle"
140.7,0.770483570870683,0.259051339705046,-0.5562845084245,0.102674217441364,0.0542753284931484,0.2,0.942790671504972,"hastings_powell_3sp_forced_cycle"
142.46,0.766791361477784,0.264776644495072,-0.533036660870727,0.104236180875294,0.0560219545044675,0.2,0.927155429290169,"hastings_powell_3sp_forced_cycle"
144.215,0.760196444930923,0.273144169527503,-0.503745444501948,0.104947788362891,0.0570346619736713,0.2,0.913845882708884,"hastings_powell_3sp_forced_cycle"
145.975,0.750485793858938,0.284228378190114,-0.468288821132381,0.10449936459156,0.0570425396753752,0.2,0.903384987003893,"hastings_powell_3sp_forced_cycle"
147.735,0.737486579789577,0.297943131179661,-0.427138038320996,0.102558982374012,0.0557633668449771,0.2,0.896350414985708,"hastings_powell_3sp_forced_cycle"
149.495,0.721029158351924,0.314073583515048,-0.381238738433755,0.0988273515557011,0.0529617831492254,0.2,0.893199049490294,"hastings_powell_3sp_forced_cycle"
151.25,0.701077221309551,0.332126205451808,-0.332420033266016,0.0931117288952707,0.0485149415438573,0.2,0.894277309133462,"hastings_powell_3sp_forced_cycle"
153.01,0.677579415692678,0.351449009299078,-0.282934322522975,0.0853067067257274,0.0423998134390154,0.2,0.899813256652329,"hastings_powell_3sp_forced_cycle"
154.77,0.650948305491096,0.370830429045628,-0.236263578763175,0.0755403309872567,0.0347936953805526,0.2,0.909852889188037,"hastings_powell_3sp_forced_cycle"
156.53,0.622036553954872,0.388657137292549,-0.196450128637176,0.0642855309700211,0.0261037803377618,0.2,0.924198469396437,"hastings_powell_3sp_forced_cycle"
158.285,0.59250510655799,0.402907833343073,-0.168291614560901,0.0528153273839888,0.0171861475208396,0.2,0.942285585211655,"hastings_powell_3sp_forced_cycle"
160.045,0.564686494369974,0.411597286592467,-0.157165717846839,0.0430845872007419,0.00935466730560403,0.2,0.96334028838381,"hastings_powell_3sp_forced_cycle"
161.805,0.542119687179204,0.413075632152418,-0.168465667422047,0.0367818978832807,0.00431816128280729,0.2,0.986049782343545,"hastings_powell_3sp_forced_cycle"
163.565,0.528803102304479,0.406889144390761,-0.202980635708694,0.0354551827039388,0.0034051668140541,0.2,1.00883762656004,"hastings_powell_3sp_forced_cycle"
165.32,0.528231767971373,0.394185738460926,-0.254626803459776,0.0407880707766159,0.00657546169650678,0.2,1.02996680647088,"hastings_powell_3sp_forced_cycle"
167.08,0.54190909353365,0.377238036728466,-0.314873098541493,0.0502547252210323,0.0122440163337457,0.2,1.04807280238835,"hastings_powell_3sp_forced_cycle"
168.84,0.568088428167085,0.3586859492855,-0.375679992615503,0.0597706241485154,0.0183862412592789,0.2,1.06205097560123,"hastings_powell_3sp_forced_cycle"
170.6,0.60188067126813,0.340433653326095,-0.431640792803781,0.0675401482440174,0.0237287015749379,0.2,1.07138154746698,"hastings_powell_3sp_forced_cycle"
172.355,0.637240984349863,0.323417176553162,-0.47992173671071,0.0733785216514154,0.0279149474958784,0.2,1.07594381319552,"hastings_powell_3sp_forced_cycle"
174.115,0.669913895324697,0.307726944990305,-0.520212940566599,0.0777668865787417,0.0311642650067608,0.2,1.07587462547053,"hastings_powell_3sp_forced_cycle"
175.875,0.697846581158772,0.293355833052388,-0.552935151984983,0.0812288787151556,0.0338225230872053,0.2,1.07137072327238,"hastings_powell_3sp_forced_cycle"
177.635,0.720952525829283,0.28028262190641,-0.578954572808008,0.0842066562288349,0.036218231729085,0.2,1.06272064019076,"hastings_powell_3sp_forced_cycle"
179.39,0.739836499734226,0.268634622951149,-0.598921013823147,0.0870000959160005,0.0385842527436211,0.2,1.05034101439426,"hastings_powell_3sp_forced_cycle"
181.15,0.755276081785818,0.258534301055951,-0.613359069107756,0.0898180976544456,0.0410854489939842,0.2,1.0346469275323,"hastings_powell_3sp_forced_cycle"
182.91,0.767660549285668,0.250249605591888,-0.622369387205103,0.0927566106301364,0.0437926489519192,0.2,1.01627258630781,"hastings_powell_3sp_forced_cycle"
184.67,0.777222715210722,0.244017910278383,-0.625941536330615,0.0958465819761849,0.046719893444736,0.2,0.995926838975759,"hastings_powell_3sp_forced_cycle"
186.425,0.784035526690611,0.240068831170787,-0.623951957587714,0.0990446417643641,0.0498143999692853,0.2,0.97445804547253,"hastings_powell_3sp_forced_cycle"
188.185,0.788139929885576,0.23858031551978,-0.61615086394635,0.102272679616183,0.052994420541214,0.2,0.952571676510077,"hastings_powell_3sp_forced_cycle"
189.945,0.789457908141148,0.239750021306347,-0.602209254022354,0.105362502293743,0.0560958027144531,0.2,0.931167542313077,"hastings_powell_3sp_forced_cycle"
191.705,0.78788635021085,0.243748041391804,-0.581731894099096,0.108090339569602,0.0589058997990497,0.2,0.911067888959682,"hastings_powell_3sp_forced_cycle"
193.46,0.783289413238546,0.250708192840663,-0.554384627562724,0.11016110223349,0.0611489867803483,0.2,0.893104375114663,"hastings_powell_3sp_forced_cycle"
195.22,0.775433344597626,0.260807142571679,-0.519646422985149,0.111230915201974,0.0625133897087489,0.2,0.877905747476359,"hastings_powell_3sp_forced_cycle"
196.98,0.764063700090143,0.27412180238315,-0.477424090904893,0.110880498882269,0.0626255346831859,0.2,0.866199373740078,"hastings_powell_3sp_forced_cycle"
198.74,0.748871851209887,0.290652812069479,-0.427998404426074,0.108675523198208,0.0611156170704593,0.2,0.858590121875183,"hastings_powell_3sp_forced_cycle"
200.495,0.729593154597831,0.310172083684095,-0.372578358612792,0.104248301554437,0.0576966566780161,0.2,0.85560414545502,"hastings_powell_3sp_forced_cycle"
202.255,0.705835727295178,0.332340097709082,-0.312975136311235,0.0973388081679637,0.0522138019170428,0.2,0.857645548462015,"hastings_powell_3sp_forced_cycle"
204.015,0.677520971582832,0.356218351173521,-0.25268990663427,0.0879030224827319,0.0447359782479583,0.2,0.86500990374111,"hastings_powell_3sp_forced_cycle"
205.775,0.644868965242717,0.38031357770293,-0.196066680887812,0.0759808138087057,0.0354500890831327,0.2,0.877772366193073,"hastings_powell_3sp_forced_cycle"
207.53,0.608854289682233,0.402343235846049,-0.14820117527288,0.061964375748578,0.0247716549719991,0.2,0.895653763647033,"hastings_powell_3sp_forced_cycle"
209.29,0.571195450163092,0.419538262771914,-0.114399170799474,0.0477108517272739,0.0136145124492014,0.2,0.918124445094433,"hastings_powell_3sp_forced_cycle"
211.05,0.535417096490694,0.428700242452082,-0.102451165792937,0.0367903432586517,0.00371558922210272,0.2,0.943980463354248,"hastings_powell_3sp_forced_cycle"
212.81,0.506634544948217,0.427469714864723,-0.123126526032832,0.0298349245975923,-0.00259651595233862,0.2,0.971481721880032,"hastings_powell_3sp_forced_cycle"
214.565,0.491105653331087,0.415635446669642,-0.176176252412804,0.0279718676664793,-0.00286902227298053,0.2,0.998352380286978,"hastings_powell_3sp_forced_cycle"
216.325,0.494279991878314,0.395674032505216,-0.248982025008945,0.0367119135961365,0.00299153082105118,0.2,1.02246066792622,"hastings_powell_3sp_forced_cycle"
218.085,0.518165932619781,0.372004678054757,-0.327520932058218,0.0507677571757839,0.0117592892784181,0.2,1.04189589727042,"hastings_powell_3sp_forced_cycle"
219.845,0.558592455370863,0.348653287080725,-0.401228556778086,0.0628400729055803,0.0199930712334191,0.2,1.05568244016635,"hastings_powell_3sp_forced_cycle"
221.6,0.605988719979745,0.327752409229987,-0.464053977617636,0.0714305599471389,0.0262259190675577,0.2,1.0636523819885,"hastings_powell_3sp_forced_cycle"
223.36,0.650995933697973,0.30946021762962,-0.514772151869168,0.077269068364893,0.0306066760999323,0.2,1.06615857679665,"hastings_powell_3sp_forced_cycle"
225.12,0.688310531285104,0.293352219903414,-0.554386508962919,0.0813735907395055,0.0337669172275877,0.2,1.06360097333915,"hastings_powell_3sp_forced_cycle"
226.88,0.717431978588159,0.278962330858952,-0.584986275877405,0.0845796224235475,0.0363255024503498,0.2,1.05639835879632,"hastings_powell_3sp_forced_cycle"
228.635,0.739929235573811,0.266141237611366,-0.608267290480105,0.0874227003019048,0.038706048092119,0.2,1.04501335040894,"hastings_powell_3sp_forced_cycle"
230.395,0.757657811682772,0.254875505588836,-0.625435440516691,0.0902381524971592,0.0411809507088923,0.2,1.02987105827256,"hastings_powell_3sp_forced_cycle"
232.155,0.771692976835986,0.245395915026868,-0.636930922135669,0.0931887199257314,0.0438800266661385,0.2,1.01159685208268,"hastings_powell_3sp_forced_cycle"
233.915,0.782632874789783,0.237939290131623,-0.64291199855879,0.0963440964951437,0.0468521847533071,0.2,0.990903840832352,"hastings_powell_3sp_forced_cycle"
235.675,0.790732981283647,0.232739551493476,-0.6433217297655,0.0996961509283723,0.0500770912370929,0.2,0.968599030043154,"hastings_powell_3sp_forced_cycle"
237.43,0.796057263348275,0.230014765832115,-0.637983276094379,0.103158697180951,0.0534633118637622,0.2,0.945614140041996,"hastings_powell_3sp_forced_cycle"
239.19,0.798617225860059,0.229943539925265,-0.626551938260343,0.106610304583365,0.0568900394043712,0.2,0.922703252594616,"hastings_powell_3sp_forced_cycle"
240.95,0.798313708586001,0.232719819979292,-0.608620662602047,0.109833903351121,0.0601483653547462,0.2,0.900806486260982,"hastings_powell_3sp_forced_cycle"
242.71,0.795010889151089,0.238520564208291,-0.583702566114067,0.112553662352639,0.0629781590967728,0.2,0.880762893516516,"hastings_powell_3sp_forced_cycle"
244.465,0.788535477138274,0.247485879986582,-0.55139994724917,0.11441865651464,0.0650532304855883,0.2,0.863405165909259,"hastings_powell_3sp_forced_cycle"
246.225,0.778588596279261,0.259815618689666,-0.511132800621274,0.115023835100808,0.066008281025046,0.2,0.84936113299635,"hastings_powell_3sp_forced_cycle"
247.985,0.764856219576261,0.275581389280226,-0.462897119642638,0.113894929839087,0.0654249701591467,0.2,0.839348929077062,"hastings_powell_3sp_forced_cycle"
249.745,0.746959943629284,0.294754044365421,-0.40724195884286,0.110569884024905,0.0629193515922485,0.2,0.833962706822595,"hastings_powell_3sp_forced_cycle"
251.5,0.724581348203377,0.317010561509797,-0.345938664073589,0.104720693979747,0.0582584988003251,0.2,0.833704816122134,"hastings_powell_3sp_forced_cycle"
253.26,0.697277611985356,0.341845315753053,-0.281583102210799,0.0961783585509638,0.0513965960573786,0.2,0.838967876501072,"hastings_powell_3sp_forced_cycle"
255.02,0.665018349804005,0.367990573853792,-0.218583986034089,0.0849479717670863,0.0424964960080952,0.2,0.849987811921773,"hastings_powell_3sp_forced_cycle"
256.78,0.628211604230687,0.393457647282511,-0.161996774191942,0.0709922632943008,0.031765811238029,0.2,0.866739852387512,"hastings_powell_3sp_forced_cycle"
258.535,0.588290405066997,0.415317168676862,-0.117448870188259,0.0551404862859682,0.0198399712166152,0.2,0.888756167868836,"hastings_powell_3sp_forced_cycle"
260.295,0.547787596169705,0.430147998511495,-0.0910257716753919,0.0410575007530007,0.0080975547229963,0.2,0.915246309370881,"hastings_powell_3sp_forced_cycle"
262.055,0.511525334600493,0.434460909817201,-0.0944205838414921,0.0317890730200563,-0.00129539324105304,0.2,0.944588692502341,"hastings_powell_3sp_forced_cycle"
263.815,0.486137117987222,0.426479015813611,-0.138220663424699,0.0263250332661674,-0.00532567564680928,0.2,0.974563100104701,"hastings_powell_3sp_forced_cycle"
265.57,0.478901055703899,0.407648269669644,-0.210844539374035,0.0298096363000044,-0.00177208966726421,0.2,1.00248768180509,"hastings_powell_3sp_forced_cycle"
267.33,0.494779695094785,0.382347400745791,-0.296132314050369,0.0443970243962707,0.00720492418451154,0.2,1.02611902175779,"hastings_powell_3sp_forced_cycle"
269.09,0.532759645804871,0.355933240627137,-0.379934110961646,0.0590187521596175,0.016931459883744,0.2,1.04380490048154,"hastings_powell_3sp_forced_cycle"
270.85,0.584045034130316,0.331857039128,-0.453324669858585,0.0696520842441456,0.024600150567677,0.2,1.05503910827711,"hastings_powell_3sp_forced_cycle"
272.605,0.636111213517966,0.311074964159198,-0.512645123163029,0.0766291768809996,0.029842999770628,0.2,1.06004489157257,"hastings_powell_3sp_forced_cycle"
274.365,0.680585726107614,0.292954054533707,-0.55887230676463,0.0812715679800824,0.033411803126352,0.2,1.05933079670782,"hastings_powell_3sp_forced_cycle"
276.125,0.715108452748064,0.276857215254747,-0.594295827252696,0.0846735033037526,0.0361040929023621,0.2,1.05334596013141,"hastings_powell_3sp_forced_cycle"
277.885,0.741334222518728,0.262419012061168,-0.6213070951939,0.0875750509502939,0.0385083846811654,0.2,1.04253543244789,"hastings_powell_3sp_forced_cycle"
279.64,0.761545088656605,0.249652537580592,-0.641425370409554,0.090403059226965,0.0409753788003288,0.2,1.02744340175266,"hastings_powell_3sp_forced_cycle"
281.4,0.777509193519907,0.238662809060318,-0.655568744544699,0.0934097640911882,0.0437132890809088,0.2,1.00859374571802,"hastings_powell_3sp_forced_cycle"
283.16,0.79005271871218,0.229739246923375,-0.663982068209739,0.0966960701216642,0.0467992813327226,0.2,0.986771015953974,"hastings_powell_3sp_forced_cycle"
284.92,0.799573993580298,0.223134252766274,-0.66668906925948,0.100278833489994,0.0502351707045836,0.2,0.962840450797527,"hastings_powell_3sp_forced_cycle"
286.675,0.806202454375962,0.219083498848913,-0.663548668356539,0.104087230590017,0.0539426253565633,0.2,0.937816476500283,"hastings_powell_3sp_forced_cycle"
288.435,0.809996483499173,0.217767169909804,-0.654240626425674,0.108012647573853,0.0578113117860983,0.2,0.912527049963008,"hastings_powell_3sp_forced_cycle"
290.195,0.810881284751369,0.219392093036666,-0.638327146913955,0.111843913664491,0.061635882389928,0.2,0.888004213201959,"hastings_powell_3sp_forced_cycle"
291.955,0.808742074169206,0.224151279765792,-0.615244555544172,0.115307953330532,0.0651559601614298,0.2,0.865168912672985,"hastings_powell_3sp_forced_cycle"
293.71,0.803413715176643,0.232219058193712,-0.584438848035126,0.118047666446735,0.0680353568992312,0.2,0.844936934578439,"hastings_powell_3sp_forced_cycle"
295.47,0.794599658841793,0.243847789962113,-0.545082295724292,0.119646350268593,0.0698913917033163,0.2,0.827988607509045,"hastings_powell_3sp_forced_cycle"
297.23,0.781953573478369,0.259206513065029,-0.496781087767914,0.11958438150722,0.0702544441553715,0.2,0.815117744109144,"hastings_powell_3sp_forced_cycle"
298.99,0.76502975114372,0.278408783259801,-0.439578697229949,0.117315509332553,0.0686516732757283,0.2,0.80699157619531,"hastings_powell_3sp_forced_cycle"
300.745,0.743383117767299,0.301327344966662,-0.374731871807032,0.112395186318698,0.0647338574321845,0.2,0.804206842519621,"hastings_powell_3sp_forced_cycle"
302.505,0.71636572329036,0.327711770908585,-0.304513459310711,0.104604961009023,0.0584044303329758,0.2,0.807253825062983,"hastings_powell_3sp_forced_cycle"
304.265,0.683616450997773,0.35656939486453,-0.233516411183748,0.0940426312570818,0.0499103558759279,0.2,0.816523019503179,"hastings_powell_3sp_forced_cycle"
306.025,0.645065158548002,0.38612826720335,-0.167297748136418,0.0805584603945518,0.0394587494905888,0.2,0.832177514412485,"hastings_powell_3sp_forced_cycle"
307.78,0.601531626602065,0.41342778866666,-0.11195981901329,0.0637653915766925,0.0273062960293233,0.2,0.853971668630699,"hastings_powell_3sp_forced_cycle"
309.54,0.554859265827939,0.434566268814236,-0.0728725543399707,0.0459845813261048,0.0144481764665356,0.2,0.881339183345811,"hastings_powell_3sp_forced_cycle"
311.3,0.509487230771956,0.444779605755955,-0.056636597560399,0.0343022827395376,0.00243045743264609,0.2,0.912809205982016,"hastings_powell_3sp_forced_cycle"
313.06,0.472548622740359,0.440420719190183,-0.0885777918568442,0.0265954918315418,-0.00636128743421421,0.2,0.946094795917937,"hastings_powell_3sp_forced_cycle"
314.815,0.453417093287764,0.421444977458273,-0.162914818102263,0.0235714974624627,-0.00712311984750856,0.2,0.978081105077923,"hastings_powell_3sp_forced_cycle"
316.575,0.460712941543641,0.392499666370024,-0.258217520045602,0.0362381619000085,0.00141282919061073,0.2,1.00580736230058,"hastings_powell_3sp_forced_cycle"
318.335,0.497511021277206,0.36105511082593,-0.356137876685295,0.0545891764848597,0.0134066520259406,0.2,1.02688105820466,"hastings_powell_3sp_forced_cycle"
320.095,0.556062104110559,0.332754084928941,-0.442829812729349,0.068328417304549,0.0233777220401996,0.2,1.04047764218286,"hastings_powell_3sp_forced_cycle"
321.85,0.61963713356343,0.309360431735228,-0.511841873158916,0.0769620881985246,0.0299876830375152,0.2,1.04695153235275,"hastings_powell_3sp_forced_cycle"
323.61,0.674211824334485,0.28989606547106,-0.563805726579883,0.0822919947561218,0.0341613101283147,0.2,1.04712522037165,"hastings_powell_3sp_forced_cycle"
325.37,0.714969901917528,0.273144625117856,-0.602093725296756,0.0859042422879,0.0370514497170001,0.2,1.04168610711043,"hastings_powell_3sp_forced_cycle"
327.13,0.744252583496416,0.258334011322923,-0.630423927651268,0.0888326340312901,0.0394892376551959,0.2,1.03120739089177,"hastings_powell_3sp_forced_cycle"
328.885,0.765759456400723,0.245282553940139,-0.651198796737503,0.091641334390418,0.0419456218648497,0.2,1.01628422212692,"hastings_powell_3sp_forced_cycle"
330.645,0.782255389607329,0.234021761867778,-0.665783049103376,0.0946379981232482,0.0446794082760504,0.2,0.997459882705071,"hastings_powell_3sp_forced_cycle"
332.405,0.795054848684793,0.224823076786542,-0.674606652054017,0.0979436177528792,0.0477868800847503,0.2,0.975529301141849,"hastings_powell_3sp_forced_cycle"
334.165,0.804758864962363,0.217937227202276,-0.677765362470082,0.101581189956225,0.0512761158735029,0.2,0.951371143196282,"hastings_powell_3sp_forced_cycle"
335.92,0.811569430748881,0.213601893453215,-0.675144333834704,0.105480867148089,0.0550700157216213,0.2,0.92601812720651,"hastings_powell_3sp_forced_cycle"
337.68,0.815571164257558,0.211995773172791,-0.666437998271146,0.109534763349997,0.0590589599943393,0.2,0.900315520199943,"hastings_powell_3sp_forced_cycle"
339.44,0.816699386330117,0.213325902392961,-0.651210351561129,0.113532477743316,0.0630379764091611,0.2,0.875315108041675,"hastings_powell_3sp_forced_cycle"
341.2,0.814846421882654,0.217785881043642,-0.628890629670232,0.11720372548826,0.0667484594339013,0.2,0.851954931552013,"hastings_powell_3sp_forced_cycle"
342.955,0.809852291613338,0.225555236811102,-0.598898311728453,0.120195406653326,0.0698564251108546,0.2,0.831167206619119,"hastings_powell_3sp_forced_cycle"
344.715,0.801427106742429,0.236895838133164,-0.560357793060664,0.122097500487798,0.0719827602439657,0.2,0.813642289407603,"hastings_powell_3sp_forced_cycle"
346.475,0.789225148017092,0.251999523179259,-0.512775567822634,0.122390459888646,0.0726537605025616,0.2,0.800188852429709,"hastings_powell_3sp_forced_cycle"
348.235,0.772795782646052,0.271017318867612,-0.456034015252046,0.120513401679242,0.0713770994811243,0.2,0.791490087402279,"hastings_powell_3sp_forced_cycle"
349.995,0.751608501503084,0.293951070044832,-0.390963741938723,0.115958959283143,0.0677410326505108,0.2,0.788164883871021,"hastings_powell_3sp_forced_cycle"
0,0.6538001,0.3563991,-0.250387614075718,0.0322034782702763,0.00868444950288711,0.3,0.9953945,"hastings_powell_3sp_forced_cycle"
1.755,0.640088039482431,0.364702023472318,-0.236974506100485,0.0313839826777647,0.00589667555244683,0.3,1.00091752584203,"hastings_powell_3sp_forced_cycle"
3.515,0.626489232820735,0.371706755643618,-0.231105811452893,0.0301248747799953,0.00365530689479565,0.3,1.00836551371248,"hastings_powell_3sp_forced_cycle"
5.275,0.613991579714777,0.376774391470463,-0.234067285778001,0.0285014609689181,0.00210933168607799,0.3,1.01735717304851,"hastings_powell_3sp_forced_cycle"
7.035,0.60366679406303,0.379418836345447,-0.245819599150328,0.0266517649559282,0.00142386558837129,0.3,1.02740389458773,"hastings_powell_3sp_forced_cycle"
8.79,0.596605040183043,0.379384701058154,-0.264908681644035,0.0247624027827679,0.00173942458329102,0.3,1.03789500005187,"hastings_powell_3sp_forced_cycle"
10.55,0.593659753958126,0.37670358421678,-0.28928674010242,0.0230777275804367,0.00307875525474276,0.3,1.0482648230892,"hastings_powell_3sp_forced_cycle"
12.31,0.595360065837755,0.371692022985537,-0.316643523796238,0.0223792311466957,0.0052818718044441,0.3,1.05786858820885,"hastings_powell_3sp_forced_cycle"
14.07,0.601650676942825,0.364880103999582,-0.344977722351027,0.0255178733826039,0.00804953861615556,0.3,1.06616066643122,"hastings_powell_3sp_forced_cycle"
15.825,0.611847838482805,0.356905255754461,-0.37259454087578,0.031057139644111,0.0110459609094294,0.3,1.07269302305686,"hastings_powell_3sp_forced_cycle"
17.585,0.624907261841769,0.348297433568391,-0.398431388986022,0.036319915901442,0.0140290774011566,0.3,1.07720486912042,"hastings_powell_3sp_forced_cycle"
19.345,0.639514273609596,0.339546504371308,-0.421552393096821,0.0408740063124829,0.0168347465196483,0.3,1.07950719408776,"hastings_powell_3sp_forced_cycle"
21.105,0.654473985262021,0.330999727018259,-0.441411964765334,0.0447294084847547,0.019398647306765,0.3,1.07954697902183,"hastings_powell_3sp_forced_cycle"
22.86,0.668828932191692,0.322931229380006,-0.457653904991543,0.0479717146701553,0.0217084294387672,0.3,1.07737563685989,"hastings_powell_3sp_forced_cycle"
24.62,0.682062326337216,0.315488549318442,-0.470202609295976,0.0507197969022,0.0237964865221559,0.3,1.07310206772403,"hastings_powell_3sp_forced_cycle"
26.38,0.693791671421821,0.308861026119694,-0.478916023873148,0.0530424292584393,0.0256766551842713,0.3,1.0669200179981,"hastings_powell_3sp_forced_cycle"
28.14,0.70384346348006,0.303202085194124,-0.48373729320926,0.0549851303316713,0.02735655650748,0.3,1.05908254306022,"hastings_powell_3sp_forced_cycle"
29.895,0.712109461739317,0.298669129968684,-0.48462605559458,0.0565520770234405,0.0288190831147803,0.3,1.04992653424292,"hastings_powell_3sp_forced_cycle"
31.655,0.718584156178407,0.295373268097114,-0.481555596118205,0.057722104446765,0.0300352904615488,0.3,1.03975664495916,"hastings_powell_3sp_forced_cycle"
33.415,0.723197339858913,0.293452728522071,-0.474508662452307,0.0584224720267988,0.0309391505041145,0.3,1.02899342536115,"hastings_powell_3sp_forced_cycle"
35.175,0.725903953596263,0.293011980223834,-0.463519487971944,0.0585497612302953,0.0314476459633177,0.3,1.01805969475914,"hastings_powell_3sp_forced_cycle"
36.93,0.726657532547975,0.294124847146894,-0.448741354653855,0.0579714652150762,0.0314631261177321,0.3,1.00742098535297,"hastings_powell_3sp_forced_cycle"
38.69,0.725416138576194,0.296844768438624,-0.43030182773277,0.056524364632421,0.0308826191610889,0.3,0.997450860227122,"hastings_powell_3sp_forced_cycle"
40.45,0.722134722507537,0.301177312578799,-0.408595603852349,0.0540359682725036,0.0296133525931257,0.3,0.98860061437772,"hastings_powell_3sp_forced_cycle"
42.21,0.716787834422661,0.307076824273419,-0.38416681595204,0.0503433739742208,0.027597753105495,0.3,0.981261965093255,"hastings_powell_3sp_forced_cycle"
43.965,0.709401322954858,0.314408066700013,-0.357859373308989,0.0453614916771887,0.0248508015918004,0.3,0.975796707149518,"hastings_powell_3sp_forced_cycle"
45.725,0.699980802154498,0.323016556874882,-0.330541568745976,0.0392156872848547,0.0214568217926001,0.3,0.972465346270801,"hastings_powell_3sp_forced_cycle"
47.485,0.688664161603123,0.332583577967419,-0.303587857335645,0.0339279770033611,0.0176340894792748,0.3,0.97150637286596,"hastings_powell_3sp_forced_cycle"
49.245,0.675677446581384,0.342689873412276,-0.278611093385656,0.0327024051351053,0.0136859985967141,0.3,0.973050706693969,"hastings_powell_3sp_forced_cycle"
51,0.661436067702918,0.352761959283035,-0.257607805299887,0.032125185070939,0.00994912958990612,0.3,0.977106774429847,"hastings_powell_3sp_forced_cycle"
52.76,0.64642114978099,0.362199905383888,-0.2426763580159,0.0311736300673682,0.00666981335113688,0.3,0.983595961459849,"hastings_powell_3sp_forced_cycle"
54.52,0.631458997791271,0.370244979781028,-0.23610096087325,0.0297366819198093,0.00404992145597767,0.3,0.992267434245746,"hastings_powell_3sp_forced_cycle"
56.28,0.617566284401301,0.376176838357544,-0.23941219324046,0.0278799848074055,0.00226133997161137,0.3,1.00272943709355,"hastings_powell_3sp_forced_cycle"
58.035,0.60596848687844,0.379393773857692,-0.252597023733603,0.0257740764600269,0.00150324107991148,0.3,1.01441295091652,"hastings_powell_3sp_forced_cycle"
59.795,0.597845377411478,0.379565306524018,-0.27415670490232,0.023658146727427,0.00193788529507647,0.3,1.02673506668811,"hastings_powell_3sp_forced_cycle"
61.555,0.594321642921751,0.37666580616914,-0.301603958550445,0.0220791421509563,0.00357316202738804,0.3,1.0389450559973,"hastings_powell_3sp_forced_cycle"
63.315,0.596061123870807,0.371030656828773,-0.332394188968997,0.0234617668183087,0.00618008175092312,0.3,1.05032192997273,"hastings_powell_3sp_forced_cycle"
65.07,0.603052204813271,0.363279662419718,-0.364211975694773,0.0291670287645506,0.0093606917187825,0.3,1.06018665778834,"hastings_powell_3sp_forced_cycle"
66.83,0.614632770094352,0.354069727315695,-0.395444989427533,0.0353047465931729,0.0127388456982406,0.3,1.06806513086059,"hastings_powell_3sp_forced_cycle"
68.59,0.629519372197654,0.34408191978815,-0.424639671667068,0.0407388164196999,0.016018851676692,0.3,1.07354463178281,"hastings_powell_3sp_forced_cycle"
70.35,0.646202626745148,0.333850121964636,-0.45084026631563,0.0453568348794044,0.0190523889057487,0.3,1.07639240546434,"hastings_powell_3sp_forced_cycle"
72.105,0.663241109835139,0.323796416320752,-0.473379276768449,0.049240079855933,0.0217945980866537,0.3,1.07651206383283,"hastings_powell_3sp_forced_cycle"
73.865,0.679680984389588,0.314152347156616,-0.492033162723187,0.0525504438744125,0.0242875788653024,0.3,1.07391730002991,"hastings_powell_3sp_forced_cycle"
75.625,0.694803926288702,0.305178013887564,-0.506537293557267,0.05540896587751,0.0265724729353169,0.3,1.0687153880957,"hastings_powell_3sp_forced_cycle"
77.385,0.708243127479364,0.297079742206996,-0.51677297399788,0.0579170221229449,0.0286933454282522,0.3,1.06110810690895,"hastings_powell_3sp_forced_cycle"
79.14,0.719786736106669,0.290073356401491,-0.522634730134041,0.0601276338035172,0.0306669347650872,0.3,1.0514123732706,"hastings_powell_3sp_forced_cycle"
80.9,0.729408144848107,0.284310095392708,-0.524059629581037,0.0620654495647082,0.0324958563090672,0.3,1.03993700788953,"hastings_powell_3sp_forced_cycle"
82.66,0.737010801763907,0.279993471049309,-0.520921971386252,0.0636870159851294,0.0341303820570632,0.3,1.02714024588821,"hastings_powell_3sp_forced_cycle"
84.42,0.742538397356448,0.27729029012745,-0.513122286615015,0.0649055491994207,0.0354896975475471,0.3,1.01351050975274,"hastings_powell_3sp_forced_cycle"
86.175,0.745922843412859,0.27634730953287,-0.500627720053282,0.0655827098144221,0.0364549847589886,0.3,0.999614025327427,"hastings_powell_3sp_forced_cycle"
87.935,0.74711436113739,0.277281024272839,-0.483348598581439,0.0655354765950561,0.0368837698522469,0.3,0.985917233366602,"hastings_powell_3sp_forced_cycle"
89.695,0.746023628010518,0.280189190083682,-0.461396912445009,0.0645263316128754,0.0366023204110737,0.3,0.973008714365856,"hastings_powell_3sp_forced_cycle"
91.455,0.742568728186451,0.28512698987058,-0.435014264900781,0.0622793676370596,0.0354358779078241,0.3,0.961423003641043,"hastings_powell_3sp_forced_cycle"
93.21,0.736687789965515,0.292077431950166,-0.404754925882204,0.0585044567136198,0.0332429274160769,0.3,0.951689123584776,"hastings_powell_3sp_forced_cycle"
94.97,0.728275265207487,0.301017854688309,-0.37118788813957,0.0528836075870276,0.0299336414659104,0.3,0.9442099990719,"hastings_powell_3sp_forced_cycle"
96.73,0.717300544112481,0.31177449375379,-0.335462955043308,0.045265859684438,0.0255724853116156,0.3,0.939415787085696,"hastings_powell_3sp_forced_cycle"
98.49,0.703778299994857,0.324062004926889,-0.299013038717058,0.0370345028764367,0.0204286665405966,0.3,0.937629208351213,"hastings_powell_3sp_forced_cycle"
100.245,0.68787588575098,0.337389144672024,-0.263794211079938,0.0349266476974995,0.0150159456194486,0.3,0.939066814590806,"hastings_powell_3sp_forced_cycle"
102.005,0.669788605772363,0.351179510352532,-0.232019997753372,0.0345276854589516,0.00989147596833177,0.3,0.943839567292332,"hastings_powell_3sp_forced_cycle"
103.765,0.650094239712653,0.364524907383286,-0.206991390097367,0.0335847744690051,0.00546872345394986,0.3,0.951898863016858,"hastings_powell_3sp_forced_cycle"
105.525,0.629668502878332,0.376362289980929,-0.192825551052227,0.03184228894317,0.00183632951174508,0.3,0.963010996098843,"hastings_powell_3sp_forced_cycle"
107.28,0.6098554691658,0.385512422937065,-0.19371679391789,0.0293676309691123,-0.000958828061107608,0.3,0.976687619297243,"hastings_powell_3sp_forced_cycle"
109.04,0.592252585163255,0.390960554479296,-0.211041139162721,0.0264040623464869,-0.00262299322481529,0.3,0.99233720259918,"hastings_powell_3sp_forced_cycle"
110.8,0.578935963634865,0.39194591424417,-0.241605817843978,0.0233391465516135,-0.00261946919258728,0.3,1.00904661315413,"hastings_powell_3sp_forced_cycle"
112.56,0.571912665080486,0.38831340445746,-0.280348562111711,0.0207582190506883,-0.000645856940608177,0.3,1.02579401417164,"hastings_powell_3sp_forced_cycle"
114.315,0.57265694332326,0.380601870726879,-0.3228046339416,0.0210696734514388,0.0029821108750227,0.3,1.04147863063588,"hastings_powell_3sp_forced_cycle"
116.075,0.581583141336776,0.369798736014292,-0.365993223131215,0.028211237716847,0.00751285719882298,0.3,1.05522581487945,"hastings_powell_3sp_forced_cycle"
117.835,0.597709964264699,0.357143476863417,-0.407410064829383,0.0362063172267812,0.0121543774894281,0.3,1.06622195344823,"hastings_powell_3sp_forced_cycle"
119.595,0.618835804502731,0.343709290443382,-0.445352447320503,0.0428801526534976,0.0164176643263205,0.3,1.07394763732967,"hastings_powell_3sp_forced_cycle"
121.355,0.642259159717445,0.33024636993484,-0.478746473755663,0.0482304912875398,0.0201333028679419,0.3,1.0781158087764,"hastings_powell_3sp_forced_cycle"
123.11,0.665547892398042,0.317239406694798,-0.50698317851797,0.0525323065894291,0.0233322238034756,0.3,1.07862707068993,"hastings_powell_3sp_forced_cycle"
124.87,0.687285069207865,0.304881540531165,-0.530056626700187,0.0561157428196636,0.0261624840746375,0.3,1.07551968612183,"hastings_powell_3sp_forced_cycle"
126.63,0.706657319068165,0.293413380387299,-0.547890082117356,0.0592223175712397,0.0287560635970435,0.3,1.06893696015386,"hastings_powell_3sp_forced_cycle"
128.39,0.723444894439033,0.283036837270751,-0.560527660333646,0.0620348550512149,0.0312251773586761,0.3,1.05913771314057,"hastings_powell_3sp_forced_cycle"
130.145,0.73762439972952,0.273994112852687,-0.567954752469618,0.0646538298327192,0.0336279781304246,0.3,1.04652965031165,"hastings_powell_3sp_forced_cycle"
131.905,0.749341447528565,0.266460972656176,-0.570142227904116,0.0671288560012709,0.0359891276395796,0.3,1.03151382079681,"hastings_powell_3sp_forced_cycle"
133.665,0.758593419222312,0.260688642782444,-0.566921389018508,0.0694156145271337,0.0382559908083118,0.3,1.01469035237427,"hastings_powell_3sp_forced_cycle"
135.425,0.765381882413379,0.256885578600481,-0.558098707646718,0.0714055865949401,0.040324483015494,0.3,0.996701467871148,"hastings_powell_3sp_forced_cycle"
137.18,0.769664154066769,0.255241325225019,-0.543502180849676,0.0729128296631532,0.0420273858037171,0.3,0.978290867746191,"hastings_powell_3sp_forced_cycle"
138.94,0.771400720541495,0.255912533430743,-0.522837355874497,0.0736868855058293,0.0431544787750053,0.3,0.960065836380478,"hastings_powell_3sp_forced_cycle"
140.7,0.770483570870683,0.259051339705046,-0.495996221476548,0.0733827421855682,0.0434291219074769,0.3,0.942790671504972,"hastings_powell_3sp_forced_cycle"
142.46,0.766791361477784,0.264776644495072,-0.46299565912844,0.071578386267037,0.0425466056068329,0.3,0.927155429290169,"hastings_powell_3sp_forced_cycle"
144.215,0.760196444930923,0.273144169527503,-0.424239383708435,0.0677853752470153,0.040214981776302,0.3,0.913845882708884,"hastings_powell_3sp_forced_cycle"
145.975,0.750485793858938,0.284228378190114,-0.380168340881831,0.0614094771020508,0.0361963824644452,0.3,0.903384987003893,"hastings_powell_3sp_forced_cycle"
147.735,0.737486579789577,0.297943131179661,-0.331993953862411,0.0518929237499047,0.0304788762869879,0.3,0.896350414985708,"hastings_powell_3sp_forced_cycle"
149.495,0.721029158351924,0.314073583515048,-0.281291329772769,0.0404784136221675,0.0234889345081174,0.3,0.893199049490294,"hastings_powell_3sp_forced_cycle"
151.25,0.701077221309551,0.332126205451808,-0.230361085507062,0.0387174300006004,0.0163700917954509,0.3,0.894277309133462,"hastings_powell_3sp_forced_cycle"
153.01,0.677579415692678,0.351449009299078,-0.182126309137983,0.0393041881819736,0.0105574216008886,0.3,0.899813256652329,"hastings_powell_3sp_forced_cycle"
154.77,0.650948305491096,0.370830429045628,-0.141386848051947,0.0390058997990486,0.00647600852730086,0.3,0.909852889188037,"hastings_powell_3sp_forced_cycle"
156.53,0.622036553954872,0.388657137292549,-0.112191274495932,0.0371589411018198,0.00295575448394151,0.3,0.924198469396437,"hastings_powell_3sp_forced_cycle"
158.285,0.59250510655799,0.402907833343073,-0.0998050715337086,0.033680711092243,-0.00105180223590207,0.3,0.942285585211655,"hastings_powell_3sp_forced_cycle"
160.045,0.564686494369974,0.411597286592467,-0.128127806101062,0.0290751357706222,-0.00522522286254878,0.3,0.96334028838381,"hastings_powell_3sp_forced_cycle"
161.805,0.542119687179204,0.413075632152418,-0.178982534726104,0.0242254655417627,-0.00780577151914931,0.3,0.986049782343545,"hastings_powell_3sp_forced_cycle"
163.565,0.528803102304479,0.406889144390761,-0.23980894745196,0.0200738949833898,-0.006753878209233,0.3,1.00883762656004,"hastings_powell_3sp_forced_cycle"
165.32,0.528231767971373,0.394185738460926,-0.302528840008929,0.0186015848187539,-0.00187547191589132,0.3,1.02996680647088,"hastings_powell_3sp_forced_cycle"
167.08,0.54190909353365,0.377238036728466,-0.36298949272444,0.0264447879175827,0.00494345369857104,0.3,1.04807280238835,"hastings_powell_3sp_forced_cycle"
168.84,0.568088428167085,0.3586859492855,-0.418226321469345,0.0370811044403494,0.0116607783303985,0.3,1.06205097560123,"hastings_powell_3sp_forced_cycle"
170.6,0.60188067126813,0.340433653326095,-0.466401310179945,0.0453007011627475,0.0173007324261814,0.3,1.07138154746698,"hastings_powell_3sp_forced_cycle"
172.355,0.637240984349863,0.323417176553162,-0.506585999855256,0.0513141762611378,0.0217473726845803,0.3,1.07594381319552,"hastings_powell_3sp_forced_cycle"
174.115,0.669913895324697,0.307726944990305,-0.539108872382118,0.0558537742499779,0.0253084639322666,0.3,1.07587462547053,"hastings_powell_3sp_forced_cycle"
175.875,0.697846581158772,0.293355833052388,-0.564451145375354,0.0594978532782709,0.028323494070176,0.3,1.07137072327238,"hastings_powell_3sp_forced_cycle"
177.635,0.720952525829283,0.28028262190641,-0.5832766399148,0.0626705968974153,0.0310821596311792,0.3,1.06272064019076,"hastings_powell_3sp_forced_cycle"
179.39,0.739836499734226,0.268634622951149,-0.59602621623507,0.0656301608499547,0.0337688841476913,0.3,1.05034101439426,"hastings_powell_3sp_forced_cycle"
181.15,0.755276081785818,0.258534301055951,-0.602990764056044,0.068532363540989,0.0364968788785375,0.3,1.0346469275323,"hastings_powell_3sp_forced_cycle"
182.91,0.767660549285668,0.250249605591888,-0.604131586360922,0.0714032976493287,0.0392722162013528,0.3,1.01627258630781,"hastings_powell_3sp_forced_cycle"
184.67,0.777222715210722,0.244017910278383,-0.599295557876694,0.0741847123171306,0.0420302833969044,0.3,0.995926838975759,"hastings_powell_3sp_forced_cycle"
186.425,0.784035526690611,0.240068831170787,-0.588255042642281,0.0767221556181299,0.0446231727861414,0.3,0.97445804547253,"hastings_powell_3sp_forced_cycle"
188.185,0.788139929885576,0.23858031551978,-0.570603209711518,0.0787916251278086,0.0468488122613889,0.3,0.952571676510077,"hastings_powell_3sp_forced_cycle"
189.945,0.789457908141148,0.239750021306347,-0.545990776172058,0.0800499587180364,0.0484059109780817,0.3,0.931167542313077,"hastings_powell_3sp_forced_cycle"
191.705,0.78788635021085,0.243748041391804,-0.514098862971719,0.0800583599198473,0.048929822132782,0.3,0.911067888959682,"hastings_powell_3sp_forced_cycle"
193.46,0.783289413238546,0.250708192840663,-0.474910373339241,0.0782780540264744,0.0480099298484459,0.3,0.893104375114663,"hastings_powell_3sp_forced_cycle"
195.22,0.775433344597626,0.260807142571679,-0.428416364788649,0.0740461242911089,0.0452273851882778,0.3,0.877905747476359,"hastings_powell_3sp_forced_cycle"
196.98,0.764063700090143,0.27412180238315,-0.375470451103859,0.0666092698430266,0.0402803618935754,0.3,0.866199373740078,"hastings_powell_3sp_forced_cycle"
198.74,0.748871851209887,0.290652812069479,-0.317473792324334,0.0551793525062458,0.0332048888094787,0.3,0.858590121875183,"hastings_powell_3sp_forced_cycle"
200.495,0.729593154597831,0.310172083684095,-0.256761586861644,0.0420049056407698,0.0248965388845066,0.3,0.85560414545502,"hastings_powell_3sp_forced_cycle"
202.255,0.705835727295178,0.332340097709082,-0.196848978179805,0.042155672572513,0.0176764725007415,0.3,0.857645548462015,"hastings_powell_3sp_forced_cycle"
204.015,0.677520971582832,0.356218351173521,-0.14611746565057,0.0443256864483315,0.014032634203413,0.3,0.86500990374111,"hastings_powell_3sp_forced_cycle"
205.775,0.644868965242717,0.38031357770293,-0.114249826927566,0.0451807657959617,0.0125802888846616,0.3,0.877772366193073,"hastings_powell_3sp_forced_cycle"
207.53,0.608854289682233,0.402343235846049,-0.101199465841112,0.0432261885712959,0.00984591260560378,0.3,0.895653763647033,"hastings_powell_3sp_forced_cycle"
209.29,0.571195450163092,0.419538262771914,-0.102654296641113,0.0382889711079669,0.00452904262606895,0.3,0.918124445094433,"hastings_powell_3sp_forced_cycle"
211.05,0.535417096490694,0.428700242452082,-0.120592579269269,0.0314524206993548,-0.00242084825779095,0.3,0.943980463354248,"hastings_powell_3sp_forced_cycle"
212.81,0.506634544948217,0.427469714864723,-0.166946269932313,0.0244980631866984,-0.0080582943832986,0.3,0.971481721880032,"hastings_powell_3sp_forced_cycle"
214.565,0.491105653331087,0.415635446669642,-0.238394676731525,0.0193137896043473,-0.00812044095136563,0.3,0.998352380286978,"hastings_powell_3sp_forced_cycle"
216.325,0.494279991878314,0.395674032505216,-0.314894380376778,0.0195190481395156,-0.00182796423332858,0.3,1.02246066792622,"hastings_powell_3sp_forced_cycle"
218.085,0.518165932619781,0.372004678054757,-0.38612533489789,0.0310038853292242,0.00695552782328859,0.3,1.04189589727042,"hastings_powell_3sp_forced_cycle"
219.845,0.558592455370863,0.348653287080725,-0.4482932542649,0.0424810186026984,0.014857765222506,0.3,1.05568244016635,"hastings_powell_3sp_forced_cycle"
221.6,0.605988719979745,0.327752409229987,-0.499485142937616,0.0505386360068388,0.0208491487959545,0.3,1.0636523819885,"hastings_powell_3sp_forced_cycle"
223.36,0.650995933697973,0.30946021762962,-0.539949168642419,0.0561202140987836,0.0252491378687216,0.3,1.06615857679665,"hastings_powell_3sp_forced_cycle"
225.12,0.688310531285104,0.293352219903414,-0.570759590266469,0.0602260994997319,0.0286462207054912,0.3,1.06360097333915,"hastings_powell_3sp_forced_cycle"
226.88,0.717431978588159,0.278962330858952,-0.593479059568332,0.0635870589152823,0.0315587639716128,0.3,1.05639835879632,"hastings_powell_3sp_forced_cycle"
228.635,0.739929235573811,0.266141237611366,-0.609280249517911,0.0666413253289234,0.0343193440303115,0.3,1.04501335040894,"hastings_powell_3sp_forced_cycle"
230.395,0.757657811682772,0.254875505588836,-0.618932297091863,0.0696454082715274,0.0371283425647115,0.3,1.02987105827256,"hastings_powell_3sp_forced_cycle"
232.155,0.771692976835986,0.245395915026868,-0.622630718246279,0.0726836084695251,0.0400434453179883,0.3,1.01159685208268,"hastings_powell_3sp_forced_cycle"
233.915,0.782632874789783,0.237939290131623,-0.620335964060834,0.0757366317522662,0.0430341147440002,0.3,0.990903840832352,"hastings_powell_3sp_forced_cycle"
235.675,0.790732981283647,0.232739551493476,-0.611821240649348,0.078687295900993,0.0459844649444313,0.3,0.968599030043154,"hastings_powell_3sp_forced_cycle"
237.43,0.796057263348275,0.230014765832115,-0.596787320266384,0.0813171725538788,0.0486893496320347,0.3,0.945614140041996,"hastings_powell_3sp_forced_cycle"
239.19,0.798617225860059,0.229943539925265,-0.574722476333291,0.0833330325993672,0.0508847358674623,0.3,0.922703252594616,"hastings_powell_3sp_forced_cycle"
240.95,0.798313708586001,0.232719819979292,-0.545224068770169,0.0843138435630615,0.0522011144744988,0.3,0.900806486260982,"hastings_powell_3sp_forced_cycle"
242.71,0.795010889151089,0.238520564208291,-0.50795786432408,0.083735028426207,0.0522049089595351,0.3,0.880762893516516,"hastings_powell_3sp_forced_cycle"
244.465,0.788535477138274,0.247485879986582,-0.463003882300733,0.0809695983940286,0.0504310124125756,0.3,0.863405165909259,"hastings_powell_3sp_forced_cycle"
246.225,0.778588596279261,0.259815618689666,-0.410545546127269,0.075257120066602,0.0464391031827176,0.3,0.84936113299635,"hastings_powell_3sp_forced_cycle"
247.985,0.764856219576261,0.275581389280226,-0.351837361917951,0.0657533448692834,0.0400088601293563,0.3,0.839348929077062,"hastings_powell_3sp_forced_cycle"
249.745,0.746959943629284,0.294754044365421,-0.288803930231059,0.0517058846649824,0.0314913240857338,0.3,0.833962706822595,"hastings_powell_3sp_forced_cycle"
251.5,0.724581348203377,0.317010561509797,-0.224814995468401,0.041953585876739,0.0227082942130822,0.3,0.833704816122134,"hastings_powell_3sp_forced_cycle"
253.26,0.697277611985356,0.341845315753053,-0.166545810960967,0.0445378090961755,0.017184021148258,0.3,0.838967876501072,"hastings_powell_3sp_forced_cycle"
255.02,0.665018349804005,0.367990573853792,-0.126118855208967,0.0471577396542372,0.0158631449021828,0.3,0.849987811921773,"hastings_powell_3sp_forced_cycle"
256.78,0.628211604230687,0.393457647282511,-0.107259683013661,0.0471383930100574,0.0145278953620824,0.3,0.866739852387512,"hastings_powell_3sp_forced_cycle"
258.535,0.588290405066997,0.415317168676862,-0.10466695348197,0.0433277615230895,0.0102104087603994,0.3,0.888756167868836,"hastings_powell_3sp_forced_cycle"
260.295,0.547787596169705,0.430147998511495,-0.11582635932027,0.0364025780033155,0.00301853706602488,0.3,0.915246309370881,"hastings_powell_3sp_forced_cycle"
262.055,0.511525334600493,0.434460909817201,-0.14520321975427,0.0281334712010985,-0.00501501002028697,0.3,0.944588692502341,"hastings_powell_3sp_forced_cycle"
263.815,0.486137117987222,0.426479015813611,-0.20653328506731,0.0209879880096792,-0.00923205420508479,0.3,0.974563100104701,"hastings_powell_3sp_forced_cycle"
265.57,0.478901055703899,0.407648269669644,-0.286891508099964,0.0180146104780298,-0.00551247014079068,0.3,1.00248768180509,"hastings_powell_3sp_forced_cycle"
267.33,0.494779695094785,0.382347400745791,-0.366405114343478,0.0269882752826229,0.00353195059120817,0.3,1.02611902175779,"hastings_powell_3sp_forced_cycle"
269.09,0.532759645804871,0.355933240627137,-0.437530824410389,0.0402860581963327,0.0127764810021035,0.3,1.04380490048154,"hastings_powell_3sp_forced_cycle"
270.85,0.584045034130316,0.331857039128,-0.497213602152287,0.0498870453124027,0.0199439626562836,0.3,1.05503910827711,"hastings_powell_3sp_forced_cycle"
272.605,0.636111213517966,0.311074964159198,-0.544461376380601,0.0562826781546037,0.0250182065643678,0.3,1.06004489157257,"hastings_powell_3sp_forced_cycle"
274.365,0.680585726107614,0.292954054533707,-0.580593441666912,0.0607716405911295,0.0287466107283812,0.3,1.05933079670782,"hastings_powell_3sp_forced_cycle"
276.125,0.715108452748064,0.276857215254747,-0.607360099556801,0.0642967132890168,0.0318046368680848,0.3,1.05334596013141,"hastings_powell_3sp_forced_cycle"
277.885,0.741334222518728,0.262419012061168,-0.626434058949873,0.0674611458491382,0.0346646991795946,0.3,1.04253543244789,"hastings_powell_3sp_forced_cycle"
279.64,0.761545088656605,0.249652537580592,-0.638818812105219,0.0705893108683271,0.0375867702337693,0.3,1.02744340175266,"hastings_powell_3sp_forced_cycle"
281.4,0.777509193519907,0.238662809060318,-0.645036591486128,0.0738481409417287,0.0407039124139969,0.3,1.00859374571802,"hastings_powell_3sp_forced_cycle"
283.16,0.79005271871218,0.229739246923375,-0.645103731266617,0.0772449434125904,0.044009273562268,0.3,0.986771015953974,"hastings_powell_3sp_forced_cycle"
284.92,0.799573993580298,0.223134252766274,-0.638828835043471,0.0806858470240661,0.0474065127458275,0.3,0.962840450797527,"hastings_powell_3sp_forced_cycle"
286.675,0.806202454375962,0.219083498848913,-0.625892803328703,0.0839659295135104,0.0506989939729883,0.3,0.937816476500283,"hastings_powell_3sp_forced_cycle"
288.435,0.809996483499173,0.217767169909804,-0.605728549539114,0.086805645362799,0.0536276620539002,0.3,0.912527049963008,"hastings_powell_3sp_forced_cycle"
290.195,0.810881284751369,0.219392093036666,-0.577791819526702,0.0887867845417025,0.0558115879518381,0.3,0.888004213201959,"hastings_powell_3sp_forced_cycle"
291.955,0.808742074169206,0.224151279765792,-0.541528718424943,0.0893810221712927,0.0567878521542098,0.3,0.865168912672985,"hastings_powell_3sp_forced_cycle"
293.71,0.803413715176643,0.232219058193712,-0.496716344099292,0.0879420816927672,0.0560263294607434,0.3,0.844936934578439,"hastings_powell_3sp_forced_cycle"
295.47,0.794599658841793,0.243847789962113,-0.443201771268811,0.0836976376505082,0.052984277504104,0.3,0.827988607509045,"hastings_powell_3sp_forced_cycle"
297.23,0.781953573478369,0.259206513065029,-0.382002882476183,0.0758064599360497,0.0472753096098544,0.3,0.815117744109144,"hastings_powell_3sp_forced_cycle"
298.99,0.76502975114372,0.278408783259801,-0.315057549544759,0.063368104437579,0.0389678574430386,0.3,0.80699157619531,"hastings_powell_3sp_forced_cycle"
300.745,0.743383117767299,0.301327344966662,-0.245883789556487,0.0465175803609673,0.0294068358013712,0.3,0.804206842519621,"hastings_powell_3sp_forced_cycle"
302.505,0.71636572329036,0.327711770908585,-0.181458873212853,0.0458236945392632,0.0227163154990361,0.3,0.807253825062983,"hastings_powell_3sp_forced_cycle"
304.265,0.683616450997773,0.35656939486453,-0.13575081627737,0.0514992888963052,0.0224249301196245,0.3,0.816523019503179,"hastings_powell_3sp_forced_cycle"
306.025,0.645065158548002,0.38612826720335,-0.112835798524603,0.0548402524723188,0.0234781727404764,0.3,0.832177514412485,"hastings_powell_3sp_forced_cycle"
307.78,0.601531626602065,0.41342778866666,-0.106845655721962,0.0528833202046245,0.0206405552584615,0.3,0.853971668630699,"hastings_powell_3sp_forced_cycle"
309.54,0.554859265827939,0.434566268814236,-0.116514854435835,0.0461466376596849,0.0136828595452474,0.3,0.881339183345811,"hastings_powell_3sp_forced_cycle"
311.3,0.509487230771956,0.444779605755955,-0.139929679013622,0.0361356260379294,0.00381182295969422,0.3,0.912809205982016,"hastings_powell_3sp_forced_cycle"
313.06,0.472548622740359,0.440420719190183,-0.181468385551296,0.0256979894782006,-0.00567727547094936,0.3,0.946094795917937,"hastings_powell_3sp_forced_cycle"
314.815,0.453417093287764,0.421444977458273,-0.255107873310712,0.0191724396825809,-0.00761446834209386,0.3,0.978081105077923,"hastings_powell_3sp_forced_cycle"
316.575,0.460712941543641,0.392499666370024,-0.342886595481679,0.0236580496242608,0.000183041593913876,0.3,1.00580736230058,"hastings_powell_3sp_forced_cycle"
318.335,0.497511021277206,0.36105511082593,-0.424692931226794,0.0383411057133319,0.0109787830999997,0.3,1.02688105820466,"hastings_powell_3sp_forced_cycle"
320.095,0.556062104110559,0.332754084928941,-0.493699503862924,0.0499188476802921,0.0197626813754749,0.3,1.04047764218286,"hastings_powell_3sp_forced_cycle"
321.85,0.61963713356343,0.309360431735228,-0.547577164572162,0.0573575087632823,0.0257634702683113,0.3,1.04695153235275,"hastings_powell_3sp_forced_cycle"
323.61,0.674211824334485,0.28989606547106,-0.587637790767953,0.0622601768494521,0.0298889084131724,0.3,1.04712522037165,"hastings_powell_3sp_forced_cycle"
325.37,0.714969901917528,0.273144625117856,-0.616423567134774,0.0659063749215378,0.033078326527995,0.3,1.04168610711043,"hastings_powell_3sp_forced_cycle"
327.13,0.744252583496416,0.258334011322923,-0.636512657013393,0.0690958491943351,0.0359758439253388,0.3,1.03120739089177,"hastings_powell_3sp_forced_cycle"
328.885,0.765759456400723,0.245282553940139,-0.649503673293745,0.072243373130846,0.0389248270870917,0.3,1.01628422212692,"hastings_powell_3sp_forced_cycle"
330.645,0.782255389607329,0.234021761867778,-0.656220776845995,0.0755523184576832,0.0420934698217129,0.3,0.997459882705071,"hastings_powell_3sp_forced_cycle"
332.405,0.795054848684793,0.224823076786542,-0.65680495545005,0.0790432397230871,0.0454881203633273,0.3,0.975529301141849,"hastings_powell_3sp_forced_cycle"
334.165,0.804758864962363,0.217937227202276,-0.651112264547027,0.0826271367434137,0.0490170557772574,0.3,0.951371143196282,"hastings_powell_3sp_forced_cycle"
335.92,0.811569430748881,0.213601893453215,-0.638835462479838,0.0861015474713459,0.052484908191053,0.3,0.92601812720651,"hastings_powell_3sp_forced_cycle"
337.68,0.815571164257558,0.211995773172791,-0.619406943734412,0.0891925732137622,0.0556351811071908,0.3,0.900315520199943,"hastings_powell_3sp_forced_cycle"
339.44,0.816699386330117,0.213325902392961,-0.592258446077903,0.0914891723019296,0.0580883096626767,0.3,0.875315108041675,"hastings_powell_3sp_forced_cycle"
341.2,0.814846421882654,0.217785881043642,-0.556788455007457,0.0924738226148673,0.0593813190015705,0.3,0.851954931552013,"hastings_powell_3sp_forced_cycle"
342.955,0.809852291613338,0.225555236811102,-0.512688959913458,0.0915103398069484,0.0589743897619241,0.3,0.831167206619119,"hastings_powell_3sp_forced_cycle"
344.715,0.801427106742429,0.236895838133164,-0.459687262784297,0.0878368351866754,0.0562959291247404,0.3,0.813642289407603,"hastings_powell_3sp_forced_cycle"
346.475,0.789225148017092,0.251999523179259,-0.398651128305442,0.0806132849467317,0.050884310897481,0.3,0.800188852429709,"hastings_powell_3sp_forced_cycle"
348.235,0.772795782646052,0.271017318867612,-0.331381702523362,0.0689197086202842,0.0426452266615996,0.3,0.791490087402279,"hastings_powell_3sp_forced_cycle"
349.995,0.751608501503084,0.293951070044832,-0.260926925240478,0.0519679451540729,0.0324916222853835,0.3,0.788164883871021,"hastings_powell_3sp_forced_cycle"
0,0.6538001,0.3563991,-0.222533499610561,0.0341897230641123,0.00855149641576822,0.4,0.9953945,"hastings_powell_3sp_forced_cycle"
1.755,0.640088039482431,0.364702023472318,-0.220587843452283,0.0322191455357053,0.00654538132940153,0.4,1.00091752584203,"hastings_powell_3sp_forced_cycle"
3.515,0.626489232820735,0.371706755643618,-0.227246289146345,0.0304409370416702,0.00500950536726374,0.4,1.00836551371248,"hastings_powell_3sp_forced_cycle"
5.275,0.613991579714777,0.376774391470463,-0.241672248542437,0.0289577028990044,0.00409045071070556,0.4,1.01735717304851,"hastings_powell_3sp_forced_cycle"
7.035,0.60366679406303,0.379418836345447,-0.262049495608232,0.0277738558196554,0.00385362120075854,0.4,1.02740389458773,"hastings_powell_3sp_forced_cycle"
8.79,0.596605040183043,0.379384701058154,-0.286286887799928,0.0268478288458746,0.00429865266668417,0.4,1.03789500005187,"hastings_powell_3sp_forced_cycle"
10.55,0.593659753958126,0.37670358421678,-0.312694293561641,0.0261286654096762,0.00537088406815395,0.4,1.0482648230892,"hastings_powell_3sp_forced_cycle"
12.31,0.595360065837755,0.371692022985537,-0.33964444542639,0.0255954720818324,0.00695117729813661,0.4,1.05786858820885,"hastings_powell_3sp_forced_cycle"
14.07,0.601650676942825,0.364880103999582,-0.365833874720953,0.0252495115789764,0.00887381121965733,0.4,1.06616066643122,"hastings_powell_3sp_forced_cycle"
15.825,0.611847838482805,0.356905255754461,-0.390139188536124,0.0251151936182444,0.0109576475764797,0.4,1.07269302305686,"hastings_powell_3sp_forced_cycle"
17.585,0.624907261841769,0.348297433568391,-0.411885122133907,0.0252658827400041,0.0130694136794096,0.4,1.07720486912042,"hastings_powell_3sp_forced_cycle"
19.345,0.639514273609596,0.339546504371308,-0.43041648175675,0.0262015649121639,0.0151067786721347,0.4,1.07950719408776,"hastings_powell_3sp_forced_cycle"
21.105,0.654473985262021,0.330999727018259,-0.445354618145145,0.0287669287402197,0.0170187990122933,0.4,1.07954697902183,"hastings_powell_3sp_forced_cycle"
22.86,0.668828932191692,0.322931229380006,-0.456451224373717,0.0313292646955343,0.0187791396867861,0.4,1.07737563685989,"hastings_powell_3sp_forced_cycle"
24.62,0.682062326337216,0.315488549318442,-0.463650701399342,0.0334737969210431,0.0203875844683853,0.4,1.07310206772403,"hastings_powell_3sp_forced_cycle"
26.38,0.693791671421821,0.308861026119694,-0.466857197095095,0.0351882606919873,0.0218258939352783,0.4,1.0669200179981,"hastings_powell_3sp_forced_cycle"
28.14,0.70384346348006,0.303202085194124,-0.466048553960733,0.0364848128004589,0.0230700110610696,0.4,1.05908254306022,"hastings_powell_3sp_forced_cycle"
29.895,0.712109461739317,0.298669129968684,-0.46125407916288,0.0373704279682381,0.0240793200878992,0.4,1.04992653424292,"hastings_powell_3sp_forced_cycle"
31.655,0.718584156178407,0.295373268097114,-0.452499743483982,0.0378933440622435,0.0248090973885399,0.4,1.03975664495916,"hastings_powell_3sp_forced_cycle"
33.415,0.723197339858913,0.293452728522071,-0.439912303234681,0.0382158032961694,0.0251987627760124,0.4,1.02899342536115,"hastings_powell_3sp_forced_cycle"
35.175,0.725903953596263,0.293011980223834,-0.423703998464144,0.0386444567944857,0.0251937763953229,0.4,1.01805969475914,"hastings_powell_3sp_forced_cycle"
36.93,0.726657532547975,0.294124847146894,-0.404269792970055,0.0393142587270418,0.0247567219561713,0.4,1.00742098535297,"hastings_powell_3sp_forced_cycle"
38.69,0.725416138576194,0.296844768438624,-0.381983032423114,0.0400573022004387,0.0238733694987817,0.4,0.997450860227122,"hastings_powell_3sp_forced_cycle"
40.45,0.722134722507537,0.301177312578799,-0.357551811108237,0.0406456174128128,0.0225665668660365,0.4,0.98860061437772,"hastings_powell_3sp_forced_cycle"
42.21,0.716787834422661,0.307076824273419,-0.331825033217795,0.0408983073257475,0.0208861896661542,0.4,0.981261965093255,"hastings_powell_3sp_forced_cycle"
43.965,0.709401322954858,0.314408066700013,-0.305940865595504,0.0406726837399558,0.0188955721252637,0.4,0.975796707149518,"hastings_powell_3sp_forced_cycle"
45.725,0.699980802154498,0.323016556874882,-0.28106881432238,0.0398670732729544,0.0166295456360012,0.4,0.972465346270801,"hastings_powell_3sp_forced_cycle"
47.485,0.688664161603123,0.332583577967419,-0.258910147504936,0.0384587752963521,0.0141397603960037,0.4,0.97150637286596,"hastings_powell_3sp_forced_cycle"
49.245,0.675677446581384,0.342689873412276,-0.241430749438719,0.0365415333493497,0.0115189413429867,0.4,0.973050706693969,"hastings_powell_3sp_forced_cycle"
51,0.661436067702918,0.352761959283035,-0.230831983392814,0.0343339276330567,0.00895306934718037,0.4,0.977106774429847,"hastings_powell_3sp_forced_cycle"
52.76,0.64642114978099,0.362199905383888,-0.22892639612831,0.0320932040035688,0.00667418102797008,0.4,0.983595961459849,"hastings_powell_3sp_forced_cycle"
54.52,0.631458997791271,0.370244979781028,-0.236441527829627,0.0300550557843396,0.00493254688208682,0.4,0.992267434245746,"hastings_powell_3sp_forced_cycle"
56.28,0.617566284401301,0.376176838357544,-0.252456991970902,0.0283354177599995,0.00389877626407705,0.4,1.00272943709355,"hastings_powell_3sp_forced_cycle"
58.035,0.60596848687844,0.379393773857692,-0.274953595168661,0.0269421031691472,0.00365407891857185,0.4,1.01441295091652,"hastings_powell_3sp_forced_cycle"
59.795,0.597845377411478,0.379565306524018,-0.301899985599492,0.0258203764978947,0.00420345294708785,0.4,1.02673506668811,"hastings_powell_3sp_forced_cycle"
61.555,0.594321642921751,0.37666580616914,-0.331259982584948,0.0249414200381984,0.00548077503836064,0.4,1.0389450559973,"hastings_powell_3sp_forced_cycle"
63.315,0.596061123870807,0.371030656828773,-0.361324689561146,0.0243291039058991,0.00733655469340162,0.4,1.05032192997273,"hastings_powell_3sp_forced_cycle"
65.07,0.603052204813271,0.363279662419718,-0.390567825814201,0.0241278318274276,0.00955534146967774,0.4,1.06018665778834,"hastings_powell_3sp_forced_cycle"
66.83,0.614632770094352,0.354069727315695,-0.417969362772989,0.0248693777336811,0.0119374604026921,0.4,1.06806513086059,"hastings_powell_3sp_forced_cycle"
68.59,0.629519372197654,0.34408191978815,-0.442515605596678,0.0274034018242071,0.0143126566494128,0.4,1.07354463178281,"hastings_powell_3sp_forced_cycle"
70.35,0.646202626745148,0.333850121964636,-0.463536408245079,0.030710340759958,0.016585803758624,0.4,1.07639240546434,"hastings_powell_3sp_forced_cycle"
72.105,0.663241109835139,0.323796416320752,-0.480547662967105,0.033769939958057,0.0187146285096814,0.4,1.07651206383283,"hastings_powell_3sp_forced_cycle"
73.865,0.679680984389588,0.314152347156616,-0.493376756998579,0.0364300960627302,0.0207084091755603,0.4,1.07391730002991,"hastings_powell_3sp_forced_cycle"
75.625,0.694803926288702,0.305178013887564,-0.501805048224227,0.0386978406200802,0.0225664621326269,0.4,1.0687153880957,"hastings_powell_3sp_forced_cycle"
77.385,0.708243127479364,0.297079742206996,-0.505720764605712,0.0405975031281509,0.0242842845391449,0.4,1.06110810690895,"hastings_powell_3sp_forced_cycle"
79.14,0.719786736106669,0.290073356401491,-0.505042914799542,0.042117642146455,0.025832091845146,0.4,1.0514123732706,"hastings_powell_3sp_forced_cycle"
80.9,0.729408144848107,0.284310095392708,-0.499694383201888,0.0432183547366085,0.0271673784276859,0.4,1.03993700788953,"hastings_powell_3sp_forced_cycle"
82.66,0.737010801763907,0.279993471049309,-0.4896263979236,0.0438101910545469,0.0282091100082003,0.4,1.02714024588821,"hastings_powell_3sp_forced_cycle"
84.42,0.742538397356448,0.27729029012745,-0.474852666679129,0.0438006309456596,0.0288626554207509,0.4,1.01351050975274,"hastings_powell_3sp_forced_cycle"
86.175,0.745922843412859,0.27634730953287,-0.45554499703741,0.0431934873131684,0.0290291636669927,0.4,0.999614025327427,"hastings_powell_3sp_forced_cycle"
87.935,0.74711436113739,0.277281024272839,-0.431843502079345,0.0423952687445109,0.0286279094305239,0.4,0.985917233366602,"hastings_powell_3sp_forced_cycle"
89.695,0.746023628010518,0.280189190083682,-0.404227839597733,0.0422997999512786,0.0276215345277328,0.4,0.973008714365856,"hastings_powell_3sp_forced_cycle"
91.455,0.742568728186451,0.28512698987058,-0.373336721394202,0.0428802536315766,0.0260458529066706,0.4,0.961423003641043,"hastings_powell_3sp_forced_cycle"
93.21,0.736687789965515,0.292077431950166,-0.340126069453823,0.0434588362671213,0.0240163404615132,0.4,0.951689123584776,"hastings_powell_3sp_forced_cycle"
94.97,0.728275265207487,0.301017854688309,-0.305497423699934,0.0435858940149304,0.0216507194593279,0.4,0.9442099990719,"hastings_powell_3sp_forced_cycle"
96.73,0.717300544112481,0.31177449375379,-0.270918868429793,0.0429530725823193,0.019008347450511,0.4,0.939415787085696,"hastings_powell_3sp_forced_cycle"
98.49,0.703778299994857,0.324062004926889,-0.238162663498712,0.0413759707464398,0.0160353076545185,0.4,0.937629208351213,"hastings_powell_3sp_forced_cycle"
100.245,0.68787588575098,0.337389144672024,-0.209694250364447,0.0388978693192545,0.0127115209480096,0.4,0.939066814590806,"hastings_powell_3sp_forced_cycle"
102.005,0.669788605772363,0.351179510352532,-0.188853467372542,0.0358279334515206,0.00920053103013869,0.4,0.943839567292332,"hastings_powell_3sp_forced_cycle"
103.765,0.650094239712653,0.364524907383286,-0.180871365161936,0.0326891817670105,0.00592220223626547,0.4,0.951898863016858,"hastings_powell_3sp_forced_cycle"
105.525,0.629668502878332,0.376362289980929,-0.189837180774513,0.0299391503629045,0.00331433418529559,0.4,0.963010996098843,"hastings_powell_3sp_forced_cycle"
107.28,0.6098554691658,0.385512422937065,-0.213427486820223,0.0277674712368878,0.00164555147229931,0.4,0.976687619297243,"hastings_powell_3sp_forced_cycle"
109.04,0.592252585163255,0.390960554479296,-0.246323052454195,0.0260876021512276,0.00100479644044018,0.4,0.99233720259918,"hastings_powell_3sp_forced_cycle"
110.8,0.578935963634865,0.39194591424417,-0.284285270416618,0.0247624479563853,0.00144860787973458,0.4,1.00904661315413,"hastings_powell_3sp_forced_cycle"
112.56,0.571912665080486,0.38831340445746,-0.324490242556659,0.0237503350509204,0.00297644859971671,0.4,1.02579401417164,"hastings_powell_3sp_forced_cycle"
114.315,0.57265694332326,0.380601870726879,-0.364705124054091,0.0232188189167921,0.00540889642458433,0.4,1.04147863063588,"hastings_powell_3sp_forced_cycle"
116.075,0.581583141336776,0.369798736014292,-0.403430075891208,0.0237559665227421,0.00840169803206729,0.4,1.05522581487945,"hastings_powell_3sp_forced_cycle"
117.835,0.597709964264699,0.357143476863417,-0.439116534014506,0.026386997172917,0.0115517037247959,0.4,1.06622195344823,"hastings_powell_3sp_forced_cycle"
119.595,0.618835804502731,0.343709290443382,-0.470661547493827,0.0304221748091291,0.0145782299833448,0.4,1.07394763732967,"hastings_powell_3sp_forced_cycle"
121.355,0.642259159717445,0.33024636993484,-0.497335934129346,0.0343451523898305,0.0173629522636958,0.4,1.0781158087764,"hastings_powell_3sp_forced_cycle"
123.11,0.665547892398042,0.317239406694798,-0.51870401286035,0.0377450632677898,0.0199009214965786,0.4,1.07862707068993,"hastings_powell_3sp_forced_cycle"
124.87,0.687285069207865,0.304881540531165,-0.534744865347561,0.0406880249556516,0.0222628642659002,0.4,1.07551968612183,"hastings_powell_3sp_forced_cycle"
126.63,0.706657319068165,0.293413380387299,-0.5453531928029,0.0432731581138387,0.0244998453559931,0.4,1.06893696015386,"hastings_powell_3sp_forced_cycle"
128.39,0.723444894439033,0.283036837270751,-0.550496366922102,0.0455720299193194,0.0266416167276263,0.4,1.05913771314057,"hastings_powell_3sp_forced_cycle"
130.145,0.73762439972952,0.273994112852687,-0.55010546961261,0.0475852673276741,0.0286681360167876,0.4,1.04652965031165,"hastings_powell_3sp_forced_cycle"
131.905,0.749341447528565,0.266460972656176,-0.544049476618834,0.0492565905898641,0.0305264630036914,0.4,1.03151382079681,"hastings_powell_3sp_forced_cycle"
133.665,0.758593419222312,0.260688642782444,-0.532164240297955,0.0504364842846462,0.0320961327407414,0.4,1.01469035237427,"hastings_powell_3sp_forced_cycle"
135.425,0.765381882413379,0.256885578600481,-0.514310060441189,0.0509119790263349,0.0332201233608249,0.4,0.996701467871148,"hastings_powell_3sp_forced_cycle"
137.18,0.769664154066769,0.255241325225019,-0.490503290660955,0.0504336356781733,0.0337175794707481,0.4,0.978290867746191,"hastings_powell_3sp_forced_cycle"
138.94,0.771400720541495,0.255912533430743,-0.460705029671602,0.0488450741476677,0.0334258316719638,0.4,0.960065836380478,"hastings_powell_3sp_forced_cycle"
140.7,0.770483570870683,0.259051339705046,-0.425303226153216,0.0467583414024456,0.0322566038909743,0.4,0.942790671504972,"hastings_powell_3sp_forced_cycle"
142.46,0.766791361477784,0.264776644495072,-0.384898758782575,0.0462969350774795,0.0302961925305984,0.4,0.927155429290169,"hastings_powell_3sp_forced_cycle"
144.215,0.760196444930923,0.273144169527503,-0.340482468929579,0.0472951701555743,0.0278828880503984,0.4,0.913845882708884,"hastings_powell_3sp_forced_cycle"
145.975,0.750485793858938,0.284228378190114,-0.292942905457826,0.0482847758677344,0.0254664810587658,0.4,0.903384987003893,"hastings_powell_3sp_forced_cycle"
147.735,0.737486579789577,0.297943131179661,-0.244249841370064,0.0483803334375467,0.0231852128559689,0.4,0.896350414985708,"hastings_powell_3sp_forced_cycle"
149.495,0.721029158351924,0.314073583515048,-0.198353190425892,0.046884575547912,0.0204794447640931,0.4,0.893199049490294,"hastings_powell_3sp_forced_cycle"
151.25,0.701077221309551,0.332126205451808,-0.162427713079589,0.0435568413115038,0.0166994045386602,0.4,0.894277309133462,"hastings_powell_3sp_forced_cycle"
153.01,0.677579415692678,0.351449009299078,-0.141009745092003,0.038979135029092,0.011996292683279,0.4,0.899813256652329,"hastings_powell_3sp_forced_cycle"
154.77,0.650948305491096,0.370830429045628,-0.132781743573144,0.0344089321780338,0.00739053875002565,0.4,0.909852889188037,"hastings_powell_3sp_forced_cycle"
156.53,0.622036553954872,0.388657137292549,-0.136458028252121,0.0308640151708588,0.00381612770482302,0.4,0.924198469396437,"hastings_powell_3sp_forced_cycle"
158.285,0.59250510655799,0.402907833343073,-0.153871566243131,0.0284558659965368,0.00141771088375112,0.4,0.942285585211655,"hastings_powell_3sp_forced_cycle"
160.045,0.564686494369974,0.411597286592467,-0.191445203737353,0.0266540755183617,-0.000115448601133161,0.4,0.96334028838381,"hastings_powell_3sp_forced_cycle"
161.805,0.542119687179204,0.413075632152418,-0.245596350607924,0.0250683296749105,-0.000664069618940472,0.4,0.986049782343545,"hastings_powell_3sp_forced_cycle"
163.565,0.528803102304479,0.406889144390761,-0.303680165695621,0.0237544230010935,0.000380757128520615,0.4,1.00883762656004,"hastings_powell_3sp_forced_cycle"
165.32,0.528231767971373,0.394185738460926,-0.35956211903015,0.0231921460918328,0.00324494031648181,0.4,1.02996680647088,"hastings_powell_3sp_forced_cycle"
167.08,0.54190909353365,0.377238036728466,-0.411329841414971,0.0244460731104482,0.00729053404589087,0.4,1.04807280238835,"hastings_powell_3sp_forced_cycle"
168.84,0.568088428167085,0.3586859492855,-0.457301282268928,0.0284391066209371,0.0115429368337332,0.4,1.06205097560123,"hastings_powell_3sp_forced_cycle"
170.6,0.60188067126813,0.340433653326095,-0.496336601977163,0.0333989412546403,0.0153931104232769,0.4,1.07138154746698,"hastings_powell_3sp_forced_cycle"
172.355,0.637240984349863,0.323417176553162,-0.527828375499336,0.0377365903132263,0.0186860057210571,0.4,1.07594381319552,"hastings_powell_3sp_forced_cycle"
174.115,0.669913895324697,0.307726944990305,-0.552045366689569,0.0413326577743654,0.0215537834897694,0.4,1.07587462547053,"hastings_powell_3sp_forced_cycle"
175.875,0.697846581158772,0.293355833052388,-0.569308477826518,0.0444050023995126,0.024165336718526,0.4,1.07137072327238,"hastings_powell_3sp_forced_cycle"
177.635,0.720952525829283,0.28028262190641,-0.580043623243504,0.0471675471889736,0.0266625742453534,0.4,1.06272064019076,"hastings_powell_3sp_forced_cycle"
179.39,0.739836499734226,0.268634622951149,-0.584493140234702,0.049728109057649,0.0291072757817166,0.4,1.05034101439426,"hastings_powell_3sp_forced_cycle"
181.15,0.755276081785818,0.258534301055951,-0.582718558215509,0.0521078165570246,0.0315019436246666,0.4,1.0346469275323,"hastings_powell_3sp_forced_cycle"
182.91,0.767660549285668,0.250249605591888,-0.57456084420641,0.0541997084384203,0.0337494651548599,0.4,1.01627258630781,"hastings_powell_3sp_forced_cycle"
184.67,0.777222715210722,0.244017910278383,-0.559784903697351,0.0558000335384943,0.0356854927332645,0.4,0.995926838975759,"hastings_powell_3sp_forced_cycle"
186.425,0.784035526690611,0.240068831170787,-0.538201096757709,0.0566034157209132,0.0370792424491041,0.4,0.97445804547253,"hastings_powell_3sp_forced_cycle"
188.185,0.788139929885576,0.23858031551978,-0.509504077292693,0.0562287988097967,0.0376748052822982,0.4,0.952571676510077,"hastings_powell_3sp_forced_cycle"
189.945,0.789457908141148,0.239750021306347,-0.473763038312272,0.0542953669246181,0.0372260357801629,0.4,0.931167542313077,"hastings_powell_3sp_forced_cycle"
191.705,0.78788635021085,0.243748041391804,-0.43132479506581,0.0509733578803797,0.0356319179846009,0.4,0.911067888959682,"hastings_powell_3sp_forced_cycle"
193.46,0.783289413238546,0.250708192840663,-0.383081414397154,0.0491169103971815,0.0331332319193095,0.4,0.893104375114663,"hastings_powell_3sp_forced_cycle"
195.22,0.775433344597626,0.260807142571679,-0.32994022493208,0.0504243607771051,0.0304842629177553,0.4,0.877905747476359,"hastings_powell_3sp_forced_cycle"
196.98,0.764063700090143,0.27412180238315,-0.274323308182283,0.0524068288307904,0.0287262676220001,0.4,0.866199373740078,"hastings_powell_3sp_forced_cycle"
198.74,0.748871851209887,0.290652812069479,-0.2226169823225,0.0533724125651851,0.0277504317386165,0.4,0.858590121875183,"hastings_powell_3sp_forced_cycle"
200.495,0.729593154597831,0.310172083684095,-0.185179383298828,0.0518621471524291,0.0257165705131872,0.4,0.85560414545502,"hastings_powell_3sp_forced_cycle"
202.255,0.705835727295178,0.332340097709082,-0.162013247421449,0.0474415066109356,0.0213335366310405,0.4,0.857645548462015,"hastings_powell_3sp_forced_cycle"
204.015,0.677520971582832,0.356218351173521,-0.149067404554885,0.0415651804707865,0.015588256457398,0.4,0.86500990374111,"hastings_powell_3sp_forced_cycle"
205.775,0.644868965242717,0.38031357770293,-0.147623960911518,0.0364916278678291,0.0105824507568466,0.4,0.877772366193073,"hastings_powell_3sp_forced_cycle"
207.53,0.608854289682233,0.402343235846049,-0.158563200464743,0.0332448168683018,0.00731481496624615,0.4,0.895653763647033,"hastings_powell_3sp_forced_cycle"
209.29,0.571195450163092,0.419538262771914,-0.178741849004991,0.0310629639916012,0.00499450780017479,0.4,0.918124445094433,"hastings_powell_3sp_forced_cycle"
211.05,0.535417096490694,0.428700242452082,-0.206041555957321,0.0288611615029635,0.00263150942568459,0.4,0.943980463354248,"hastings_powell_3sp_forced_cycle"
212.81,0.506634544948217,0.427469714864723,-0.250109233108962,0.0264753056349273,0.00067694764521497,0.4,0.971481721880032,"hastings_powell_3sp_forced_cycle"
214.565,0.491105653331087,0.415635446669642,-0.312990560859627,0.0246151172104485,0.000909179273359095,0.4,0.998352380286978,"hastings_powell_3sp_forced_cycle"
216.325,0.494279991878314,0.395674032505216,-0.37774696161534,0.0243628834356621,0.00416491415225844,0.4,1.02246066792622,"hastings_powell_3sp_forced_cycle"
218.085,0.518165932619781,0.372004678054757,-0.436473047187876,0.0272506414592235,0.0091361034419963,0.4,1.04189589727042,"hastings_powell_3sp_forced_cycle"
219.845,0.558592455370863,0.348653287080725,-0.486664671790858,0.0327415192507387,0.0140897653579956,0.4,1.05568244016635,"hastings_powell_3sp_forced_cycle"
221.6,0.605988719979745,0.327752409229987,-0.527041249956084,0.0379871433258116,0.0182308477803014,0.4,1.0636523819885,"hastings_powell_3sp_forced_cycle"
223.36,0.650995933697973,0.30946021762962,-0.557845350392316,0.042174102789986,0.0215961266568428,0.4,1.06615857679665,"hastings_powell_3sp_forced_cycle"
225.12,0.688310531285104,0.293352219903414,-0.579856356450275,0.0455645525894438,0.0244656255117964,0.4,1.06360097333915,"hastings_powell_3sp_forced_cycle"
226.88,0.717431978588159,0.278962330858952,-0.594182251199289,0.048525378780423,0.027114036667682,0.4,1.05639835879632,"hastings_powell_3sp_forced_cycle"
228.635,0.739929235573811,0.266141237611366,-0.601615797993305,0.0512787573633738,0.029698302505408,0.4,1.04501335040894,"hastings_powell_3sp_forced_cycle"
230.395,0.757657811682772,0.254875505588836,-0.602573838227973,0.0539203637883046,0.0322815351581023,0.4,1.02987105827256,"hastings_powell_3sp_forced_cycle"
232.155,0.771692976835986,0.245395915026868,-0.597048767283073,0.0563908317523943,0.0348019870948699,0.4,1.01159685208268,"hastings_powell_3sp_forced_cycle"
233.915,0.782632874789783,0.237939290131623,-0.584849952367476,0.0585194836613246,0.0371133713065775,0.4,0.990903840832352,"hastings_powell_3sp_forced_cycle"
235.675,0.790732981283647,0.232739551493476,-0.56567077387455,0.0600214776989021,0.0389873981786977,0.4,0.968599030043154,"hastings_powell_3sp_forced_cycle"
237.43,0.796057263348275,0.230014765832115,-0.539304253467334,0.0605045103087418,0.0401299599714315,0.4,0.945614140041996,"hastings_powell_3sp_forced_cycle"
239.19,0.798617225860059,0.229943539925265,-0.505440996917978,0.0594983457716054,0.0402351411188181,0.4,0.922703252594616,"hastings_powell_3sp_forced_cycle"
240.95,0.798313708586001,0.232719819979292,-0.464285177382478,0.056572909252375,0.0390589025731426,0.4,0.900806486260982,"hastings_powell_3sp_forced_cycle"
242.71,0.795010889151089,0.238520564208291,-0.416412889982675,0.0521878050205286,0.0366185699500789,0.4,0.880762893516516,"hastings_powell_3sp_forced_cycle"
244.465,0.788535477138274,0.247485879986582,-0.363044454503053,0.0505692822992801,0.0334963031258504,0.4,0.863405165909259,"hastings_powell_3sp_forced_cycle"
246.225,0.778588596279261,0.259815618689666,-0.30568560199243,0.0525587162025152,0.0310001748648497,0.4,0.84936113299635,"hastings_powell_3sp_forced_cycle"
247.985,0.764856219576261,0.275581389280226,-0.249238495790078,0.0548807365219053,0.0301626405657579,0.4,0.839348929077062,"hastings_powell_3sp_forced_cycle"
249.745,0.746959943629284,0.294754044365421,-0.204344193900718,0.0553197253125536,0.0294898308629839,0.4,0.833962706822595,"hastings_powell_3sp_forced_cycle"
251.5,0.724581348203377,0.317010561509797,-0.175377437353668,0.0523434457563348,0.0264018374897911,0.4,0.833704816122134,"hastings_powell_3sp_forced_cycle"
253.26,0.697277611985356,0.341845315753053,-0.156995169781047,0.0465803878261274,0.0207646978890952,0.4,0.838967876501072,"hastings_powell_3sp_forced_cycle"
255.02,0.665018349804005,0.367990573853792,-0.149743392026536,0.0406213795047533,0.0148944645150076,0.4,0.849987811921773,"hastings_powell_3sp_forced_cycle"
256.78,0.628211604230687,0.393457647282511,-0.156511238924913,0.036487815963947,0.010784523471489,0.4,0.866739852387512,"hastings_powell_3sp_forced_cycle"
258.535,0.588290405066997,0.415317168676862,-0.175544655810179,0.033949564784013,0.00819624170963482,0.4,0.888756167868836,"hastings_powell_3sp_forced_cycle"
260.295,0.547787596169705,0.430147998511495,-0.201926059023313,0.0315365163712796,0.00561250337916147,0.4,0.915246309370881,"hastings_powell_3sp_forced_cycle"
262.055,0.511525334600493,0.434460909817201,-0.236406684789374,0.0285618116925756,0.00257670745760867,0.4,0.944588692502341,"hastings_powell_3sp_forced_cycle"
263.815,0.486137117987222,0.426479015813611,-0.291834193840796,0.0257550401338608,0.000821665238591973,0.4,0.974563100104701,"hastings_powell_3sp_forced_cycle"
265.57,0.478901055703899,0.407648269669644,-0.360281044657464,0.0245365640139734,0.00255491346377734,0.4,1.00248768180509,"hastings_powell_3sp_forced_cycle"
267.33,0.494779695094785,0.382347400745791,-0.426024314481712,0.0266789635138876,0.00735094515434851,0.4,1.02611902175779,"hastings_powell_3sp_forced_cycle"
269.09,0.532759645804871,0.355933240627137,-0.483627888336327,0.0323368230056642,0.0129015349912797,0.4,1.04380490048154,"hastings_powell_3sp_forced_cycle"
270.85,0.584045034130316,0.331857039128,-0.531005221910281,0.0382351975727212,0.0176971251201267,0.4,1.05503910827711,"hastings_powell_3sp_forced_cycle"
272.605,0.636111213517966,0.311074964159198,-0.567486002419637,0.0428839014062171,0.0214833208728432,0.4,1.06004489157257,"hastings_powell_3sp_forced_cycle"
274.365,0.680585726107614,0.292954054533707,-0.594065805508167,0.0465550518647303,0.0246055724601276,0.4,1.05933079670782,"hastings_powell_3sp_forced_cycle"
276.125,0.715108452748064,0.276857215254747,-0.611994869424752,0.0497161063034275,0.0274300534453198,0.4,1.05334596013141,"hastings_powell_3sp_forced_cycle"
277.885,0.741334222518728,0.262419012061168,-0.622425920563889,0.052698931827526,0.0302094172617717,0.4,1.04253543244789,"hastings_powell_3sp_forced_cycle"
279.64,0.761545088656605,0.249652537580592,-0.625985837149628,0.0556435463958872,0.033042444376739,0.4,1.02744340175266,"hastings_powell_3sp_forced_cycle"
281.4,0.777509193519907,0.238662809060318,-0.622841203111605,0.058558114559742,0.0359248959239973,0.4,1.00859374571802,"hastings_powell_3sp_forced_cycle"
283.16,0.79005271871218,0.229739246923375,-0.612792573535772,0.0612884394095691,0.0387166416321487,0.4,0.986771015953974,"hastings_powell_3sp_forced_cycle"
284.92,0.799573993580298,0.223134252766274,-0.595497889411493,0.0635591690258217,0.0411830505285464,0.4,0.962840450797527,"hastings_powell_3sp_forced_cycle"
286.675,0.806202454375962,0.219083498848913,-0.57060194022017,0.064965778231282,0.0429948940384285,0.4,0.937816476500283,"hastings_powell_3sp_forced_cycle"
288.435,0.809996483499173,0.217767169909804,-0.537609139442664,0.0649987089875781,0.0437778964900701,0.4,0.912527049963008,"hastings_powell_3sp_forced_cycle"
290.195,0.810881284751369,0.219392093036666,-0.496485113033607,0.0630667797918589,0.0431595187701051,0.4,0.888004213201959,"hastings_powell_3sp_forced_cycle"
291.955,0.808742074169206,0.224151279765792,-0.447630940747486,0.0587551480154597,0.0409699983491654,0.4,0.865168912672985,"hastings_powell_3sp_forced_cycle"
293.71,0.803413715176643,0.232219058193712,-0.392282370130435,0.0535181650703611,0.0375863949874464,0.4,0.844936934578439,"hastings_powell_3sp_forced_cycle"
295.47,0.794599658841793,0.243847789962113,-0.332045191629315,0.0535116405018725,0.0344262909126876,0.4,0.827988607509045,"hastings_powell_3sp_forced_cycle"
297.23,0.781953573478369,0.259206513065029,-0.27178339307396,0.0571318744809593,0.0337490112788814,0.4,0.815117744109144,"hastings_powell_3sp_forced_cycle"
298.99,0.76502975114372,0.278408783259801,-0.222503945763567,0.060154730047515,0.0349678648438789,0.4,0.80699157619531,"hastings_powell_3sp_forced_cycle"
300.745,0.743383117767299,0.301327344966662,-0.18872914133625,0.0592863470501082,0.0337890906142427,0.4,0.804206842519621,"hastings_powell_3sp_forced_cycle"
302.505,0.71636572329036,0.327711770908585,-0.164313417068527,0.0539406349926842,0.028499519359127,0.4,0.807253825062983,"hastings_powell_3sp_forced_cycle"
304.265,0.683616450997773,0.35656939486453,-0.150411799270282,0.0472095316672099,0.0217794434708267,0.4,0.816523019503179,"hastings_powell_3sp_forced_cycle"
306.025,0.645065158548002,0.38612826720335,-0.152554319066479,0.0423842526476532,0.0169275296862555,0.4,0.832177514412485,"hastings_powell_3sp_forced_cycle"
307.78,0.601531626602065,0.41342778866666,-0.171354423068069,0.0397770658589978,0.0143654681687774,0.4,0.853971668630699,"hastings_powell_3sp_forced_cycle"
309.54,0.554859265827939,0.434566268814236,-0.200569342621771,0.0374085478859281,0.0120283189926026,0.4,0.881339183345811,"hastings_powell_3sp_forced_cycle"
311.3,0.509487230771956,0.444779605755955,-0.23422787893756,0.0336920917159952,0.00822043490677624,0.4,0.912809205982016,"hastings_powell_3sp_forced_cycle"
313.06,0.472548622740359,0.440420719190183,-0.276082823581727,0.0292336181625962,0.00389044237651038,0.4,0.946094795917937,"hastings_powell_3sp_forced_cycle"
314.815,0.453417093287764,0.421444977458273,-0.339167789341084,0.0262597410737864,0.00262244543729752,0.4,0.978081105077923,"hastings_powell_3sp_forced_cycle"
316.575,0.460712941543641,0.392499666370024,-0.411129321129214,0.0270182041217397,0.00628041661917131,0.4,1.00580736230058,"hastings_powell_3sp_forced_cycle"
318.335,0.497511021277206,0.36105511082593,-0.476808961706273,0.0324958058604593,0.0123727205869512,0.4,1.02688105820466,"hastings_powell_3sp_forced_cycle"
320.095,0.556062104110559,0.332754084928941,-0.53125643517391,0.0391435050500712,0.0180200184356858,0.4,1.04047764218286,"hastings_powell_3sp_forced_cycle"
321.85,0.61963713356343,0.309360431735228,-0.572807261137578,0.0443625973718374,0.0223613899638757,0.4,1.04695153235275,"hastings_powell_3sp_forced_cycle"
323.61,0.674211824334485,0.28989606547106,-0.602455057205741,0.048301997313405,0.0257504928032971,0.4,1.04712522037165,"hastings_powell_3sp_forced_cycle"
325.37,0.714969901917528,0.273144625117856,-0.62204687906469,0.0515772521684946,0.0286930686255707,0.4,1.04168610711043,"hastings_powell_3sp_forced_cycle"
327.13,0.744252583496416,0.258334011322923,-0.63341992312938,0.0546357567087822,0.0315460359719089,0.4,1.03120739089177,"hastings_powell_3sp_forced_cycle"
328.885,0.765759456400723,0.245282553940139,-0.63763531910157,0.0576751760676445,0.0344612013977072,0.4,1.01628422212692,"hastings_powell_3sp_forced_cycle"
330.645,0.782255389607329,0.234021761867778,-0.635096618807321,0.0607287794811178,0.0374570173571274,0.4,0.997459882705071,"hastings_powell_3sp_forced_cycle"
332.405,0.795054848684793,0.224823076786542,-0.625693390883863,0.063652006058545,0.0403997081896468,0.4,0.975529301141849,"hastings_powell_3sp_forced_cycle"
334.165,0.804758864962363,0.217937227202276,-0.609082305779773,0.0661739866728283,0.0430524995013869,0.4,0.951371143196282,"hastings_powell_3sp_forced_cycle"
335.92,0.811569430748881,0.213601893453215,-0.584903053999251,0.0678914263608445,0.0450754850360788,0.4,0.92601812720651,"hastings_powell_3sp_forced_cycle"
337.68,0.815571164257558,0.211995773172791,-0.552609820929146,0.068293287868946,0.0460725455130957,0.4,0.900315520199943,"hastings_powell_3sp_forced_cycle"
339.44,0.816699386330117,0.213325902392961,-0.512083904461782,0.066760442547459,0.0456218882992423,0.4,0.875315108041675,"hastings_powell_3sp_forced_cycle"
341.2,0.814846421882654,0.217785881043642,-0.463629481032706,0.0627212903344364,0.0434596246216917,0.4,0.851954931552013,"hastings_powell_3sp_forced_cycle"
342.955,0.809852291613338,0.225555236811102,-0.408392652894037,0.0564900516489466,0.0398040965933813,0.4,0.831167206619119,"hastings_powell_3sp_forced_cycle"
344.715,0.801427106742429,0.236895838133164,-0.347818854595167,0.0536370048949087,0.0359026776064362,0.4,0.813642289407603,"hastings_powell_3sp_forced_cycle"
346.475,0.789225148017092,0.251999523179259,-0.285958176574802,0.0568798489573202,0.0343711153385027,0.4,0.800188852429709,"hastings_powell_3sp_forced_cycle"
348.235,0.772795782646052,0.271017318867612,-0.23305271667439,0.0606535385717027,0.035675542838162,0.4,0.791490087402279,"hastings_powell_3sp_forced_cycle"
349.995,0.751608501503084,0.293951070044832,-0.196443653407794,0.0608422314320094,0.0353197221951925,0.4,0.788164883871021,"hastings_powell_3sp_forced_cycle"
0,0.6538001,0.3563991,-0.228745211513196,0.0274292575908187,0.00622773901352683,0.5,0.9953945,"hastings_powell_3sp_forced_cycle"
1.755,0.640088039482431,0.364702023472318,-0.236945317748744,0.0262963700365016,0.00524112717197605,0.5,1.00091752584203,"hastings_powell_3sp_forced_cycle"
3.515,0.626489232820735,0.371706755643618,-0.250794105276374,0.0258291043662091,0.0050182402146365,0.5,1.00836551371248,"hastings_powell_3sp_forced_cycle"
5.275,0.613991579714777,0.376774391470463,-0.269192632915481,0.025884378195728,0.00544461513215903,0.5,1.01735717304851,"hastings_powell_3sp_forced_cycle"
7.035,0.60366679406303,0.379418836345447,-0.290834368758366,0.0262817474836762,0.006369195087309,0.5,1.02740389458773,"hastings_powell_3sp_forced_cycle"
8.79,0.596605040183043,0.379384701058154,-0.314291597925794,0.0268715578818411,0.0076549748385671,0.5,1.03789500005187,"hastings_powell_3sp_forced_cycle"
10.55,0.593659753958126,0.37670358421678,-0.33841466754183,0.0275698027207856,0.00920624890088245,0.5,1.0482648230892,"hastings_powell_3sp_forced_cycle"
12.31,0.595360065837755,0.371692022985537,-0.361987309478907,0.0283446722524279,0.0109345859004279,0.5,1.05786858820885,"hastings_powell_3sp_forced_cycle"
14.07,0.601650676942825,0.364880103999582,-0.384016160399305,0.0292064108971595,0.0127619829418801,0.5,1.06616066643122,"hastings_powell_3sp_forced_cycle"
15.825,0.611847838482805,0.356905255754461,-0.40362631821956,0.0301840630104865,0.0146126601768403,0.5,1.07269302305686,"hastings_powell_3sp_forced_cycle"
17.585,0.624907261841769,0.348297433568391,-0.420287974437979,0.0313190429129798,0.0164405278942432,0.5,1.07720486912042,"hastings_powell_3sp_forced_cycle"
19.345,0.639514273609596,0.339546504371308,-0.433479545949556,0.0326305618550168,0.0182006881448157,0.5,1.07950719408776,"hastings_powell_3sp_forced_cycle"
21.105,0.654473985262021,0.330999727018259,-0.442903552577981,0.0341111614282752,0.0198674990466078,0.5,1.07954697902183,"hastings_powell_3sp_forced_cycle"
22.86,0.668828932191692,0.322931229380006,-0.448385969880215,0.0357160625198511,0.0214175924725816,0.5,1.07737563685989,"hastings_powell_3sp_forced_cycle"
24.62,0.682062326337216,0.315488549318442,-0.449892647859415,0.0373928320464957,0.022839504614934,0.5,1.07310206772403,"hastings_powell_3sp_forced_cycle"
26.38,0.693791671421821,0.308861026119694,-0.447413030848924,0.0390680977684113,0.0241018604021323,0.5,1.0669200179981,"hastings_powell_3sp_forced_cycle"
28.14,0.70384346348006,0.303202085194124,-0.44102217121578,0.0406729566150017,0.0251694430361781,0.5,1.05908254306022,"hastings_powell_3sp_forced_cycle"
29.895,0.712109461739317,0.298669129968684,-0.430903344118289,0.0421343087387843,0.0259973575450398,0.5,1.04992653424292,"hastings_powell_3sp_forced_cycle"
31.655,0.718584156178407,0.295373268097114,-0.417237187180283,0.0433873585630271,0.0265419567802668,0.5,1.03975664495916,"hastings_powell_3sp_forced_cycle"
33.415,0.723197339858913,0.293452728522071,-0.400394384558077,0.0443461493154405,0.0267483953960508,0.5,1.02899342536115,"hastings_powell_3sp_forced_cycle"
35.175,0.725903953596263,0.293011980223834,-0.380848761688556,0.0449179878424552,0.0265612318293763,0.5,1.01805969475914,"hastings_powell_3sp_forced_cycle"
36.93,0.726657532547975,0.294124847146894,-0.359279140978866,0.0450005550014732,0.0259234447864454,0.5,1.00742098535297,"hastings_powell_3sp_forced_cycle"
38.69,0.725416138576194,0.296844768438624,-0.336333906124237,0.0444910406929912,0.0247704302584955,0.5,0.997450860227122,"hastings_powell_3sp_forced_cycle"
40.45,0.722134722507537,0.301177312578799,-0.313028502222035,0.043308144710326,0.0230548895699516,0.5,0.98860061437772,"hastings_powell_3sp_forced_cycle"
42.21,0.716787834422661,0.307076824273419,-0.290537306522278,0.0414336886515448,0.0207732058190606,0.5,0.981261965093255,"hastings_powell_3sp_forced_cycle"
43.965,0.709401322954858,0.314408066700013,-0.270328662499417,0.0389618530734096,0.0180178908951523,0.5,0.975796707149518,"hastings_powell_3sp_forced_cycle"
45.725,0.699980802154498,0.323016556874882,-0.253891144742121,0.0360921748546083,0.0149743986817781,0.5,0.972465346270801,"hastings_powell_3sp_forced_cycle"
47.485,0.688664161603123,0.332583577967419,-0.242857955605303,0.0331544154806308,0.0119584335802444,0.5,0.97150637286596,"hastings_powell_3sp_forced_cycle"
49.245,0.675677446581384,0.342689873412276,-0.238355695741576,0.0305133638166644,0.00932210504866937,0.5,0.973050706693969,"hastings_powell_3sp_forced_cycle"
51,0.661436067702918,0.352761959283035,-0.240770580646057,0.0284761947722955,0.00736573032941632,0.5,0.977106774429847,"hastings_powell_3sp_forced_cycle"
52.76,0.64642114978099,0.362199905383888,-0.249891124229159,0.0271759962685856,0.0062283893679023,0.5,0.983595961459849,"hastings_powell_3sp_forced_cycle"
54.52,0.631458997791271,0.370244979781028,-0.265053835400568,0.0265777965042143,0.00589779918418755,0.5,0.992267434245746,"hastings_powell_3sp_forced_cycle"
56.28,0.617566284401301,0.376176838357544,-0.285212167101627,0.0265091545255791,0.00623965034002303,0.5,1.00272943709355,"hastings_powell_3sp_forced_cycle"
58.035,0.60596848687844,0.379393773857692,-0.308953731867215,0.0267637909845598,0.00708803245723581,0.5,1.01441295091652,"hastings_powell_3sp_forced_cycle"
59.795,0.597845377411478,0.379565306524018,-0.334960068009664,0.0271822747622513,0.00831510332644292,0.5,1.02673506668811,"hastings_powell_3sp_forced_cycle"
61.555,0.594321642921751,0.37666580616914,-0.361756926666774,0.0276763912631774,0.00982465588684943,0.5,1.0389450559973,"hastings_powell_3sp_forced_cycle"
63.315,0.596061123870807,0.371030656828773,-0.388063972826626,0.028224877256788,0.0115409318034964,0.5,1.05032192997273,"hastings_powell_3sp_forced_cycle"
65.07,0.603052204813271,0.363279662419718,-0.412695677908299,0.0288507216881016,0.0133851276037254,0.5,1.06018665778834,"hastings_powell_3sp_forced_cycle"
66.83,0.614632770094352,0.354069727315695,-0.434853438782596,0.029610673987528,0.0152976192740645,0.5,1.06806513086059,"hastings_powell_3sp_forced_cycle"
68.59,0.629519372197654,0.34408191978815,-0.453716264566735,0.0305732722262136,0.0172160656071448,0.5,1.07354463178281,"hastings_powell_3sp_forced_cycle"
70.35,0.646202626745148,0.333850121964636,-0.468732381883537,0.0318108613458149,0.0191021116698272,0.5,1.07639240546434,"hastings_powell_3sp_forced_cycle"
72.105,0.663241109835139,0.323796416320752,-0.479505157214427,0.033358708452189,0.020927654494377,0.5,1.07651206383283,"hastings_powell_3sp_forced_cycle"
73.865,0.679680984389588,0.314152347156616,-0.485865110457762,0.0351930403433038,0.0226858836545489,0.5,1.07391730002991,"hastings_powell_3sp_forced_cycle"
75.625,0.694803926288702,0.305178013887564,-0.487639952446961,0.0372127231759795,0.0243500049620052,0.5,1.0687153880957,"hastings_powell_3sp_forced_cycle"
77.385,0.708243127479364,0.297079742206996,-0.48475877828654,0.0393073401922594,0.0258876245708452,0.5,1.06110810690895,"hastings_powell_3sp_forced_cycle"
79.14,0.719786736106669,0.290073356401491,-0.477241567503748,0.0413768782557472,0.0272498563599863,0.5,1.0514123732706,"hastings_powell_3sp_forced_cycle"
80.9,0.729408144848107,0.284310095392708,-0.465110431211018,0.043352047182701,0.0283886178241317,0.5,1.03993700788953,"hastings_powell_3sp_forced_cycle"
82.66,0.737010801763907,0.279993471049309,-0.448543195673817,0.0451458089168976,0.029238083692441,0.5,1.02714024588821,"hastings_powell_3sp_forced_cycle"
84.42,0.742538397356448,0.27729029012745,-0.427832734138592,0.0466657230517615,0.0297356694387237,0.5,1.01351050975274,"hastings_powell_3sp_forced_cycle"
86.175,0.745922843412859,0.27634730953287,-0.403498291971974,0.0477948735258311,0.0298179849378205,0.5,0.999614025327427,"hastings_powell_3sp_forced_cycle"
87.935,0.74711436113739,0.277281024272839,-0.376005222062525,0.048393429052037,0.029410250068335,0.5,0.985917233366602,"hastings_powell_3sp_forced_cycle"
89.695,0.746023628010518,0.280189190083682,-0.34618986436428,0.0482752858081022,0.028406872829123,0.5,0.973008714365856,"hastings_powell_3sp_forced_cycle"
91.455,0.742568728186451,0.28512698987058,-0.315014415361771,0.0472449400718241,0.0266706829026306,0.5,0.961423003641043,"hastings_powell_3sp_forced_cycle"
93.21,0.736687789965515,0.292077431950166,-0.283777226984168,0.0451701499639819,0.0240883912442168,0.5,0.951689123584776,"hastings_powell_3sp_forced_cycle"
94.97,0.728275265207487,0.301017854688309,-0.253847053565127,0.0420609988531798,0.0206449407179963,0.5,0.9442099990719,"hastings_powell_3sp_forced_cycle"
96.73,0.717300544112481,0.31177449375379,-0.22736196237241,0.0381914973581366,0.0165744337954641,0.5,0.939415787085696,"hastings_powell_3sp_forced_cycle"
98.49,0.703778299994857,0.324062004926889,-0.20714278921845,0.0340764906683335,0.0123530875868298,0.5,0.937629208351213,"hastings_powell_3sp_forced_cycle"
100.245,0.68787588575098,0.337389144672024,-0.196620990447049,0.0303643151041178,0.00860359094383387,0.5,0.939066814590806,"hastings_powell_3sp_forced_cycle"
102.005,0.669788605772363,0.351179510352532,-0.197913889779863,0.0275819365745236,0.00584013971564668,0.5,0.943839567292332,"hastings_powell_3sp_forced_cycle"
103.765,0.650094239712653,0.364524907383286,-0.210552837098679,0.0259861900805151,0.00432311161110904,0.5,0.951898863016858,"hastings_powell_3sp_forced_cycle"
105.525,0.629668502878332,0.376362289980929,-0.232506812984505,0.0254479271916401,0.00395074053844799,0.5,0.963010996098843,"hastings_powell_3sp_forced_cycle"
107.28,0.6098554691658,0.385512422937065,-0.261242012973807,0.0255983861222757,0.00440969189473354,0.5,0.976687619297243,"hastings_powell_3sp_forced_cycle"
109.04,0.592252585163255,0.390960554479296,-0.294495799515911,0.0260533732774751,0.00540074910835229,0.5,0.99233720259918,"hastings_powell_3sp_forced_cycle"
110.8,0.578935963634865,0.39194591424417,-0.330032329452026,0.026556073920339,0.00675590561893388,0.5,1.00904661315413,"hastings_powell_3sp_forced_cycle"
112.56,0.571912665080486,0.38831340445746,-0.366017769488084,0.0270066170671538,0.00842299533267867,0.5,1.02579401417164,"hastings_powell_3sp_forced_cycle"
114.315,0.57265694332326,0.380601870726879,-0.400802696367732,0.0274153766013192,0.0103644027087077,0.5,1.04147863063588,"hastings_powell_3sp_forced_cycle"
116.075,0.581583141336776,0.369798736014292,-0.43325208094823,0.0278479466412058,0.0125165124815546,0.5,1.05522581487945,"hastings_powell_3sp_forced_cycle"
117.835,0.597709964264699,0.357143476863417,-0.462127732307803,0.0283799592576403,0.014767351216681,0.5,1.06622195344823,"hastings_powell_3sp_forced_cycle"
119.595,0.618835804502731,0.343709290443382,-0.486532897511429,0.0290921461484505,0.017024614980441,0.5,1.07394763732967,"hastings_powell_3sp_forced_cycle"
121.355,0.642259159717445,0.33024636993484,-0.505849932331698,0.0300943431042619,0.0192386378468327,0.5,1.0781158087764,"hastings_powell_3sp_forced_cycle"
123.11,0.665547892398042,0.317239406694798,-0.519687187708857,0.0315830289233738,0.0213907263668376,0.5,1.07862707068993,"hastings_powell_3sp_forced_cycle"
124.87,0.687285069207865,0.304881540531165,-0.52794766736458,0.0337400436926647,0.0234940032824249,0.5,1.07551968612183,"hastings_powell_3sp_forced_cycle"
126.63,0.706657319068165,0.293413380387299,-0.530504805100829,0.0363343739453983,0.0255339559940428,0.5,1.06893696015386,"hastings_powell_3sp_forced_cycle"
128.39,0.723444894439033,0.283036837270751,-0.527251193380094,0.0390601428027055,0.0274798365972107,0.5,1.05913771314057,"hastings_powell_3sp_forced_cycle"
130.145,0.73762439972952,0.273994112852687,-0.518193784758,0.0417742179724232,0.0292707300477197,0.5,1.04652965031165,"hastings_powell_3sp_forced_cycle"
131.905,0.749341447528565,0.266460972656176,-0.50323078014249,0.044423769872979,0.0308419652186213,0.5,1.03151382079681,"hastings_powell_3sp_forced_cycle"
133.665,0.758593419222312,0.260688642782444,-0.482439232087448,0.0469360167264438,0.0321087329714267,0.5,1.01469035237427,"hastings_powell_3sp_forced_cycle"
135.425,0.765381882413379,0.256885578600481,-0.456035609346615,0.0492290040650873,0.0330065146039405,0.5,0.996701467871148,"hastings_powell_3sp_forced_cycle"
137.18,0.769664154066769,0.255241325225019,-0.424519740057972,0.0511850326400934,0.0334969241827857,0.5,0.978290867746191,"hastings_powell_3sp_forced_cycle"
138.94,0.771400720541495,0.255912533430743,-0.388303633804035,0.0526423161661533,0.0335494780138637,0.5,0.960065836380478,"hastings_powell_3sp_forced_cycle"
140.7,0.770483570870683,0.259051339705046,-0.348250615615119,0.0533043359605822,0.0330449349254795,0.5,0.942790671504972,"hastings_powell_3sp_forced_cycle"
142.46,0.766791361477784,0.264776644495072,-0.305577190623037,0.0527262583393721,0.0316634138128742,0.5,0.927155429290169,"hastings_powell_3sp_forced_cycle"
144.215,0.760196444930923,0.273144169527503,-0.26304974557879,0.0504301430232778,0.0289292563131553,0.5,0.913845882708884,"hastings_powell_3sp_forced_cycle"
145.975,0.750485793858938,0.284228378190114,-0.225721283820843,0.0462005130459271,0.0245218887172543,0.5,0.903384987003893,"hastings_powell_3sp_forced_cycle"
147.735,0.737486579789577,0.297943131179661,-0.198158940598785,0.0404588458703067,0.0187394358477614,0.5,0.896350414985708,"hastings_powell_3sp_forced_cycle"
149.495,0.721029158351924,0.314073583515048,-0.179510315298841,0.0342649606103826,0.0125488850924932,0.5,0.893199049490294,"hastings_powell_3sp_forced_cycle"
151.25,0.701077221309551,0.332126205451808,-0.169153696547508,0.0289524485048532,0.00724074988499287,0.5,0.894277309133462,"hastings_powell_3sp_forced_cycle"
153.01,0.677579415692678,0.351449009299078,-0.168548241223923,0.0254824517171745,0.00377275467566221,0.5,0.899813256652329,"hastings_powell_3sp_forced_cycle"
154.77,0.650948305491096,0.370830429045628,-0.178081877858651,0.0241008070147259,0.00239266118537769,0.5,0.909852889188037,"hastings_powell_3sp_forced_cycle"
156.53,0.622036553954872,0.388657137292549,-0.195771076389644,0.024292455622998,0.00257811519958232,0.5,0.924198469396437,"hastings_powell_3sp_forced_cycle"
158.285,0.59250510655799,0.402907833343073,-0.221077356958414,0.0252118608739396,0.0035060344400719,0.5,0.942285585211655,"hastings_powell_3sp_forced_cycle"
160.045,0.564686494369974,0.411597286592467,-0.258823716069055,0.0261593334425499,0.00459474964765343,0.5,0.96334028838381,"hastings_powell_3sp_forced_cycle"
161.805,0.542119687179204,0.413075632152418,-0.307302047904898,0.0268058722611987,0.00575215137100946,0.5,0.986049782343545,"hastings_powell_3sp_forced_cycle"
163.565,0.528803102304479,0.406889144390761,-0.357461529678763,0.0271658882769997,0.00724817431638105,0.5,1.00883762656004,"hastings_powell_3sp_forced_cycle"
165.32,0.528231767971373,0.394185738460926,-0.404625177205767,0.0274054030354194,0.00930079641515861,0.5,1.02996680647088,"hastings_powell_3sp_forced_cycle"
167.08,0.54190909353365,0.377238036728466,-0.44729877951714,0.0276918753014576,0.0118399052466596,0.5,1.04807280238835,"hastings_powell_3sp_forced_cycle"
168.84,0.568088428167085,0.3586859492855,-0.484121360731472,0.0281388785870757,0.0145764034713011,0.5,1.06205097560123,"hastings_powell_3sp_forced_cycle"
170.6,0.60188067126813,0.340433653326095,-0.514152090056223,0.0288094821354944,0.0172665409333354,0.5,1.07138154746698,"hastings_powell_3sp_forced_cycle"
172.355,0.637240984349863,0.323417176553162,-0.536875349500897,0.0297196109626029,0.0198099007980554,0.5,1.07594381319552,"hastings_powell_3sp_forced_cycle"
174.115,0.669913895324697,0.307726944990305,-0.55240662826622,0.0308557339658211,0.0222376738856757,0.5,1.07587462547053,"hastings_powell_3sp_forced_cycle"
175.875,0.697846581158772,0.293355833052388,-0.56085266855587,0.0332771468087057,0.0245878894124878,0.5,1.07137072327238,"hastings_powell_3sp_forced_cycle"
177.635,0.720952525829283,0.28028262190641,-0.562413348608119,0.0364662224977166,0.0268801782730272,0.5,1.06272064019076,"hastings_powell_3sp_forced_cycle"
179.39,0.739836499734226,0.268634622951149,-0.557345235849667,0.0395527618348701,0.0290818436846666,0.5,1.05034101439426,"hastings_powell_3sp_forced_cycle"
181.15,0.755276081785818,0.258534301055951,-0.545517142669811,0.0426035385450788,0.0311346331934658,0.5,1.0346469275323,"hastings_powell_3sp_forced_cycle"
182.91,0.767660549285668,0.250249605591888,-0.52689956862421,0.0456088239133931,0.0329335382439665,0.5,1.01627258630781,"hastings_powell_3sp_forced_cycle"
184.67,0.777222715210722,0.244017910278383,-0.501473272036623,0.0485300080792773,0.0343841137190672,0.5,0.995926838975759,"hastings_powell_3sp_forced_cycle"
186.425,0.784035526690611,0.240068831170787,-0.469557328464717,0.0512940537382296,0.0354389651687216,0.5,0.97445804547253,"hastings_powell_3sp_forced_cycle"
188.185,0.788139929885576,0.23858031551978,-0.431477341544677,0.0538256158860253,0.036146054468132,0.5,0.952571676510077,"hastings_powell_3sp_forced_cycle"
189.945,0.789457908141148,0.239750021306347,-0.388129944251423,0.05595329125487,0.0365930582467123,0.5,0.931167542313077,"hastings_powell_3sp_forced_cycle"
191.705,0.78788635021085,0.243748041391804,-0.341010546319038,0.0572855595390176,0.0366898481984653,0.5,0.911067888959682,"hastings_powell_3sp_forced_cycle"
193.46,0.783289413238546,0.250708192840663,-0.294487585833683,0.0570290464858569,0.0357980365353317,0.5,0.893104375114663,"hastings_powell_3sp_forced_cycle"
195.22,0.775433344597626,0.260807142571679,-0.256387181369961,0.0542062965222348,0.0328294498900099,0.5,0.877905747476359,"hastings_powell_3sp_forced_cycle"
196.98,0.764063700090143,0.27412180238315,-0.22816300531064,0.0484892098867889,0.0272418757180927,0.5,0.866199373740078,"hastings_powell_3sp_forced_cycle"
198.74,0.748871851209887,0.290652812069479,-0.205401822080817,0.0409014281420852,0.0198687400448591,0.5,0.858590121875183,"hastings_powell_3sp_forced_cycle"
200.495,0.729593154597831,0.310172083684095,-0.188499108471781,0.0335145832091699,0.0126301273580419,0.5,0.85560414545502,"hastings_powell_3sp_forced_cycle"
202.255,0.705835727295178,0.332340097709082,-0.180715141144896,0.0281459144159352,0.00730750373243694,0.5,0.857645548462015,"hastings_powell_3sp_forced_cycle"
204.015,0.677520971582832,0.356218351173521,-0.184723185576153,0.0254984575641412,0.00468111106948698,0.5,0.86500990374111,"hastings_powell_3sp_forced_cycle"
205.775,0.644868965242717,0.38031357770293,-0.199831919119959,0.0251632810240146,0.00436687874733159,0.5,0.877772366193073,"hastings_powell_3sp_forced_cycle"
207.53,0.608854289682233,0.402343235846049,-0.22235385574708,0.0261716724717175,0.00532058289740198,0.5,0.895653763647033,"hastings_powell_3sp_forced_cycle"
209.29,0.571195450163092,0.419538262771914,-0.248438217634257,0.0274342442393262,0.00640067982469476,0.5,0.918124445094433,"hastings_powell_3sp_forced_cycle"
211.05,0.535417096490694,0.428700242452082,-0.277202207870877,0.028201860009597,0.00696921951610591,0.5,0.943980463354248,"hastings_powell_3sp_forced_cycle"
212.81,0.506634544948217,0.427469714864723,-0.317148783599596,0.0283737971014645,0.00729218698387677,0.5,0.971481721880032,"hastings_powell_3sp_forced_cycle"
214.565,0.491105653331087,0.415635446669642,-0.370440733804307,0.0282788477386098,0.00820930213100794,0.5,0.998352380286978,"hastings_powell_3sp_forced_cycle"
216.325,0.494279991878314,0.395674032505216,-0.423991686451142,0.0282611571297374,0.0102408885045362,0.5,1.02246066792622,"hastings_powell_3sp_forced_cycle"
218.085,0.518165932619781,0.372004678054757,-0.47151633318383,0.0285220419270036,0.0131117989252009,0.5,1.04189589727042,"hastings_powell_3sp_forced_cycle"
219.845,0.558592455370863,0.348653287080725,-0.510983242593796,0.0291699030176946,0.0162008635646835,0.5,1.05568244016635,"hastings_powell_3sp_forced_cycle"
221.6,0.605988719979745,0.327752409229987,-0.541330138086174,0.030284317132084,0.0191008265772432,0.5,1.0636523819885,"hastings_powell_3sp_forced_cycle"
223.36,0.650995933697973,0.30946021762962,-0.562734758008771,0.0319464272438275,0.0217576422896781,0.5,1.06615857679665,"hastings_powell_3sp_forced_cycle"
225.12,0.688310531285104,0.293352219903414,-0.57548073279018,0.0341227933574638,0.0242464168044244,0.5,1.06360097333915,"hastings_powell_3sp_forced_cycle"
226.88,0.717431978588159,0.278962330858952,-0.58045138849656,0.0366006663349102,0.026650165167877,0.5,1.05639835879632,"hastings_powell_3sp_forced_cycle"
228.635,0.739929235573811,0.266141237611366,-0.57835132231636,0.0392039179066826,0.0289825881828171,0.5,1.04501335040894,"hastings_powell_3sp_forced_cycle"
230.395,0.757657811682772,0.254875505588836,-0.569177606230099,0.0419089832348803,0.0312086235922739,0.5,1.02987105827256,"hastings_powell_3sp_forced_cycle"
232.155,0.771692976835986,0.245395915026868,-0.552904874673818,0.0447104300602228,0.0332218137400303,0.5,1.01159685208268,"hastings_powell_3sp_forced_cycle"
233.915,0.782632874789783,0.237939290131623,-0.52960810319543,0.0475878318091955,0.0349045997667999,0.5,0.990903840832352,"hastings_powell_3sp_forced_cycle"
235.675,0.790732981283647,0.232739551493476,-0.499262242432127,0.0504829987020165,0.0361752143172868,0.5,0.968599030043154,"hastings_powell_3sp_forced_cycle"
237.43,0.796057263348275,0.230014765832115,-0.462344930063661,0.0533063991627247,0.0370535514895333,0.5,0.945614140041996,"hastings_powell_3sp_forced_cycle"
239.19,0.798617225860059,0.229943539925265,-0.419401701599913,0.0559703363615641,0.0377041294956943,0.5,0.922703252594616,"hastings_powell_3sp_forced_cycle"
240.95,0.798313708586001,0.232719819979292,-0.371743563329038,0.0582317329235293,0.0382850585461864,0.5,0.900806486260982,"hastings_powell_3sp_forced_cycle"
242.71,0.795010889151089,0.238520564208291,-0.322455844326017,0.0594308525681246,0.0384744864524427,0.5,0.880762893516516,"hastings_powell_3sp_forced_cycle"
244.465,0.788535477138274,0.247485879986582,-0.279455757960133,0.0583646189423855,0.0370695791082369,0.5,0.863405165909259,"hastings_powell_3sp_forced_cycle"
246.225,0.778588596279261,0.259815618689666,-0.247269589029399,0.0540126885612455,0.0327891939197802,0.5,0.84936113299635,"hastings_powell_3sp_forced_cycle"
247.985,0.764856219576261,0.275581389280226,-0.22139311406141,0.0467889846809691,0.0258033691239268,0.5,0.839348929077062,"hastings_powell_3sp_forced_cycle"
249.745,0.746959943629284,0.294754044365421,-0.200598606261031,0.038762911472071,0.0179786482474732,0.5,0.833962706822595,"hastings_powell_3sp_forced_cycle"
251.5,0.724581348203377,0.317010561509797,-0.188044539780489,0.0323445946168597,0.0116141587326333,0.5,0.833704816122134,"hastings_powell_3sp_forced_cycle"
253.26,0.697277611985356,0.341845315753053,-0.187144766586764,0.0286248000864396,0.0078844148754138,0.5,0.838967876501072,"hastings_powell_3sp_forced_cycle"
255.02,0.665018349804005,0.367990573853792,-0.198753275450937,0.0274002678848806,0.00668479290398263,0.5,0.849987811921773,"hastings_powell_3sp_forced_cycle"
256.78,0.628211604230687,0.393457647282511,-0.220224940098774,0.0278604024747729,0.00716228265539514,0.5,0.866739852387512,"hastings_powell_3sp_forced_cycle"
258.535,0.588290405066997,0.415317168676862,-0.247182375878908,0.0289333804509233,0.00813912819459486,0.5,0.888756167868836,"hastings_powell_3sp_forced_cycle"
260.295,0.547787596169705,0.430147998511495,-0.276325737875923,0.0296268267522987,0.00860699057604364,0.5,0.915246309370881,"hastings_powell_3sp_forced_cycle"
262.055,0.511525334600493,0.434460909817201,-0.309462341040985,0.0295621886424417,0.00839367636710896,0.5,0.944588692502341,"hastings_powell_3sp_forced_cycle"
263.815,0.486137117987222,0.426479015813611,-0.357477322421204,0.0290752891123394,0.00835762981310375,0.5,0.974563100104701,"hastings_powell_3sp_forced_cycle"
265.57,0.478901055703899,0.407648269669644,-0.414477579420039,0.0286964842896974,0.00953029211381771,0.5,1.00248768180509,"hastings_powell_3sp_forced_cycle"
267.33,0.494779695094785,0.382347400745791,-0.468090787594174,0.0287637053332511,0.0120504998215716,0.5,1.02611902175779,"hastings_powell_3sp_forced_cycle"
269.09,0.532759645804871,0.355933240627137,-0.513942961448406,0.0294641065270281,0.0152143860370368,0.5,1.04380490048154,"hastings_powell_3sp_forced_cycle"
270.85,0.584045034130316,0.331857039128,-0.550306449065809,0.0309068281142021,0.0183394625015981,0.5,1.05503910827711,"hastings_powell_3sp_forced_cycle"
272.605,0.636111213517966,0.311074964159198,-0.576509531014275,0.0329958924615669,0.0211842214854643,0.5,1.06004489157257,"hastings_powell_3sp_forced_cycle"
274.365,0.680585726107614,0.292954054533707,-0.593202935084663,0.0354245881478912,0.0238310716876707,0.5,1.05933079670782,"hastings_powell_3sp_forced_cycle"
276.125,0.715108452748064,0.276857215254747,-0.601652960989878,0.0379427087444846,0.0263932544113472,0.5,1.05334596013141,"hastings_powell_3sp_forced_cycle"
277.885,0.741334222518728,0.262419012061168,-0.601244783557254,0.0404609878367612,0.0289283991601497,0.5,1.04253543244789,"hastings_powell_3sp_forced_cycle"
279.64,0.761545088656605,0.249652537580592,-0.594894082845224,0.0429261985175755,0.0313983435333326,0.5,1.02744340175266,"hastings_powell_3sp_forced_cycle"
281.4,0.777509193519907,0.238662809060318,-0.581031139234025,0.0453276286308963,0.0337101877820799,0.5,1.00859374571802,"hastings_powell_3sp_forced_cycle"
283.16,0.79005271871218,0.229739246923375,-0.55900993382789,0.0477298952566445,0.0357059307706805,0.5,0.986771015953974,"hastings_powell_3sp_forced_cycle"
284.92,0.799573993580298,0.223134252766274,-0.529440176096372,0.0503047969402878,0.0372513834327166,0.5,0.962840450797527,"hastings_powell_3sp_forced_cycle"
286.675,0.806202454375962,0.219083498848913,-0.492448094254377,0.0531237619478055,0.0383250114832811,0.5,0.937816476500283,"hastings_powell_3sp_forced_cycle"
288.435,0.809996483499173,0.217767169909804,-0.448562728451368,0.056141011308879,0.0391384807342099,0.5,0.912527049963008,"hastings_powell_3sp_forced_cycle"
290.195,0.810881284751369,0.219392093036666,-0.399245721334419,0.0592380983266437,0.0401158776478982,0.5,0.888004213201959,"hastings_powell_3sp_forced_cycle"
291.955,0.808742074169206,0.224151279765792,-0.347577257184149,0.0619718169365581,0.0414227777199785,0.5,0.865168912672985,"hastings_powell_3sp_forced_cycle"
293.71,0.803413715176643,0.232219058193712,-0.301693691459962,0.0629346232052005,0.0418630801068254,0.5,0.844936934578439,"hastings_powell_3sp_forced_cycle"
295.47,0.794599658841793,0.243847789962113,-0.266422893800778,0.0601588825131851,0.0391535701356897,0.5,0.827988607509045,"hastings_powell_3sp_forced_cycle"
297.23,0.781953573478369,0.259206513065029,-0.236657567781488,0.0531844342182613,0.0325004774361701,0.5,0.815117744109144,"hastings_powell_3sp_forced_cycle"
298.99,0.76502975114372,0.278408783259801,-0.211009756664859,0.0443388398098378,0.0239338982456238,0.5,0.80699157619531,"hastings_powell_3sp_forced_cycle"
300.745,0.743383117767299,0.301327344966662,-0.193066101965779,0.0370456183477693,0.0166281734811255,0.5,0.804206842519621,"hastings_powell_3sp_forced_cycle"
302.505,0.71636572329036,0.327711770908585,-0.187217571769357,0.0327829958726381,0.0122221083175477,0.5,0.807253825062983,"hastings_powell_3sp_forced_cycle"
304.265,0.683616450997773,0.35656939486453,-0.195602312907616,0.0311000538252802,0.0105224242260908,0.5,0.816523019503179,"hastings_powell_3sp_forced_cycle"
306.025,0.645065158548002,0.38612826720335,-0.216377670743718,0.031181267700056,0.0107167414161478,0.5,0.832177514412485,"hastings_powell_3sp_forced_cycle"
307.78,0.601531626602065,0.41342778866666,-0.245023493693101,0.0321279091425093,0.011745544475725,0.5,0.853971668630699,"hastings_powell_3sp_forced_cycle"
309.54,0.554859265827939,0.434566268814236,-0.277097550641557,0.0327659170734788,0.0122933609628844,0.5,0.881339183345811,"hastings_powell_3sp_forced_cycle"
311.3,0.509487230771956,0.444779605755955,-0.309747570724817,0.0323185507447324,0.0115860101678266,0.5,0.912809205982016,"hastings_powell_3sp_forced_cycle"
313.06,0.472548622740359,0.440420719190183,-0.347073751222703,0.0311201168821709,0.0102799094159534,0.5,0.946094795917937,"hastings_powell_3sp_forced_cycle"
314.815,0.453417093287764,0.421444977458273,-0.399888266104002,0.0300836983110614,0.0100569382618238,0.5,0.978081105077923,"hastings_powell_3sp_forced_cycle"
316.575,0.460712941543641,0.392499666370024,-0.458549415662776,0.0297872735275868,0.0118769113842034,0.5,1.00580736230058,"hastings_powell_3sp_forced_cycle"
318.335,0.497511021277206,0.36105511082593,-0.510956679225198,0.03046235238977,0.0150992563664324,0.5,1.02688105820466,"hastings_powell_3sp_forced_cycle"
320.095,0.556062104110559,0.332754084928941,-0.553104061471873,0.0321743923883639,0.0185500280123035,0.5,1.04047764218286,"hastings_powell_3sp_forced_cycle"
321.85,0.61963713356343,0.309360431735228,-0.583534402093105,0.0346099838038408,0.0216496439975185,0.5,1.04695153235275,"hastings_powell_3sp_forced_cycle"
323.61,0.674211824334485,0.28989606547106,-0.60249519069688,0.037260270558418,0.0244310342474932,0.5,1.04712522037165,"hastings_powell_3sp_forced_cycle"
325.37,0.714969901917528,0.273144625117856,-0.611938320349017,0.039884706159973,0.0270606062855554,0.5,1.04168610711043,"hastings_powell_3sp_forced_cycle"
327.13,0.744252583496416,0.258334011322923,-0.61336749962866,0.0424518850212496,0.0296455887829297,0.5,1.03120739089177,"hastings_powell_3sp_forced_cycle"
328.885,0.765759456400723,0.245282553940139,-0.607065878695862,0.0449120046704376,0.0321707986382178,0.5,1.01628422212692,"hastings_powell_3sp_forced_cycle"
330.645,0.782255389607329,0.234021761867778,-0.593475048125779,0.0471820747481333,0.0345447234986958,0.5,0.997459882705071,"hastings_powell_3sp_forced_cycle"
332.405,0.795054848684793,0.224823076786542,-0.572824037365978,0.0491926605787856,0.0365932021633777,0.5,0.975529301141849,"hastings_powell_3sp_forced_cycle"
334.165,0.804758864962363,0.217937227202276,-0.544052781572665,0.0511109528245403,0.0381524114410582,0.5,0.951371143196282,"hastings_powell_3sp_forced_cycle"
335.92,0.811569430748881,0.213601893453215,-0.507546120872196,0.0533372270578397,0.039167479171596,0.5,0.92601812720651,"hastings_powell_3sp_forced_cycle"
337.68,0.815571164257558,0.211995773172791,-0.463928015373046,0.0560823006705453,0.0398406733619009,0.5,0.900315520199943,"hastings_powell_3sp_forced_cycle"
339.44,0.816699386330117,0.213325902392961,-0.414568132659429,0.0592372474543548,0.0406766154262647,0.5,0.875315108041675,"hastings_powell_3sp_forced_cycle"
341.2,0.814846421882654,0.217785881043642,-0.362033663401987,0.0623997441625834,0.0420999825793687,0.5,0.851954931552013,"hastings_powell_3sp_forced_cycle"
342.955,0.809852291613338,0.225555236811102,-0.313636865006524,0.0642052915235562,0.0431652725296969,0.5,0.831167206619119,"hastings_powell_3sp_forced_cycle"
344.715,0.801427106742429,0.236895838133164,-0.276222494315622,0.0624443206475942,0.0413591419185924,0.5,0.813642289407603,"hastings_powell_3sp_forced_cycle"
346.475,0.789225148017092,0.251999523179259,-0.245622239092695,0.0561989999876537,0.0353653975995915,0.5,0.800188852429709,"hastings_powell_3sp_forced_cycle"
348.235,0.772795782646052,0.271017318867612,-0.219386409988192,0.0475567965127731,0.0269772823163042,0.5,0.791490087402279,"hastings_powell_3sp_forced_cycle"
349.995,0.751608501503084,0.293951070044832,-0.200681466784515,0.0400625190794007,0.0194910801632621,0.5,0.788164883871021,"hastings_powell_3sp_forced_cycle"
0,0.6538001,0.3563991,-0.253438466649846,0.020662735878557,0.00314934453582754,0.6,0.9953945,"hastings_powell_3sp_forced_cycle"
1.755,0.640088039482431,0.364702023472318,-0.26480809906328,0.0208052009442932,0.00342657533811628,0.6,1.00091752584203,"hastings_powell_3sp_forced_cycle"
3.515,0.626489232820735,0.371706755643618,-0.279792411921126,0.0214312206388421,0.00425672366305414,0.6,1.00836551371248,"hastings_powell_3sp_forced_cycle"
5.275,0.613991579714777,0.376774391470463,-0.297666781549554,0.0224170206535127,0.00553981286293085,0.6,1.01735717304851,"hastings_powell_3sp_forced_cycle"
7.035,0.60366679406303,0.379418836345447,-0.317446024196741,0.0236518592455633,0.00717636782131707,0.6,1.02740389458773,"hastings_powell_3sp_forced_cycle"
8.79,0.596605040183043,0.379384701058154,-0.337977868637062,0.0250588134231537,0.00907326041251065,0.6,1.03789500005187,"hastings_powell_3sp_forced_cycle"
10.55,0.593659753958126,0.37670358421678,-0.358321554839664,0.0266155531056085,0.0111618247104996,0.6,1.0482648230892,"hastings_powell_3sp_forced_cycle"
12.31,0.595360065837755,0.371692022985537,-0.377461785476441,0.028314117762962,0.0133559394539172,0.6,1.05786858820885,"hastings_powell_3sp_forced_cycle"
14.07,0.601650676942825,0.364880103999582,-0.394570352792193,0.0301478722387524,0.0155712167398734,0.6,1.06616066643122,"hastings_powell_3sp_forced_cycle"
15.825,0.611847838482805,0.356905255754461,-0.408927667786542,0.0320765061727235,0.0177209797329449,0.6,1.07269302305686,"hastings_powell_3sp_forced_cycle"
17.585,0.624907261841769,0.348297433568391,-0.420087494009729,0.0340436131264337,0.0197492951651637,0.6,1.07720486912042,"hastings_powell_3sp_forced_cycle"
19.345,0.639514273609596,0.339546504371308,-0.4276372272745,0.0359607606895614,0.0215972537171332,0.6,1.07950719408776,"hastings_powell_3sp_forced_cycle"
21.105,0.654473985262021,0.330999727018259,-0.431399573853677,0.0377501338787517,0.0232246175785654,0.6,1.07954697902183,"hastings_powell_3sp_forced_cycle"
22.86,0.668828932191692,0.322931229380006,-0.431269576830311,0.0393437066816904,0.0245935275223769,0.6,1.07737563685989,"hastings_powell_3sp_forced_cycle"
24.62,0.682062326337216,0.315488549318442,-0.427341520126418,0.0406983170601972,0.0256774838287145,0.6,1.07310206772403,"hastings_powell_3sp_forced_cycle"
26.38,0.693791671421821,0.308861026119694,-0.419755186315856,0.0417615940695683,0.0264344417958388,0.6,1.0669200179981,"hastings_powell_3sp_forced_cycle"
28.14,0.70384346348006,0.303202085194124,-0.408786143438499,0.0424846477546977,0.0268223163057189,0.6,1.05908254306022,"hastings_powell_3sp_forced_cycle"
29.895,0.712109461739317,0.298669129968684,-0.394844019322967,0.0428126353476787,0.0267960851878606,0.6,1.04992653424292,"hastings_powell_3sp_forced_cycle"
31.655,0.718584156178407,0.295373268097114,-0.378333473226839,0.0426867334753142,0.0263087554932041,0.6,1.03975664495916,"hastings_powell_3sp_forced_cycle"
33.415,0.723197339858913,0.293452728522071,-0.359895395751627,0.0420446737436956,0.0253180242458552,0.6,1.02899342536115,"hastings_powell_3sp_forced_cycle"
35.175,0.725903953596263,0.293011980223834,-0.340278585249174,0.0408428754590207,0.0238011176069646,0.6,1.01805969475914,"hastings_powell_3sp_forced_cycle"
36.93,0.726657532547975,0.294124847146894,-0.320458280037568,0.0390872821585518,0.0217823683643891,0.6,1.00742098535297,"hastings_powell_3sp_forced_cycle"
38.69,0.725416138576194,0.296844768438624,-0.301430448682876,0.0368380318603715,0.0193312759138963,0.6,0.997450860227122,"hastings_powell_3sp_forced_cycle"
40.45,0.722134722507537,0.301177312578799,-0.284525292175,0.0342507130988832,0.016607363651238,0.6,0.98860061437772,"hastings_powell_3sp_forced_cycle"
42.21,0.716787834422661,0.307076824273419,-0.271004239366912,0.03154219833705,0.0138238679239379,0.6,0.981261965093255,"hastings_powell_3sp_forced_cycle"
43.965,0.709401322954858,0.314408066700013,-0.261794186858901,0.0289617649004077,0.011220833563633,0.6,0.975796707149518,"hastings_powell_3sp_forced_cycle"
45.725,0.699980802154498,0.323016556874882,-0.257152851070294,0.0267137450955,0.00898902880955662,0.6,0.972465346270801,"hastings_powell_3sp_forced_cycle"
47.485,0.688664161603123,0.332583577967419,-0.256990997493655,0.0249664983876546,0.00728316140757251,0.6,0.97150637286596,"hastings_powell_3sp_forced_cycle"
49.245,0.675677446581384,0.342689873412276,-0.261123091187385,0.0238079695011283,0.00618388034440699,0.6,0.973050706693969,"hastings_powell_3sp_forced_cycle"
51,0.661436067702918,0.352761959283035,-0.269450652064117,0.0232560794321415,0.00571400958846413,0.6,0.977106774429847,"hastings_powell_3sp_forced_cycle"
52.76,0.64642114978099,0.362199905383888,-0.281969733813376,0.02326153013198,0.00584356128885476,0.6,0.983595961459849,"hastings_powell_3sp_forced_cycle"
54.52,0.631458997791271,0.370244979781028,-0.298383499995809,0.0237303293626611,0.00650685156261261,0.6,0.992267434245746,"hastings_powell_3sp_forced_cycle"
56.28,0.617566284401301,0.376176838357544,-0.318013084357838,0.0245421830210553,0.00761386077434812,0.6,1.00272943709355,"hastings_powell_3sp_forced_cycle"
58.035,0.60596848687844,0.379393773857692,-0.33976564003306,0.025585214228627,0.0090720049207863,0.6,1.01441295091652,"hastings_powell_3sp_forced_cycle"
59.795,0.597845377411478,0.379565306524018,-0.36258229471837,0.026797617345117,0.010817399798761,0.6,1.02673506668811,"hastings_powell_3sp_forced_cycle"
61.555,0.594321642921751,0.37666580616914,-0.385230442735099,0.0281591945068121,0.0127845579902699,0.6,1.0389450559973,"hastings_powell_3sp_forced_cycle"
63.315,0.596061123870807,0.371030656828773,-0.40663506588152,0.0296898238759459,0.0149085324524851,0.6,1.05032192997273,"hastings_powell_3sp_forced_cycle"
65.07,0.603052204813271,0.363279662419718,-0.425797232687665,0.0314100483716497,0.0171085747104568,0.6,1.06018665778834,"hastings_powell_3sp_forced_cycle"
66.83,0.614632770094352,0.354069727315695,-0.442033534651509,0.0333240732021623,0.0193195539711479,0.6,1.06806513086059,"hastings_powell_3sp_forced_cycle"
68.59,0.629519372197654,0.34408191978815,-0.454660001996157,0.0353713847839561,0.0214646495865988,0.6,1.07354463178281,"hastings_powell_3sp_forced_cycle"
70.35,0.646202626745148,0.333850121964636,-0.463208520833773,0.0374604441116979,0.023485966959974,0.6,1.07639240546434,"hastings_powell_3sp_forced_cycle"
72.105,0.663241109835139,0.323796416320752,-0.467421966552736,0.0394892048995502,0.0253309676548982,0.6,1.07651206383283,"hastings_powell_3sp_forced_cycle"
73.865,0.679680984389588,0.314152347156616,-0.467023541205177,0.0413868385498428,0.0269663515385648,0.6,1.07391730002991,"hastings_powell_3sp_forced_cycle"
75.625,0.694803926288702,0.305178013887564,-0.461863205056719,0.043079834101802,0.0283402989717814,0.6,1.0687153880957,"hastings_powell_3sp_forced_cycle"
77.385,0.708243127479364,0.297079742206996,-0.452481216442321,0.0445083018189775,0.029401104893767,0.6,1.06110810690895,"hastings_powell_3sp_forced_cycle"
79.14,0.719786736106669,0.290073356401491,-0.438844174928337,0.0456081110945581,0.0300894572492667,0.6,1.0514123732706,"hastings_powell_3sp_forced_cycle"
80.9,0.729408144848107,0.284310095392708,-0.421293515103329,0.0463119545291924,0.0303438656217321,0.6,1.03993700788953,"hastings_powell_3sp_forced_cycle"
82.66,0.737010801763907,0.279993471049309,-0.400306630266241,0.046519690481404,0.0300848424373741,0.6,1.02714024588821,"hastings_powell_3sp_forced_cycle"
84.42,0.742538397356448,0.27729029012745,-0.376485082666588,0.0461093876678737,0.0292218466282142,0.6,1.01351050975274,"hastings_powell_3sp_forced_cycle"
86.175,0.745922843412859,0.27634730953287,-0.350649595357794,0.0449581070246422,0.0276684064148211,0.6,0.999614025327427,"hastings_powell_3sp_forced_cycle"
87.935,0.74711436113739,0.277281024272839,-0.32358284598733,0.0429789985537843,0.0253624030390942,0.6,0.985917233366602,"hastings_powell_3sp_forced_cycle"
89.695,0.746023628010518,0.280189190083682,-0.296548070923845,0.0402115345033959,0.0223546898659223,0.6,0.973008714365856,"hastings_powell_3sp_forced_cycle"
91.455,0.742568728186451,0.28512698987058,-0.271114258770729,0.0368582553410463,0.0188419205554164,0.6,0.961423003641043,"hastings_powell_3sp_forced_cycle"
93.21,0.736687789965515,0.292077431950166,-0.249467420567912,0.0332774076473328,0.0151684475647905,0.6,0.951689123584776,"hastings_powell_3sp_forced_cycle"
94.97,0.728275265207487,0.301017854688309,-0.233993022719522,0.0298492389045075,0.0116981924956218,0.6,0.9442099990719,"hastings_powell_3sp_forced_cycle"
96.73,0.717300544112481,0.31177449375379,-0.226128134014795,0.0269204009436736,0.00876149323224734,0.6,0.939415787085696,"hastings_powell_3sp_forced_cycle"
98.49,0.703778299994857,0.324062004926889,-0.225094677766034,0.0246891335818792,0.00654033500104024,0.6,0.937629208351213,"hastings_powell_3sp_forced_cycle"
100.245,0.68787588575098,0.337389144672024,-0.229747941676323,0.0232288106061966,0.00509853041584904,0.6,0.939066814590806,"hastings_powell_3sp_forced_cycle"
102.005,0.669788605772363,0.351179510352532,-0.240048215875992,0.0225249096631214,0.00442531454088907,0.6,0.943839567292332,"hastings_powell_3sp_forced_cycle"
103.765,0.650094239712653,0.364524907383286,-0.256513004815508,0.0225205586226756,0.00448242855941821,0.6,0.951898863016858,"hastings_powell_3sp_forced_cycle"
105.525,0.629668502878332,0.376362289980929,-0.279001509679763,0.023085235787998,0.00517216634208855,0.6,0.963010996098843,"hastings_powell_3sp_forced_cycle"
107.28,0.6098554691658,0.385512422937065,-0.306093539592474,0.0240296929188937,0.00635118448664098,0.6,0.976687619297243,"hastings_powell_3sp_forced_cycle"
109.04,0.592252585163255,0.390960554479296,-0.336055636567439,0.025178267109666,0.00790196954176212,0.6,0.99233720259918,"hastings_powell_3sp_forced_cycle"
110.8,0.578935963634865,0.39194591424417,-0.367008961488224,0.0264184355434271,0.0097567748739969,0.6,1.00904661315413,"hastings_powell_3sp_forced_cycle"
112.56,0.571912665080486,0.38831340445746,-0.397406047227314,0.0277396279983467,0.0118938111433075,0.6,1.02579401417164,"hastings_powell_3sp_forced_cycle"
114.315,0.57265694332326,0.380601870726879,-0.425851430155121,0.0292106990536962,0.0142720854675368,0.6,1.04147863063588,"hastings_powell_3sp_forced_cycle"
116.075,0.581583141336776,0.369798736014292,-0.45134582101707,0.0309485849738404,0.0168258071079453,0.6,1.05522581487945,"hastings_powell_3sp_forced_cycle"
117.835,0.597709964264699,0.357143476863417,-0.472918204685021,0.0330181208140463,0.0194384950546369,0.6,1.06622195344823,"hastings_powell_3sp_forced_cycle"
119.595,0.618835804502731,0.343709290443382,-0.489654072812779,0.0353783865982103,0.0220067887834739,0.6,1.07394763732967,"hastings_powell_3sp_forced_cycle"
121.355,0.642259159717445,0.33024636993484,-0.501206525822112,0.0378905180511331,0.0244559806583156,0.6,1.0781158087764,"hastings_powell_3sp_forced_cycle"
123.11,0.665547892398042,0.317239406694798,-0.508837077382536,0.0403939440502592,0.0267299598050334,0.6,1.07862707068993,"hastings_powell_3sp_forced_cycle"
124.87,0.687285069207865,0.304881540531165,-0.508307932410627,0.0427887869052665,0.0288001992320114,0.6,1.07551968612183,"hastings_powell_3sp_forced_cycle"
126.63,0.706657319068165,0.293413380387299,-0.502259507515804,0.0449916744489643,0.0306133683218061,0.6,1.06893696015386,"hastings_powell_3sp_forced_cycle"
128.39,0.723444894439033,0.283036837270751,-0.488299826836474,0.0469464335907196,0.0321141644717552,0.6,1.05913771314057,"hastings_powell_3sp_forced_cycle"
130.145,0.73762439972952,0.273994112852687,-0.470646395310901,0.0485956312151214,0.0332392115092077,0.6,1.04652965031165,"hastings_powell_3sp_forced_cycle"
131.905,0.749341447528565,0.266460972656176,-0.447767555003195,0.0498768594896338,0.0339288615847383,0.6,1.03151382079681,"hastings_powell_3sp_forced_cycle"
133.665,0.758593419222312,0.260688642782444,-0.420076975556866,0.0506580781361782,0.0340893862629747,0.6,1.01469035237427,"hastings_powell_3sp_forced_cycle"
135.425,0.765381882413379,0.256885578600481,-0.388180208037549,0.0507142035143905,0.0335652659815945,0.6,0.996701467871148,"hastings_powell_3sp_forced_cycle"
137.18,0.769664154066769,0.255241325225019,-0.353071690833177,0.0497214542312304,0.0321116280930341,0.6,0.978290867746191,"hastings_powell_3sp_forced_cycle"
138.94,0.771400720541495,0.255912533430743,-0.316426890468884,0.0473476325368585,0.0294405596295279,0.6,0.960065836380478,"hastings_powell_3sp_forced_cycle"
140.7,0.770483570870683,0.259051339705046,-0.282353516158487,0.043494126596912,0.0254475669836214,0.6,0.942790671504972,"hastings_powell_3sp_forced_cycle"
142.46,0.766791361477784,0.264776644495072,-0.254874909987448,0.038500323785077,0.0204180468878213,0.6,0.927155429290169,"hastings_powell_3sp_forced_cycle"
144.215,0.760196444930923,0.273144169527503,-0.233519762162685,0.0331495543672472,0.0150654858002722,0.6,0.913845882708884,"hastings_powell_3sp_forced_cycle"
145.975,0.750485793858938,0.284228378190114,-0.216834528643866,0.0283033606325482,0.0102071865364493,0.6,0.903384987003893,"hastings_powell_3sp_forced_cycle"
147.735,0.737486579789577,0.297943131179661,-0.205766023464379,0.024563854969226,0.00644516326234349,0.6,0.896350414985708,"hastings_powell_3sp_forced_cycle"
149.495,0.721029158351924,0.314073583515048,-0.201792231074295,0.0220163221803916,0.00388276723402398,0.6,0.893199049490294,"hastings_powell_3sp_forced_cycle"
151.25,0.701077221309551,0.332126205451808,-0.205521042270172,0.0204879545674703,0.00235702776920037,0.6,0.894277309133462,"hastings_powell_3sp_forced_cycle"
153.01,0.677579415692678,0.351449009299078,-0.216494147096427,0.0198659117735037,0.00175397665440257,0.6,0.899813256652329,"hastings_powell_3sp_forced_cycle"
154.77,0.650948305491096,0.370830429045628,-0.233258161670578,0.0201499952998849,0.00206098717808585,0.6,0.909852889188037,"hastings_powell_3sp_forced_cycle"
156.53,0.622036553954872,0.388657137292549,-0.254044745955782,0.021219266538539,0.00313956538519542,0.6,0.924198469396437,"hastings_powell_3sp_forced_cycle"
158.285,0.59250510655799,0.402907833343073,-0.279090656868333,0.0227363445931881,0.00466939414248294,0.6,0.942285585211655,"hastings_powell_3sp_forced_cycle"
160.045,0.564686494369974,0.411597286592467,-0.312943455878546,0.0243343089331018,0.00638985317324915,0.6,0.96334028838381,"hastings_powell_3sp_forced_cycle"
161.805,0.542119687179204,0.413075632152418,-0.35453778611555,0.0258036217576372,0.00828390195265522,0.6,0.986049782343545,"hastings_powell_3sp_forced_cycle"
163.565,0.528803102304479,0.406889144390761,-0.396520051058317,0.0271668031549301,0.0105325592257687,0.6,1.00883762656004,"hastings_powell_3sp_forced_cycle"
165.32,0.528231767971373,0.394185738460926,-0.434988780174225,0.0286021154951642,0.0132424536724674,0.6,1.02996680647088,"hastings_powell_3sp_forced_cycle"
167.08,0.54190909353365,0.377238036728466,-0.468653653403827,0.0303669973640335,0.0163178045665715,0.6,1.04807280238835,"hastings_powell_3sp_forced_cycle"
168.84,0.568088428167085,0.3586859492855,-0.495868070825981,0.0326473601857743,0.0194970852946318,0.6,1.06205097560123,"hastings_powell_3sp_forced_cycle"
170.6,0.60188067126813,0.340433653326095,-0.516996214471181,0.0353936773889671,0.0225591826929095,0.6,1.07138154746698,"hastings_powell_3sp_forced_cycle"
172.355,0.637240984349863,0.323417176553162,-0.5336383616397,0.0383260838383901,0.0253895866604979,0.6,1.07594381319552,"hastings_powell_3sp_forced_cycle"
174.115,0.669913895324697,0.307726944990305,-0.539246232250054,0.0412175697428533,0.0279791431229788,0.6,1.07587462547053,"hastings_powell_3sp_forced_cycle"
175.875,0.697846581158772,0.293355833052388,-0.554517744447956,0.0439427183224503,0.0303131693058124,0.6,1.07137072327238,"hastings_powell_3sp_forced_cycle"
177.635,0.720952525829283,0.28028262190641,-0.536207539636821,0.0464571294470152,0.0323692170766297,0.6,1.06272064019076,"hastings_powell_3sp_forced_cycle"
179.39,0.739836499734226,0.268634622951149,-0.510904519166819,0.048732881353826,0.0341025416166216,0.6,1.05034101439426,"hastings_powell_3sp_forced_cycle"
181.15,0.755276081785818,0.258534301055951,-0.488845569882954,0.0507603113771044,0.0354813718720776,0.6,1.0346469275323,"hastings_powell_3sp_forced_cycle"
182.91,0.767660549285668,0.250249605591888,-0.460980665341872,0.0524793549270528,0.0364654520136373,0.6,1.01627258630781,"hastings_powell_3sp_forced_cycle"
184.67,0.777222715210722,0.244017910278383,-0.427372732974052,0.0537401339929695,0.0369862317715062,0.6,0.995926838975759,"hastings_powell_3sp_forced_cycle"
186.425,0.784035526690611,0.240068831170787,-0.389506090799087,0.0541911646116672,0.0368254582951016,0.6,0.97445804547253,"hastings_powell_3sp_forced_cycle"
188.185,0.788139929885576,0.23858031551978,-0.350094640623319,0.0532279147900188,0.0354970895698209,0.6,0.952571676510077,"hastings_powell_3sp_forced_cycle"
189.945,0.789457908141148,0.239750021306347,-0.315760515752076,0.0501845527477237,0.0323817618885185,0.6,0.931167542313077,"hastings_powell_3sp_forced_cycle"
191.705,0.78788635021085,0.243748041391804,-0.2889302353554,0.0448741331735763,0.0272462008690065,0.6,0.911067888959682,"hastings_powell_3sp_forced_cycle"
193.46,0.783289413238546,0.250708192840663,-0.265704695025749,0.0380772910399268,0.020740966251194,0.6,0.893104375114663,"hastings_powell_3sp_forced_cycle"
195.22,0.775433344597626,0.260807142571679,-0.245164548103095,0.031328439720275,0.0141980546105377,0.6,0.877905747476359,"hastings_powell_3sp_forced_cycle"
196.98,0.764063700090143,0.27412180238315,-0.229366998551076,0.0261479508897981,0.00900960209931658,0.6,0.866199373740078,"hastings_powell_3sp_forced_cycle"
198.74,0.748871851209887,0.290652812069479,-0.220365584413535,0.0229211922556495,0.00566123572702661,0.6,0.858590121875183,"hastings_powell_3sp_forced_cycle"
200.495,0.729593154597831,0.310172083684095,-0.219038093224283,0.0210418910926701,0.00370360631866927,0.6,0.85560414545502,"hastings_powell_3sp_forced_cycle"
202.255,0.705835727295178,0.332340097709082,-0.225367840689278,0.0199259364088175,0.00261400199122583,0.6,0.857645548462015,"hastings_powell_3sp_forced_cycle"
204.015,0.677520971582832,0.356218351173521,-0.238944954716097,0.0195605621035688,0.0023671447926727,0.6,0.86500990374111,"hastings_powell_3sp_forced_cycle"
205.775,0.644868965242717,0.38031357770293,-0.258571212570363,0.0201890984992025,0.00311854152082027,0.6,0.877772366193073,"hastings_powell_3sp_forced_cycle"
207.53,0.608854289682233,0.402343235846049,-0.281917435002119,0.021730038485999,0.00464215353376288,0.6,0.895653763647033,"hastings_powell_3sp_forced_cycle"
209.29,0.571195450163092,0.419538262771914,-0.306607701418794,0.0236535790073788,0.00634931699757296,0.6,0.918124445094433,"hastings_powell_3sp_forced_cycle"
211.05,0.535417096490694,0.428700242452082,-0.332307905067703,0.0254026884841644,0.00784342685802547,0.6,0.943980463354248,"hastings_powell_3sp_forced_cycle"
212.81,0.506634544948217,0.427469714864723,-0.366240551959094,0.0268008433175075,0.00933051243012295,0.6,0.971481721880032,"hastings_powell_3sp_forced_cycle"
214.565,0.491105653331087,0.415635446669642,-0.410243509739772,0.0280097967920551,0.0113604057808943,0.6,0.998352380286978,"hastings_powell_3sp_forced_cycle"
216.325,0.494279991878314,0.395674032505216,-0.453406722377205,0.029351096735289,0.0142288622379427,0.6,1.02246066792622,"hastings_powell_3sp_forced_cycle"
218.085,0.518165932619781,0.372004678054757,-0.490526872571401,0.031173827063743,0.0176639923069208,0.6,1.04189589727042,"hastings_powell_3sp_forced_cycle"
219.845,0.558592455370863,0.348653287080725,-0.518366849441798,0.0337020134568657,0.021161634790113,0.6,1.05568244016635,"hastings_powell_3sp_forced_cycle"
221.6,0.605988719979745,0.327752409229987,-0.536207539636821,0.0367287365414334,0.0243812013545731,0.6,1.0636523819885,"hastings_powell_3sp_forced_cycle"
223.36,0.650995933697973,0.30946021762962,-0.547759992646153,0.0398375225061987,0.0272614072059882,0.6,1.06615857679665,"hastings_powell_3sp_forced_cycle"
225.12,0.688310531285104,0.293352219903414,-0.547759992646153,0.0427864770466644,0.029827903649594,0.6,1.06360097333915,"hastings_powell_3sp_forced_cycle"
226.88,0.717431978588159,0.278962330858952,NA,0.045531675613629,0.0321131541971811,0.6,1.05639835879632,"hastings_powell_3sp_forced_cycle"
228.635,0.739929235573811,0.266141237611366,-0.536207539636821,0.0480757168391402,0.0341069173482621,0.6,1.04501335040894,"hastings_powell_3sp_forced_cycle"
230.395,0.757657811682772,0.254875505588836,-0.516657983665159,0.0504410721195665,0.0357951982492186,0.6,1.02987105827256,"hastings_powell_3sp_forced_cycle"
232.155,0.771692976835986,0.245395915026868,-0.488856366571701,0.0526036816605343,0.0371548344301585,0.6,1.01159685208268,"hastings_powell_3sp_forced_cycle"
233.915,0.782632874789783,0.237939290131623,-0.455939051592239,0.0544792416608404,0.0381727005590948,0.6,0.990903840832352,"hastings_powell_3sp_forced_cycle"
235.675,0.790732981283647,0.232739551493476,-0.418129956714545,0.0558172150615953,0.0387418918586848,0.6,0.968599030043154,"hastings_powell_3sp_forced_cycle"
237.43,0.796057263348275,0.230014765832115,-0.377452224880333,0.0560602155983244,0.0384668237130434,0.6,0.945614140041996,"hastings_powell_3sp_forced_cycle"
239.19,0.798617225860059,0.229943539925265,-0.339555197206583,0.0543589597698144,0.036581573853951,0.6,0.922703252594616,"hastings_powell_3sp_forced_cycle"
240.95,0.798313708586001,0.232719819979292,-0.309726070487329,0.0500498133013104,0.0323995891625875,0.6,0.900806486260982,"hastings_powell_3sp_forced_cycle"
242.71,0.795010889151089,0.238520564208291,-0.284507125754979,0.043450849961456,0.0261325665040926,0.6,0.880762893516516,"hastings_powell_3sp_forced_cycle"
244.465,0.788535477138274,0.247485879986582,-0.261841614674994,0.0361599446850718,0.0191634944811067,0.6,0.863405165909259,"hastings_powell_3sp_forced_cycle"
246.225,0.778588596279261,0.259815618689666,-0.243319238924563,0.0301707743447016,0.0132415500496028,0.6,0.84936113299635,"hastings_powell_3sp_forced_cycle"
247.985,0.764856219576261,0.275581389280226,-0.231371846940139,0.026453201780408,0.00936293898062092,0.6,0.839348929077062,"hastings_powell_3sp_forced_cycle"
249.745,0.746959943629284,0.294754044365421,-0.227145354310325,0.0243921666200585,0.00714065321446461,0.6,0.833962706822595,"hastings_powell_3sp_forced_cycle"
251.5,0.724581348203377,0.317010561509797,-0.230618594797111,0.0230530846036917,0.00575923903454985,0.6,0.833704816122134,"hastings_powell_3sp_forced_cycle"
253.26,0.697277611985356,0.341845315753053,-0.241575379479236,0.0221445767858801,0.0049393471231695,0.6,0.838967876501072,"hastings_powell_3sp_forced_cycle"
255.02,0.665018349804005,0.367990573853792,-0.259495027937513,0.0219895405782749,0.0049548643979568,0.6,0.849987811921773,"hastings_powell_3sp_forced_cycle"
256.78,0.628211604230687,0.393457647282511,-0.282784793823923,0.0228673024778024,0.00594638724811322,0.6,0.866739852387512,"hastings_powell_3sp_forced_cycle"
258.535,0.588290405066997,0.415317168676862,-0.308745086825292,0.0244607494447026,0.00744311317286731,0.6,0.888756167868836,"hastings_powell_3sp_forced_cycle"
260.295,0.547787596169705,0.430147998511495,-0.335205137687516,0.0261006243177454,0.00878837770670849,0.6,0.915246309370881,"hastings_powell_3sp_forced_cycle"
262.055,0.511525334600493,0.434460909817201,-0.363875129682384,0.0273758866427112,0.00984466541623555,0.6,0.944588692502341,"hastings_powell_3sp_forced_cycle"
263.815,0.486137117987222,0.426479015813611,-0.403873240673503,0.0283470316123621,0.0111566174924644,0.6,0.974563100104701,"hastings_powell_3sp_forced_cycle"
265.57,0.478901055703899,0.407648269669644,-0.450281374128671,0.0293042911521329,0.0133387033123482,0.6,1.00248768180509,"hastings_powell_3sp_forced_cycle"
267.33,0.494779695094785,0.382347400745791,-0.492726813786508,0.0305908845426414,0.0164417487698184,0.6,1.02611902175779,"hastings_powell_3sp_forced_cycle"
269.09,0.532759645804871,0.355933240627137,-0.527693779240721,0.0325288789716571,0.0199518795845781,0.6,1.04380490048154,"hastings_powell_3sp_forced_cycle"
270.85,0.584045034130316,0.331857039128,-0.566070197457289,0.0352163890304021,0.0233522418399303,0.6,1.05503910827711,"hastings_powell_3sp_forced_cycle"
272.605,0.636111213517966,0.311074964159198,NA,0.0382900991497442,0.0264258187811569,0.6,1.06004489157257,"hastings_powell_3sp_forced_cycle"
274.365,0.680585726107614,0.292954054533707,-Inf,0.0413707671276215,0.0291985348300774,0.6,1.05933079670782,"hastings_powell_3sp_forced_cycle"
276.125,0.715108452748064,0.276857215254747,NA,0.0443148214245193,0.0317101085230723,0.6,1.05334596013141,"hastings_powell_3sp_forced_cycle"
277.885,0.741334222518728,0.262419012061168,-0.554517744447956,0.0471248134696972,0.0339722706987785,0.6,1.04253543244789,"hastings_powell_3sp_forced_cycle"
279.64,0.761545088656605,0.249652537580592,-0.531412838429291,0.0498231319842339,0.0359616425371493,0.6,1.02744340175266,"hastings_powell_3sp_forced_cycle"
281.4,0.777509193519907,0.238662809060318,-0.516255556522025,0.05244200719097,0.037684989049777,0.6,1.00859374571802,"hastings_powell_3sp_forced_cycle"
283.16,0.79005271871218,0.229739246923375,-0.4836087352244,0.054945474285727,0.0391776529381975,0.6,0.986771015953974,"hastings_powell_3sp_forced_cycle"
284.92,0.799573993580298,0.223134252766274,-0.445001460672116,0.0571891439275148,0.0404678884913937,0.6,0.962840450797527,"hastings_powell_3sp_forced_cycle"
286.675,0.806202454375962,0.219083498848913,-0.402875977553668,0.0587088066045185,0.0413126463796897,0.6,0.937816476500283,"hastings_powell_3sp_forced_cycle"
288.435,0.809996483499173,0.217767169909804,-0.363030650062514,0.0584853891000374,0.0408389521915908,0.6,0.912527049963008,"hastings_powell_3sp_forced_cycle"
290.195,0.810881284751369,0.219392093036666,-0.33113346827926,0.0552068197984231,0.0377361751266502,0.6,0.888004213201959,"hastings_powell_3sp_forced_cycle"
291.955,0.808742074169206,0.224151279765792,-0.303305699248684,0.0485092199515181,0.031562190816613,0.6,0.865168912672985,"hastings_powell_3sp_forced_cycle"
293.71,0.803413715176643,0.232219058193712,-0.277334459175406,0.0400585901841525,0.0237466806238593,0.6,0.844936934578439,"hastings_powell_3sp_forced_cycle"
295.47,0.794599658841793,0.243847789962113,-0.255122307179136,0.0328803349427257,0.0167660014326059,0.6,0.827988607509045,"hastings_powell_3sp_forced_cycle"
297.23,0.781953573478369,0.259206513065029,-0.239697473286726,0.0288568314280044,0.0123692962210926,0.6,0.815117744109144,"hastings_powell_3sp_forced_cycle"
298.99,0.76502975114372,0.278408783259801,-0.232517104303286,0.0270829770156788,0.010187144253033,0.6,0.80699157619531,"hastings_powell_3sp_forced_cycle"
300.745,0.743383117767299,0.301327344966662,-0.233366735837648,0.0259759219033224,0.00890105758474132,0.6,0.804206842519621,"hastings_powell_3sp_forced_cycle"
302.505,0.71636572329036,0.327711770908585,-0.241918652191101,0.0248869770830079,0.00786686499692305,0.6,0.807253825062983,"hastings_powell_3sp_forced_cycle"
304.265,0.683616450997773,0.35656939486453,-0.258165619460467,0.0241469095298918,0.00738624534482638,0.6,0.816523019503179,"hastings_powell_3sp_forced_cycle"
306.025,0.645065158548002,0.38612826720335,-0.281286583826881,0.0243985533884051,0.00798301883717003,0.6,0.832177514412485,"hastings_powell_3sp_forced_cycle"
307.78,0.601531626602065,0.41342778866666,-0.308787307319505,0.0256966113019587,0.00944339650007141,0.6,0.853971668630699,"hastings_powell_3sp_forced_cycle"
309.54,0.554859265827939,0.434566268814236,-0.337749294671199,0.027302900701566,0.0108430441423062,0.6,0.881339183345811,"hastings_powell_3sp_forced_cycle"
311.3,0.509487230771956,0.444779605755955,-0.366071528813366,0.0285046751122076,0.011573931951758,0.6,0.912809205982016,"hastings_powell_3sp_forced_cycle"
313.06,0.472548622740359,0.440420719190183,-0.397244048717138,0.0292618437547022,0.0120654485557573,0.6,0.946094795917937,"hastings_powell_3sp_forced_cycle"
314.815,0.453417093287764,0.421444977458273,-0.440265128254493,0.0299202612305941,0.0133502709356308,0.6,0.978081105077923,"hastings_powell_3sp_forced_cycle"
316.575,0.460712941543641,0.392499666370024,-0.487049234273706,0.0308327425660967,0.0159788954974581,0.6,1.00580736230058,"hastings_powell_3sp_forced_cycle"
318.335,0.497511021277206,0.36105511082593,-0.526105276243983,0.0323144670605498,0.0195064762976478,0.6,1.02688105820466,"hastings_powell_3sp_forced_cycle"
320.095,0.556062104110559,0.332754084928941,-0.566070197457289,0.0346181387112102,0.0231134486544051,0.6,1.04047764218286,"hastings_powell_3sp_forced_cycle"
321.85,0.61963713356343,0.309360431735228,-0.566070197457289,0.0375590055533634,0.0263499337686742,0.6,1.04695153235275,"hastings_powell_3sp_forced_cycle"
323.61,0.674211824334485,0.28989606547106,NA,0.0406433486125988,0.0292062400932286,0.6,1.04712522037165,"hastings_powell_3sp_forced_cycle"
325.37,0.714969901917528,0.273144625117856,NA,0.0436267813400631,0.0317638744899843,0.6,1.04168610711043,"hastings_powell_3sp_forced_cycle"
327.13,0.744252583496416,0.258334011322923,-0.554517744447956,0.0465163308366415,0.0340745900428593,0.6,1.03120739089177,"hastings_powell_3sp_forced_cycle"
328.885,0.765759456400723,0.245282553940139,-0.542965291438624,0.0493586251953755,0.0361357156514499,0.6,1.01628422212692,"hastings_powell_3sp_forced_cycle"
330.645,0.782255389607329,0.234021761867778,-0.517897334825686,0.0521960773218343,0.0379630424504135,0.6,0.997459882705071,"hastings_powell_3sp_forced_cycle"
332.405,0.795054848684793,0.224823076786542,-0.498328346474506,0.0549898564723131,0.0396032900684728,0.6,0.975529301141849,"hastings_powell_3sp_forced_cycle"
334.165,0.804758864962363,0.217937227202276,-0.4596773715909,0.0576159230320731,0.0411263655423273,0.6,0.951371143196282,"hastings_powell_3sp_forced_cycle"
335.92,0.811569430748881,0.213601893453215,-0.417089867695282,0.0596815319342021,0.0423801040196119,0.6,0.92601812720651,"hastings_powell_3sp_forced_cycle"
337.68,0.815571164257558,0.211995773172791,-0.375427523292696,0.0602227474885223,0.0425580872751574,0.6,0.900315520199943,"hastings_powell_3sp_forced_cycle"
339.44,0.816699386330117,0.213325902392961,-0.341670223947274,0.0577973813125565,0.0402039484101727,0.6,0.875315108041675,"hastings_powell_3sp_forced_cycle"
341.2,0.814846421882654,0.217785881043642,-0.313202053056512,0.0517609416229699,0.0345680531597726,0.6,0.851954931552013,"hastings_powell_3sp_forced_cycle"
342.955,0.809852291613338,0.225555236811102,-0.286966548304674,0.0436015005425998,0.0269377565540796,0.6,0.831167206619119,"hastings_powell_3sp_forced_cycle"
344.715,0.801427106742429,0.236895838133164,-0.26453996662602,0.0363960842384105,0.0199329133075856,0.6,0.813642289407603,"hastings_powell_3sp_forced_cycle"
346.475,0.789225148017092,0.251999523179259,-0.248950455252293,0.032263373992733,0.0155056162824421,0.6,0.800188852429709,"hastings_powell_3sp_forced_cycle"
348.235,0.772795782646052,0.271017318867612,-0.241618950255834,0.0304427974564352,0.013328317469961,0.6,0.791490087402279,"hastings_powell_3sp_forced_cycle"
349.995,0.751608501503084,0.293951070044832,-0.242220295635997,0.0292777292547837,0.0119884612243163,0.6,0.788164883871021,"hastings_powell_3sp_forced_cycle"
0,0.6538001,0.3563991,-0.279887204430805,0.0153325733566622,0.000802659069911968,0.7,0.9953945,"hastings_powell_3sp_forced_cycle"
1.755,0.640088039482431,0.364702023472318,-0.291195107760324,0.0157804173291289,0.00145907271723301,0.7,1.00091752584203,"hastings_powell_3sp_forced_cycle"
3.515,0.626489232820735,0.371706755643618,-0.304962242506052,0.0165817801403817,0.00257781693163499,0.7,1.00836551371248,"hastings_powell_3sp_forced_cycle"
5.275,0.613991579714777,0.376774391470463,-0.320575378087063,0.0177064755522382,0.00414822442530629,0.7,1.01735717304851,"hastings_powell_3sp_forced_cycle"
7.035,0.60366679406303,0.379418836345447,-0.337189455869992,0.0191223220220531,0.00612224168090282,0.7,1.02740389458773,"hastings_powell_3sp_forced_cycle"
8.79,0.596605040183043,0.379384701058154,-0.353814391069347,0.0208175354873457,0.00841005376311832,0.7,1.03789500005187,"hastings_powell_3sp_forced_cycle"
10.55,0.593659753958126,0.37670358421678,-0.369638991043951,0.0228160401731092,0.0109067245959187,0.7,1.0482648230892,"hastings_powell_3sp_forced_cycle"
12.31,0.595360065837755,0.371692022985537,-0.383797660126379,0.0250914129700866,0.0134598617123122,0.7,1.05786858820885,"hastings_powell_3sp_forced_cycle"
14.07,0.601650676942825,0.364880103999582,-0.395590497727016,0.0275176323585203,0.0159155567407472,0.7,1.06616066643122,"hastings_powell_3sp_forced_cycle"
15.825,0.611847838482805,0.356905255754461,-0.404453180959552,0.0298772334683175,0.018130132147744,0.7,1.07269302305686,"hastings_powell_3sp_forced_cycle"
17.585,0.624907261841769,0.348297433568391,-0.410021737979035,0.0319809553821847,0.0200090294160488,0.7,1.07720486912042,"hastings_powell_3sp_forced_cycle"
19.345,0.639514273609596,0.339546504371308,-0.412260948193382,0.0336839773808091,0.0214699250285841,0.7,1.07950719408776,"hastings_powell_3sp_forced_cycle"
21.105,0.654473985262021,0.330999727018259,-0.410860073719436,0.0349122036666803,0.022462443493669,0.7,1.07954697902183,"hastings_powell_3sp_forced_cycle"
22.86,0.668828932191692,0.322931229380006,-0.405799005813458,0.0356325541537264,0.0229529687475459,0.7,1.07737563685989,"hastings_powell_3sp_forced_cycle"
24.62,0.682062326337216,0.315488549318442,-0.397659584945583,0.0358423153121675,0.0229243445841218,0.7,1.07310206772403,"hastings_powell_3sp_forced_cycle"
26.38,0.693791671421821,0.308861026119694,-0.386711658448318,0.0355474689504588,0.0223681401452829,0.7,1.0669200179981,"hastings_powell_3sp_forced_cycle"
28.14,0.70384346348006,0.303202085194124,-0.373413350016496,0.0347696058632013,0.0212979521230683,0.7,1.05908254306022,"hastings_powell_3sp_forced_cycle"
29.895,0.712109461739317,0.298669129968684,-0.358451343611396,0.0335507429374901,0.019762942536464,0.7,1.04992653424292,"hastings_powell_3sp_forced_cycle"
31.655,0.718584156178407,0.295373268097114,-0.342488860283123,0.0319482145910887,0.0178405876625114,0.7,1.03975664495916,"hastings_powell_3sp_forced_cycle"
33.415,0.723197339858913,0.293452728522071,-0.326479223355418,0.0300687204809575,0.0156695050709068,0.7,1.02899342536115,"hastings_powell_3sp_forced_cycle"
35.175,0.725903953596263,0.293011980223834,-0.311480546883923,0.0280608440163757,0.0134260544149506,0.7,1.01805969475914,"hastings_powell_3sp_forced_cycle"
36.93,0.726657532547975,0.294124847146894,-0.29860199661039,0.0261075036013366,0.0113070074062068,0.7,1.00742098535297,"hastings_powell_3sp_forced_cycle"
38.69,0.725416138576194,0.296844768438624,-0.288583649592224,0.024361786679924,0.00945982365487109,0.7,0.997450860227122,"hastings_powell_3sp_forced_cycle"
40.45,0.722134722507537,0.301177312578799,-0.281767866862756,0.0229283470854601,0.00797228499316923,0.7,0.98860061437772,"hastings_powell_3sp_forced_cycle"
42.21,0.716787834422661,0.307076824273419,-0.278017456199104,0.021812362517838,0.00683117079847859,0.7,0.981261965093255,"hastings_powell_3sp_forced_cycle"
43.965,0.709401322954858,0.314408066700013,-0.277064920195797,0.0209504086833215,0.00596303076730759,0.7,0.975796707149518,"hastings_powell_3sp_forced_cycle"
45.725,0.699980802154498,0.323016556874882,-0.278727926362619,0.0202608489558806,0.00528547917481415,0.7,0.972465346270801,"hastings_powell_3sp_forced_cycle"
47.485,0.688664161603123,0.332583577967419,-0.28297450272865,0.0197128628566416,0.00477275132991028,0.7,0.97150637286596,"hastings_powell_3sp_forced_cycle"
49.245,0.675677446581384,0.342689873412276,-0.289878770527126,0.019336525728095,0.00446394552155438,0.7,0.973050706693969,"hastings_powell_3sp_forced_cycle"
51,0.661436067702918,0.352761959283035,-0.299534606805272,0.019206810018304,0.0044485788732967,0.7,0.977106774429847,"hastings_powell_3sp_forced_cycle"
52.76,0.64642114978099,0.362199905383888,-0.312048854107074,0.0193998840583384,0.00482715741361207,0.7,0.983595961459849,"hastings_powell_3sp_forced_cycle"
54.52,0.631458997791271,0.370244979781028,-0.327194536741964,0.0199573995340305,0.005671775284271,0.7,0.992267434245746,"hastings_powell_3sp_forced_cycle"
56.28,0.617566284401301,0.376176838357544,-0.344394796690308,0.0208776028903756,0.00700572669227476,0.7,1.00272943709355,"hastings_powell_3sp_forced_cycle"
58.035,0.60596848687844,0.379393773857692,-0.362704906219147,0.0221394659564611,0.00879999823725833,0.7,1.01441295091652,"hastings_powell_3sp_forced_cycle"
59.795,0.597845377411478,0.379565306524018,-0.381207607560953,0.0237518808421565,0.0109990490070319,0.7,1.02673506668811,"hastings_powell_3sp_forced_cycle"
61.555,0.594321642921751,0.37666580616914,-0.398761426309799,0.0257333421166633,0.0134880299870821,0.7,1.0389450559973,"hastings_powell_3sp_forced_cycle"
63.315,0.596061123870807,0.371030656828773,-0.414506456529416,0.0280675617274853,0.0161170438804025,0.7,1.05032192997273,"hastings_powell_3sp_forced_cycle"
65.07,0.603052204813271,0.363279662419718,-0.427445151137182,0.0306171626577237,0.0187109477653142,0.7,1.06018665778834,"hastings_powell_3sp_forced_cycle"
66.83,0.614632770094352,0.354069727315695,-0.4381196425919,0.0331681647508487,0.0211270896939274,0.7,1.06806513086059,"hastings_powell_3sp_forced_cycle"
68.59,0.629519372197654,0.34408191978815,-0.443912001279159,0.0354851348179037,0.0232289620034174,0.7,1.07354463178281,"hastings_powell_3sp_forced_cycle"
70.35,0.646202626745148,0.333850121964636,-0.446516594947644,0.0374058359610446,0.0249196054354277,0.7,1.07639240546434,"hastings_powell_3sp_forced_cycle"
72.105,0.663241109835139,0.323796416320752,-0.442948207979943,0.0388314220830242,0.0261244038611207,0.7,1.07651206383283,"hastings_powell_3sp_forced_cycle"
73.865,0.679680984389588,0.314152347156616,-0.436747917693141,0.0397191553233317,0.0267945342488281,0.7,1.07391730002991,"hastings_powell_3sp_forced_cycle"
75.625,0.694803926288702,0.305178013887564,-0.425726655289448,0.0400392387335122,0.0268803748544573,0.7,1.0687153880957,"hastings_powell_3sp_forced_cycle"
77.385,0.708243127479364,0.297079742206996,-0.411454916590957,0.0397800805906033,0.0263456955813146,0.7,1.06110810690895,"hastings_powell_3sp_forced_cycle"
79.14,0.719786736106669,0.290073356401491,-0.39411499190265,0.0389385216149215,0.0251731403083093,0.7,1.0514123732706,"hastings_powell_3sp_forced_cycle"
80.9,0.729408144848107,0.284310095392708,-0.374130374937966,0.0375108538697998,0.0233650311399587,0.7,1.03993700788953,"hastings_powell_3sp_forced_cycle"
82.66,0.737010801763907,0.279993471049309,-0.35236312852029,0.0355301569591739,0.020990895408594,0.7,1.02714024588821,"hastings_powell_3sp_forced_cycle"
84.42,0.742538397356448,0.27729029012745,-0.329770457820271,0.0330996486004166,0.0182041971631235,0.7,1.01351050975274,"hastings_powell_3sp_forced_cycle"
86.175,0.745922843412859,0.27634730953287,-0.307677314680558,0.0304357260709747,0.015263030866936,0.7,0.999614025327427,"hastings_powell_3sp_forced_cycle"
87.935,0.74711436113739,0.277281024272839,-0.287672004605196,0.0278236743973839,0.0124669838735552,0.7,0.985917233366602,"hastings_powell_3sp_forced_cycle"
89.695,0.746023628010518,0.280189190083682,-0.271951580056332,0.0255783220945744,0.010122018327174,0.7,0.973008714365856,"hastings_powell_3sp_forced_cycle"
91.455,0.742568728186451,0.28512698987058,-0.261902636991686,0.0238788651067971,0.00838010131403353,0.7,0.961423003641043,"hastings_powell_3sp_forced_cycle"
93.21,0.736687789965515,0.292077431950166,-0.256951907448855,0.0226937824775776,0.00718017841997399,0.7,0.951689123584776,"hastings_powell_3sp_forced_cycle"
94.97,0.728275265207487,0.301017854688309,-0.255718449466153,0.0218216475088343,0.00630316096943642,0.7,0.9442099990719,"hastings_powell_3sp_forced_cycle"
96.73,0.717300544112481,0.31177449375379,-0.257457116729961,0.0210570985081422,0.00553912422779995,0.7,0.939415787085696,"hastings_powell_3sp_forced_cycle"
98.49,0.703778299994857,0.324062004926889,-0.26204284943981,0.0202990351520702,0.00478871673791477,0.7,0.937629208351213,"hastings_powell_3sp_forced_cycle"
100.245,0.68787588575098,0.337389144672024,-0.269759034708134,0.0195981206759662,0.00410762470612455,0.7,0.939066814590806,"hastings_powell_3sp_forced_cycle"
102.005,0.669788605772363,0.351179510352532,-0.281317154305898,0.01911290017889,0.0036662883372555,0.7,0.943839567292332,"hastings_powell_3sp_forced_cycle"
103.765,0.650094239712653,0.364524907383286,-0.297389249710655,0.0190278887154515,0.00367536933708137,0.7,0.951898863016858,"hastings_powell_3sp_forced_cycle"
105.525,0.629668502878332,0.376362289980929,-0.317887959744862,0.0194410966894651,0.00428043070363641,0.7,0.963010996098843,"hastings_powell_3sp_forced_cycle"
107.28,0.6098554691658,0.385512422937065,-0.3415667298003,0.0203295937339507,0.00552463166192689,0.7,0.976687619297243,"hastings_powell_3sp_forced_cycle"
109.04,0.592252585163255,0.390960554479296,-0.366905174960896,0.0216258678040898,0.00740476604103006,0.7,0.99233720259918,"hastings_powell_3sp_forced_cycle"
110.8,0.578935963634865,0.39194591424417,-0.3922465936792,0.0233042078317808,0.00988248408298024,0.7,1.00904661315413,"hastings_powell_3sp_forced_cycle"
112.56,0.571912665080486,0.38831340445746,-0.416321893077494,0.0254459399343777,0.0128642692472942,0.7,1.02579401417164,"hastings_powell_3sp_forced_cycle"
114.315,0.57265694332326,0.380601870726879,-0.436614492368217,0.0281566960217058,0.0161494667053966,0.7,1.04147863063588,"hastings_powell_3sp_forced_cycle"
116.075,0.581583141336776,0.369798736014292,-0.455496718653678,0.0313677654169219,0.0194974981453815,0.7,1.05522581487945,"hastings_powell_3sp_forced_cycle"
117.835,0.597709964264699,0.357143476863417,-0.469508565125274,0.0347003129859529,0.0226464572544166,0.7,1.06622195344823,"hastings_powell_3sp_forced_cycle"
119.595,0.618835804502731,0.343709290443382,-0.469508565125274,0.0377527391239408,0.0254046517234547,0.7,1.07394763732967,"hastings_powell_3sp_forced_cycle"
121.355,0.642259159717445,0.33024636993484,-0.470065941197637,0.0402822408025097,0.027647845007714,0.7,1.0781158087764,"hastings_powell_3sp_forced_cycle"
123.11,0.665547892398042,0.317239406694798,-0.466585016757071,0.0421765021506776,0.0292935821935324,0.7,1.07862707068993,"hastings_powell_3sp_forced_cycle"
124.87,0.687285069207865,0.304881540531165,-0.472918399531631,0.0434085263105018,0.0302953177150574,0.7,1.07551968612183,"hastings_powell_3sp_forced_cycle"
126.63,0.706657319068165,0.293413380387299,-0.455991485190193,0.0439662389784296,0.0306008332698039,0.7,1.06893696015386,"hastings_powell_3sp_forced_cycle"
128.39,0.723444894439033,0.283036837270751,-0.43524791740776,0.0438466555107839,0.0301626766127174,0.7,1.05913771314057,"hastings_powell_3sp_forced_cycle"
130.145,0.73762439972952,0.273994112852687,-0.411664656999982,0.0430105037554564,0.0289245550668133,0.7,1.04652965031165,"hastings_powell_3sp_forced_cycle"
131.905,0.749341447528565,0.266460972656176,-0.384298908966646,0.0413434981253697,0.0268107165896157,0.7,1.03151382079681,"hastings_powell_3sp_forced_cycle"
133.665,0.758593419222312,0.260688642782444,-0.354563388045467,0.0387251334289455,0.0238026659970317,0.7,1.01469035237427,"hastings_powell_3sp_forced_cycle"
135.425,0.765381882413379,0.256885578600481,-0.325611633483553,0.0351722208490072,0.0200157143335844,0.7,0.996701467871148,"hastings_powell_3sp_forced_cycle"
137.18,0.769664154066769,0.255241325225019,-0.301250468844407,0.0310103125992459,0.0157785761066786,0.7,0.978290867746191,"hastings_powell_3sp_forced_cycle"
138.94,0.771400720541495,0.255912533430743,-0.281413353569904,0.0268536565135351,0.0116014279502709,0.7,0.960065836380478,"hastings_powell_3sp_forced_cycle"
140.7,0.770483570870683,0.259051339705046,-0.264701238174235,0.0234741557870638,0.00816151662476108,0.7,0.942790671504972,"hastings_powell_3sp_forced_cycle"
142.46,0.766791361477784,0.264776644495072,-0.251403654640538,0.0213296303028429,0.00592248910655614,0.7,0.927155429290169,"hastings_powell_3sp_forced_cycle"
144.215,0.760196444930923,0.273144169527503,-0.242508705996485,0.0202596413399251,0.00477309143609112,0.7,0.913845882708884,"hastings_powell_3sp_forced_cycle"
145.975,0.750485793858938,0.284228378190114,-0.238351556780457,0.0196645476473808,0.00413216728868232,0.7,0.903384987003893,"hastings_powell_3sp_forced_cycle"
147.735,0.737486579789577,0.297943131179661,-0.238780667660055,0.0189932485112846,0.00344473878316918,0.7,0.896350414985708,"hastings_powell_3sp_forced_cycle"
149.495,0.721029158351924,0.314073583515048,-0.24358309719835,0.01801551888559,0.00247597820202755,0.7,0.893199049490294,"hastings_powell_3sp_forced_cycle"
151.25,0.701077221309551,0.332126205451808,-0.252699785394389,0.0168771588770015,0.00137279532132246,0.7,0.894277309133462,"hastings_powell_3sp_forced_cycle"
153.01,0.677579415692678,0.351449009299078,-0.266043395211529,0.0159944628737134,0.000553218815259131,0.7,0.899813256652329,"hastings_powell_3sp_forced_cycle"
154.77,0.650948305491096,0.370830429045628,-0.282849882718149,0.0158273362336301,0.000461700490810005,0.7,0.909852889188037,"hastings_powell_3sp_forced_cycle"
156.53,0.622036553954872,0.388657137292549,-0.301972237448334,0.0165427332354067,0.00122940081824165,0.7,0.924198469396437,"hastings_powell_3sp_forced_cycle"
158.285,0.59250510655799,0.402907833343073,-0.323787057187255,0.0179307135150729,0.00266413218141347,0.7,0.942285585211655,"hastings_powell_3sp_forced_cycle"
160.045,0.564686494369974,0.411597286592467,-0.352239164148358,0.0196739162574692,0.00463465121128976,0.7,0.96334028838381,"hastings_powell_3sp_forced_cycle"
161.805,0.542119687179204,0.413075632152418,-0.386402349013485,0.0216149351822917,0.00728937004523969,0.7,0.986049782343545,"hastings_powell_3sp_forced_cycle"
163.565,0.528803102304479,0.406889144390761,-0.419947204825636,0.0239141570813267,0.01083251146006,0.7,1.00883762656004,"hastings_powell_3sp_forced_cycle"
165.32,0.528231767971373,0.394185738460926,-0.447502207397458,0.0270188689914436,0.0150852697883806,0.7,1.02996680647088,"hastings_powell_3sp_forced_cycle"
167.08,0.54190909353365,0.377238036728466,-0.465398821233106,0.0311645345673603,0.0195426108854443,0.7,1.04807280238835,"hastings_powell_3sp_forced_cycle"
168.84,0.568088428167085,0.3586859492855,-Inf,0.0356109631943252,0.0236579298656374,0.7,1.06205097560123,"hastings_powell_3sp_forced_cycle"
170.6,0.60188067126813,0.340433653326095,NA,0.0395119625911787,0.0271152447650939,0.7,1.07138154746698,"hastings_powell_3sp_forced_cycle"
172.355,0.637240984349863,0.323417176553162,-0.484214563626226,0.0425509975513089,0.0297949768211305,0.7,1.07594381319552,"hastings_powell_3sp_forced_cycle"
174.115,0.669913895324697,0.307726944990305,-0.536276543458234,0.0447295085092152,0.0316987507548937,0.7,1.07587462547053,"hastings_powell_3sp_forced_cycle"
175.875,0.697846581158772,0.293355833052388,-0.48025152838312,0.0461044583965949,0.0328304883632373,0.7,1.07137072327238,"hastings_powell_3sp_forced_cycle"
177.635,0.720952525829283,0.28028262190641,-0.472011621880636,0.0467596447216837,0.0332050156405712,0.7,1.06272064019076,"hastings_powell_3sp_forced_cycle"
179.39,0.739836499734226,0.268634622951149,-0.448475254427129,0.0467434689782205,0.0328209318558549,0.7,1.05034101439426,"hastings_powell_3sp_forced_cycle"
181.15,0.755276081785818,0.258534301055951,-0.419035971741739,0.0459564379441508,0.0316019643443986,0.7,1.0346469275323,"hastings_powell_3sp_forced_cycle"
182.91,0.767660549285668,0.250249605591888,-0.387636600402281,0.0440845622821486,0.0293834441524415,0.7,1.01627258630781,"hastings_powell_3sp_forced_cycle"
184.67,0.777222715210722,0.244017910278383,-0.358797340208532,0.0407552653873864,0.0260223120671333,0.7,0.995926838975759,"hastings_powell_3sp_forced_cycle"
186.425,0.784035526690611,0.240068831170787,-0.335863797166304,0.0359148114026639,0.0216007728634759,0.7,0.97445804547253,"hastings_powell_3sp_forced_cycle"
188.185,0.788139929885576,0.23858031551978,-0.315506082031515,0.0301011025587839,0.0164849889230257,0.7,0.952571676510077,"hastings_powell_3sp_forced_cycle"
189.945,0.789457908141148,0.239750021306347,-0.296462660233398,0.0245524432009664,0.0114148796444661,0.7,0.931167542313077,"hastings_powell_3sp_forced_cycle"
191.705,0.78788635021085,0.243748041391804,-0.280122997345748,0.020651104011039,0.00737964090395662,0.7,0.911067888959682,"hastings_powell_3sp_forced_cycle"
193.46,0.783289413238546,0.250708192840663,-0.268145182799289,0.0189275906138854,0.00510684640433787,0.7,0.893104375114663,"hastings_powell_3sp_forced_cycle"
195.22,0.775433344597626,0.260807142571679,-0.261020923140046,0.0186298422012869,0.0042961870857193,0.7,0.877905747476359,"hastings_powell_3sp_forced_cycle"
196.98,0.764063700090143,0.27412180238315,-0.25842571910478,0.0185827391777087,0.00395751479080193,0.7,0.866199373740078,"hastings_powell_3sp_forced_cycle"
198.74,0.748871851209887,0.290652812069479,-0.259910116724242,0.0180175781349197,0.00330711767265756,0.7,0.858590121875183,"hastings_powell_3sp_forced_cycle"
200.495,0.729593154597831,0.310172083684095,-0.265409382720948,0.0167899092835298,0.00217591012899118,0.7,0.85560414545502,"hastings_powell_3sp_forced_cycle"
202.255,0.705835727295178,0.332340097709082,-0.275286507577072,0.0152978593495644,0.000972428423045333,0.7,0.857645548462015,"hastings_powell_3sp_forced_cycle"
204.015,0.677520971582832,0.356218351173521,-0.289772988443507,0.0143213654113432,0.000456042234111014,0.7,0.86500990374111,"hastings_powell_3sp_forced_cycle"
205.775,0.644868965242717,0.38031357770293,-0.308268417169044,0.0145231266507893,0.00110540029393534,0.7,0.877772366193073,"hastings_powell_3sp_forced_cycle"
207.53,0.608854289682233,0.402343235846049,-0.328982717290155,0.0159124346742787,0.00260605617061801,0.7,0.895653763647033,"hastings_powell_3sp_forced_cycle"
209.29,0.571195450163092,0.419538262771914,-0.349949202171474,0.0179488457352132,0.0042787932998422,0.7,0.918124445094433,"hastings_powell_3sp_forced_cycle"
211.05,0.535417096490694,0.428700242452082,-0.370872032735206,0.0200846370844885,0.00590158976831312,0.7,0.943980463354248,"hastings_powell_3sp_forced_cycle"
212.81,0.506634544948217,0.427469714864723,-0.397898678930699,0.0221757984486428,0.00809214382404273,0.7,0.971481721880032,"hastings_powell_3sp_forced_cycle"
214.565,0.491105653331087,0.415635446669642,-0.432619715293883,0.0245608404241416,0.0116540715118021,0.7,0.998352380286978,"hastings_powell_3sp_forced_cycle"
216.325,0.494279991878314,0.395674032505216,-0.460849482217127,0.0280879581051103,0.016480381365785,0.7,1.02246066792622,"hastings_powell_3sp_forced_cycle"
218.085,0.518165932619781,0.372004678054757,NA,0.0330784507301072,0.021570947890088,0.7,1.04189589727042,"hastings_powell_3sp_forced_cycle"
219.845,0.558592455370863,0.348653287080725,-0.485203026391962,0.0381092552436986,0.0260499093766513,0.7,1.05568244016635,"hastings_powell_3sp_forced_cycle"
221.6,0.605988719979745,0.327752409229987,-0.508267680058953,0.0421159303419886,0.0295542756929683,0.7,1.0636523819885,"hastings_powell_3sp_forced_cycle"
223.36,0.650995933697973,0.30946021762962,-0.484683041581032,0.0450097682689393,0.0320966674429532,0.7,1.06615857679665,"hastings_powell_3sp_forced_cycle"
225.12,0.688310531285104,0.293352219903414,-0.53922486496786,0.0469406187388058,0.0337625681418782,0.7,1.06360097333915,"hastings_powell_3sp_forced_cycle"
226.88,0.717431978588159,0.278962330858952,-0.504556053850648,0.0480893584827427,0.034644511290533,0.7,1.05639835879632,"hastings_powell_3sp_forced_cycle"
228.635,0.739929235573811,0.266141237611366,-0.474732866773507,0.0485980179637262,0.0348098863258299,0.7,1.04501335040894,"hastings_powell_3sp_forced_cycle"
230.395,0.757657811682772,0.254875505588836,-0.445066070203286,0.0484767949421689,0.0342557482231916,0.7,1.02987105827256,"hastings_powell_3sp_forced_cycle"
232.155,0.771692976835986,0.245395915026868,-0.413205754685458,0.0474498055511526,0.0328220733451284,0.7,1.01159685208268,"hastings_powell_3sp_forced_cycle"
233.915,0.782632874789783,0.237939290131623,-0.381900709717113,0.0449984635685572,0.0302223975561254,0.7,0.990903840832352,"hastings_powell_3sp_forced_cycle"
235.675,0.790732981283647,0.232739551493476,-0.356483662351505,0.040728780519722,0.0262824578389986,0.7,0.968599030043154,"hastings_powell_3sp_forced_cycle"
237.43,0.796057263348275,0.230014765832115,-0.334877554354607,0.0349117054193992,0.0212535491886712,0.7,0.945614140041996,"hastings_powell_3sp_forced_cycle"
239.19,0.798617225860059,0.229943539925265,-0.314449562538448,0.0286734219887605,0.0158259899663301,0.7,0.922703252594616,"hastings_powell_3sp_forced_cycle"
240.95,0.798313708586001,0.232719819979292,-0.296327079947335,0.0237750560115104,0.0110969372413741,0.7,0.900806486260982,"hastings_powell_3sp_forced_cycle"
242.71,0.795010889151089,0.238520564208291,-0.282430904219954,0.0213917186949571,0.00813530188158663,0.7,0.880762893516516,"hastings_powell_3sp_forced_cycle"
244.465,0.788535477138274,0.247485879986582,-0.273672761178865,0.0210545963750943,0.00707375992059798,0.7,0.863405165909259,"hastings_powell_3sp_forced_cycle"
246.225,0.778588596279261,0.259815618689666,-0.269663244072766,0.0213622721537862,0.00690724885619321,0.7,0.84936113299635,"hastings_powell_3sp_forced_cycle"
247.985,0.764856219576261,0.275581389280226,-0.269793892758359,0.0212148071106517,0.00655560402698153,0.7,0.839348929077062,"hastings_powell_3sp_forced_cycle"
249.745,0.746959943629284,0.294754044365421,-0.273809514831053,0.0201909553059622,0.00554081314376086,0.7,0.833962706822595,"hastings_powell_3sp_forced_cycle"
251.5,0.724581348203377,0.317010561509797,-0.281926337363958,0.0184835351152157,0.00404924844388782,0.7,0.833704816122134,"hastings_powell_3sp_forced_cycle"
253.26,0.697277611985356,0.341845315753053,-0.294678676621877,0.0167789981662793,0.00279230007768097,0.7,0.838967876501072,"hastings_powell_3sp_forced_cycle"
255.02,0.665018349804005,0.367990573853792,-0.312118523140397,0.0159978269117337,0.00261014223323591,0.7,0.849987811921773,"hastings_powell_3sp_forced_cycle"
256.78,0.628211604230687,0.393457647282511,-0.333142015313031,0.0166207501608278,0.00366195927267147,0.7,0.866739852387512,"hastings_powell_3sp_forced_cycle"
258.535,0.588290405066997,0.415317168676862,-0.355530455446068,0.0183097410217298,0.00525548251820959,0.7,0.888756167868836,"hastings_powell_3sp_forced_cycle"
260.295,0.547787596169705,0.430147998511495,-0.377430954898197,0.0203745504469655,0.00672861289952516,0.7,0.915246309370881,"hastings_powell_3sp_forced_cycle"
262.055,0.511525334600493,0.434460909817201,-0.400263979809516,0.0223955003527789,0.00824904905827494,0.7,0.944588692502341,"hastings_powell_3sp_forced_cycle"
263.815,0.486137117987222,0.426479015813611,-0.43187353490862,0.0244824579244461,0.0108056130164346,0.7,0.974563100104701,"hastings_powell_3sp_forced_cycle"
265.57,0.478901055703899,0.407648269669644,-0.459606462545847,0.0272745073381916,0.0149978381045,0.7,1.00248768180509,"hastings_powell_3sp_forced_cycle"
267.33,0.494779695094785,0.382347400745791,-0.475300923812534,0.0316711504207527,0.0201733799888919,0.7,1.02611902175779,"hastings_powell_3sp_forced_cycle"
269.09,0.532759645804871,0.355933240627137,NA,0.0369953321425259,0.0251540521936715,0.7,1.04380490048154,"hastings_powell_3sp_forced_cycle"
270.85,0.584045034130316,0.331857039128,-Inf,0.0416343901353512,0.0292487843324762,0.7,1.05503910827711,"hastings_powell_3sp_forced_cycle"
272.605,0.636111213517966,0.311074964159198,NA,0.0450901402735273,0.0323081460089507,0.7,1.06004489157257,"hastings_powell_3sp_forced_cycle"
274.365,0.680585726107614,0.292954054533707,NA,0.0475047106331586,0.034444224927629,0.7,1.05933079670782,"hastings_powell_3sp_forced_cycle"
276.125,0.715108452748064,0.276857215254747,-0.504952494488538,0.0490933529717007,0.035777932165347,0.7,1.05334596013141,"hastings_powell_3sp_forced_cycle"
277.885,0.741334222518728,0.262419012061168,-0.505791424383445,0.0500828681937815,0.0364397875062148,0.7,1.04253543244789,"hastings_powell_3sp_forced_cycle"
279.64,0.761545088656605,0.249652537580592,-0.470002599145088,0.0506082274663422,0.0365293125471974,0.7,1.02744340175266,"hastings_powell_3sp_forced_cycle"
281.4,0.777509193519907,0.238662809060318,-0.437577750224156,0.0504734625314493,0.0359603761017091,0.7,1.00859374571802,"hastings_powell_3sp_forced_cycle"
283.16,0.79005271871218,0.229739246923375,-0.405032872470164,0.0489908748380901,0.0343271276879599,0.7,0.986771015953974,"hastings_powell_3sp_forced_cycle"
284.92,0.799573993580298,0.223134252766274,-0.378298946352603,0.0452996549488727,0.0311013627838904,0.7,0.962840450797527,"hastings_powell_3sp_forced_cycle"
286.675,0.806202454375962,0.219083498848913,-0.354934444500227,0.0391592377088954,0.0262125800715015,0.7,0.937816476500283,"hastings_powell_3sp_forced_cycle"
288.435,0.809996483499173,0.217767169909804,-0.33212373410127,0.0315578329854909,0.0203291072637624,0.7,0.912527049963008,"hastings_powell_3sp_forced_cycle"
290.195,0.810881284751369,0.219392093036666,-0.311256747382414,0.024866423055235,0.0146356655294753,0.7,0.888004213201959,"hastings_powell_3sp_forced_cycle"
291.955,0.808742074169206,0.224151279765792,-0.294779932926003,0.0215366214907305,0.0104971741112984,0.7,0.865168912672985,"hastings_powell_3sp_forced_cycle"
293.71,0.803413715176643,0.232219058193712,-0.283993632598855,0.0212914386685453,0.00873116184714952,0.7,0.844936934578439,"hastings_powell_3sp_forced_cycle"
295.47,0.794599658841793,0.243847789962113,-0.278379034260003,0.0222173950014527,0.00858124534531475,0.7,0.827988607509045,"hastings_powell_3sp_forced_cycle"
297.23,0.781953573478369,0.259206513065029,-0.277009846530138,0.0227475354041529,0.00859683585279736,0.7,0.815117744109144,"hastings_powell_3sp_forced_cycle"
298.99,0.76502975114372,0.278408783259801,-0.279393236400783,0.0221794091112274,0.00790566836491251,0.7,0.80699157619531,"hastings_powell_3sp_forced_cycle"
300.745,0.743383117767299,0.301327344966662,-0.285662383476469,0.0205476316759943,0.00646949207650216,0.7,0.804206842519621,"hastings_powell_3sp_forced_cycle"
302.505,0.71636572329036,0.327711770908585,-0.296514063762969,0.018478136510394,0.00495413260032521,0.7,0.807253825062983,"hastings_powell_3sp_forced_cycle"
304.265,0.683616450997773,0.35656939486453,-0.312596825780954,0.0170475441138121,0.00444302157855445,0.7,0.816523019503179,"hastings_powell_3sp_forced_cycle"
306.025,0.645065158548002,0.38612826720335,-0.333533509391957,0.0170946340165917,0.0054802783952069,0.7,0.832177514412485,"hastings_powell_3sp_forced_cycle"
307.78,0.601531626602065,0.41342778866666,-0.357304505212176,0.0185284841716407,0.00737406631091737,0.7,0.853971668630699,"hastings_powell_3sp_forced_cycle"
309.54,0.554859265827939,0.434566268814236,-0.38141117320262,0.0206307343752941,0.0090011270622437,0.7,0.881339183345811,"hastings_powell_3sp_forced_cycle"
311.3,0.509487230771956,0.444779605755955,-0.404067503989705,0.0227329758559004,0.00996432015037055,0.7,0.912809205982016,"hastings_powell_3sp_forced_cycle"
313.06,0.472548622740359,0.440420719190183,-0.428133033374856,0.0246908879052456,0.0111815507345243,0.7,0.946094795917937,"hastings_powell_3sp_forced_cycle"
314.815,0.453417093287764,0.421444977458273,-0.462857815548264,0.0269506636879235,0.014155859979269,0.7,0.978081105077923,"hastings_powell_3sp_forced_cycle"
316.575,0.460712941543641,0.392499666370024,-0.469508565125274,0.0305983196439766,0.0190661034659027,0.7,1.00580736230058,"hastings_powell_3sp_forced_cycle"
318.335,0.497511021277206,0.36105511082593,-0.485203026391962,0.0360144615134574,0.0244804097801089,0.7,1.02688105820466,"hastings_powell_3sp_forced_cycle"
320.095,0.556062104110559,0.332754084928941,-Inf,0.0412438811323894,0.0291060294552587,0.7,1.04047764218286,"hastings_powell_3sp_forced_cycle"
321.85,0.61963713356343,0.309360431735228,-0.495663334211123,0.0451525282277875,0.0325425889326059,0.7,1.04695153235275,"hastings_powell_3sp_forced_cycle"
323.61,0.674211824334485,0.28989606547106,NA,0.0478546464326947,0.0349281980928891,0.7,1.04712522037165,"hastings_powell_3sp_forced_cycle"
325.37,0.714969901917528,0.273144625117856,-0.483688667574189,0.049665903867807,0.036464718907523,0.7,1.04168610711043,"hastings_powell_3sp_forced_cycle"
327.13,0.744252583496416,0.258334011322923,-0.494984177026771,0.0508922215002931,0.0373436779315767,0.7,1.03120739089177,"hastings_powell_3sp_forced_cycle"
328.885,0.765759456400723,0.245282553940139,-0.481783752566215,0.0517304867514879,0.0377137606595576,0.7,1.01628422212692,"hastings_powell_3sp_forced_cycle"
330.645,0.782255389607329,0.234021761867778,-0.451151102779758,0.052048344423556,0.0375398644176765,0.7,0.997459882705071,"hastings_powell_3sp_forced_cycle"
332.405,0.795054848684793,0.224823076786542,-0.417641119085992,0.0511675469484238,0.0364008238736444,0.7,0.975529301141849,"hastings_powell_3sp_forced_cycle"
334.165,0.804758864962363,0.217937227202276,-0.389145586329053,0.0481141094251955,0.0336095411465784,0.7,0.951371143196282,"hastings_powell_3sp_forced_cycle"
335.92,0.811569430748881,0.213601893453215,-0.365151140587055,0.0424559860245867,0.0288889872054958,0.7,0.92601812720651,"hastings_powell_3sp_forced_cycle"
337.68,0.815571164257558,0.211995773172791,-0.342181105583115,0.0350943902965012,0.0229256578407852,0.7,0.900315520199943,"hastings_powell_3sp_forced_cycle"
339.44,0.816699386330117,0.213325902392961,-0.321235332036521,0.0284390164565323,0.0171581310920784,0.7,0.875315108041675,"hastings_powell_3sp_forced_cycle"
341.2,0.814846421882654,0.217785881043642,-0.304759322167931,0.0250397474881926,0.01314940427969,0.7,0.851954931552013,"hastings_powell_3sp_forced_cycle"
342.955,0.809852291613338,0.225555236811102,-0.294072517024128,0.0248373725632857,0.0116687896883879,0.7,0.831167206619119,"hastings_powell_3sp_forced_cycle"
344.715,0.801427106742429,0.236895838133164,-0.288620608283531,0.0258622129307472,0.0117843726366223,0.7,0.813642289407603,"hastings_powell_3sp_forced_cycle"
346.475,0.789225148017092,0.251999523179259,-0.287428473267435,0.0264798799680431,0.0119638212728419,0.7,0.800188852429709,"hastings_powell_3sp_forced_cycle"
348.235,0.772795782646052,0.271017318867612,-0.289946161108703,0.0259517945579911,0.0113113418279341,0.7,0.791490087402279,"hastings_powell_3sp_forced_cycle"
349.995,0.751608501503084,0.293951070044832,-0.296246241665285,0.024231658232176,0.00971092928933495,0.7,0.788164883871021,"hastings_powell_3sp_forced_cycle"
0,0.6538001,0.3563991,-0.302158332466353,0.0106978588733492,-0.000864639853973095,0.8,0.9953945,"hastings_powell_3sp_forced_cycle"
1.755,0.640088039482431,0.364702023472318,-0.311840753364195,0.0113758358714073,0.00017644935143516,0.8,1.00091752584203,"hastings_powell_3sp_forced_cycle"
3.515,0.626489232820735,0.371706755643618,-0.323117045459913,0.0123741842429947,0.00169869685890767,0.8,1.00836551371248,"hastings_powell_3sp_forced_cycle"
5.275,0.613991579714777,0.376774391470463,-0.335448955037639,0.0135767751681685,0.0036358317272113,0.8,1.01735717304851,"hastings_powell_3sp_forced_cycle"
7.035,0.60366679406303,0.379418836345447,-0.348090207223527,0.0148587908484193,0.00588198611886923,0.8,1.02740389458773,"hastings_powell_3sp_forced_cycle"
8.79,0.596605040183043,0.379384701058154,-0.360172682637074,0.016130554172123,0.00829728945574819,0.8,1.03789500005187,"hastings_powell_3sp_forced_cycle"
10.55,0.593659753958126,0.37670358421678,-0.371094321605266,0.0174110910829994,0.0107375909197092,0.8,1.0482648230892,"hastings_powell_3sp_forced_cycle"
12.31,0.595360065837755,0.371692022985537,-0.379933489386949,0.0191145805678688,0.0130214231906224,0.8,1.05786858820885,"hastings_powell_3sp_forced_cycle"
14.07,0.601650676942825,0.364880103999582,-0.386496117621424,0.0215774854221805,0.0149797100770811,0.8,1.06616066643122,"hastings_powell_3sp_forced_cycle"
15.825,0.611847838482805,0.356905255754461,-0.390702020579189,0.0236995723334498,0.0164688806878266,0.8,1.07269302305686,"hastings_powell_3sp_forced_cycle"
17.585,0.624907261841769,0.348297433568391,-0.392019027024912,0.0251091053373534,0.0173995313661116,0.8,1.07720486912042,"hastings_powell_3sp_forced_cycle"
19.345,0.639514273609596,0.339546504371308,-0.389137481292264,0.0257789929388579,0.0177129595219628,0.8,1.07950719408776,"hastings_powell_3sp_forced_cycle"
21.105,0.654473985262021,0.330999727018259,-0.384069167440912,0.0257906725954235,0.0173978211206413,0.8,1.07954697902183,"hastings_powell_3sp_forced_cycle"
22.86,0.668828932191692,0.322931229380006,-0.376293526704959,0.0252764565085019,0.0164875892974953,0.8,1.07737563685989,"hastings_powell_3sp_forced_cycle"
24.62,0.682062326337216,0.315488549318442,-0.366200835778598,0.0243589311140829,0.0150492844466475,0.8,1.07310206772403,"hastings_powell_3sp_forced_cycle"
26.38,0.693791671421821,0.308861026119694,-0.354480122264267,0.0231210693650798,0.0131988557210919,0.8,1.0669200179981,"hastings_powell_3sp_forced_cycle"
28.14,0.70384346348006,0.303202085194124,-0.342416611063722,0.0216240374159645,0.0110891714806632,0.8,1.05908254306022,"hastings_powell_3sp_forced_cycle"
29.895,0.712109461739317,0.298669129968684,-0.330598725157125,0.0199749657342601,0.00891649562673445,0.8,1.04992653424292,"hastings_powell_3sp_forced_cycle"
31.655,0.718584156178407,0.295373268097114,-0.319914404530278,0.018350289122921,0.00689323629403347,0.8,1.03975664495916,"hastings_powell_3sp_forced_cycle"
33.415,0.723197339858913,0.293452728522071,-0.311146874071956,0.0170058046220552,0.00525744609421911,0.8,1.02899342536115,"hastings_powell_3sp_forced_cycle"
35.175,0.725903953596263,0.293011980223834,-0.304617384805053,0.0161561747910036,0.00417008628612735,0.8,1.01805969475914,"hastings_powell_3sp_forced_cycle"
36.93,0.726657532547975,0.294124847146894,-0.300238698049688,0.0158450084768904,0.00363719865184336,0.8,1.00742098535297,"hastings_powell_3sp_forced_cycle"
38.69,0.725416138576194,0.296844768438624,-0.297726056640987,0.0159096157618479,0.00349980329491365,0.8,0.997450860227122,"hastings_powell_3sp_forced_cycle"
40.45,0.722134722507537,0.301177312578799,-0.296882737018941,0.0160954545979047,0.00352939545749906,0.8,0.98860061437772,"hastings_powell_3sp_forced_cycle"
42.21,0.716787834422661,0.307076824273419,-0.297596769777918,0.0161834131110999,0.00352433314151561,0.8,0.981261965093255,"hastings_powell_3sp_forced_cycle"
43.965,0.709401322954858,0.314408066700013,-0.299825249374284,0.016056400831565,0.00337333308630627,0.8,0.975796707149518,"hastings_powell_3sp_forced_cycle"
45.725,0.699980802154498,0.323016556874882,-0.303598359690622,0.0157072227054469,0.00307091653702196,0.8,0.972465346270801,"hastings_powell_3sp_forced_cycle"
47.485,0.688664161603123,0.332583577967419,-0.30897306543087,0.0152294396868297,0.00271431061709037,0.8,0.97150637286596,"hastings_powell_3sp_forced_cycle"
49.245,0.675677446581384,0.342689873412276,-0.316050248726394,0.0147909699603911,0.00247911465387509,0.8,0.973050706693969,"hastings_powell_3sp_forced_cycle"
51,0.661436067702918,0.352761959283035,-0.324921108156009,0.0145839821766825,0.00257198534803307,0.8,0.977106774429847,"hastings_powell_3sp_forced_cycle"
52.76,0.64642114978099,0.362199905383888,-0.335675439081819,0.0147506648049563,0.00316677608715198,0.8,0.983595961459849,"hastings_powell_3sp_forced_cycle"
54.52,0.631458997791271,0.370244979781028,-0.348099950929454,0.0153307122656633,0.00434856180682611,0.8,0.992267434245746,"hastings_powell_3sp_forced_cycle"
56.28,0.617566284401301,0.376176838357544,-0.361530011698408,0.0162644785627867,0.00610083012140423,0.8,1.00272943709355,"hastings_powell_3sp_forced_cycle"
58.035,0.60596848687844,0.379393773857692,-0.375162101610699,0.0174609658453838,0.00832133041256038,0.8,1.01441295091652,"hastings_powell_3sp_forced_cycle"
59.795,0.597845377411478,0.379565306524018,-0.387747160853386,0.018919576524895,0.010870345506529,0.8,1.02673506668811,"hastings_powell_3sp_forced_cycle"
61.555,0.594321642921751,0.37666580616914,-0.398559628821969,0.0208599382227617,0.013543190613667,0.8,1.0389450559973,"hastings_powell_3sp_forced_cycle"
63.315,0.596061123870807,0.371030656828773,-0.40443467418754,0.0235162741063011,0.0161137092343212,0.8,1.05032192997273,"hastings_powell_3sp_forced_cycle"
65.07,0.603052204813271,0.363279662419718,-0.410819994484615,0.0262851833932696,0.0183551150351071,0.8,1.06018665778834,"hastings_powell_3sp_forced_cycle"
66.83,0.614632770094352,0.354069727315695,-0.424552648092967,0.0285164162317386,0.0200940736329498,0.8,1.06806513086059,"hastings_powell_3sp_forced_cycle"
68.59,0.629519372197654,0.34408191978815,-0.410819994484615,0.0299407144754283,0.021185515662069,0.8,1.07354463178281,"hastings_powell_3sp_forced_cycle"
70.35,0.646202626745148,0.333850121964636,-0.424552648092967,0.0304949829972803,0.0215403729868689,0.8,1.07639240546434,"hastings_powell_3sp_forced_cycle"
72.105,0.663241109835139,0.323796416320752,-0.424552648092967,0.0302346264806346,0.0211182990211494,0.8,1.07651206383283,"hastings_powell_3sp_forced_cycle"
73.865,0.679680984389588,0.314152347156616,-0.40443467418754,0.0293189427974088,0.0199244306264698,0.8,1.07391730002991,"hastings_powell_3sp_forced_cycle"
75.625,0.694803926288702,0.305178013887564,-0.385358970393852,0.0279577750599685,0.0180293511292321,0.8,1.0687153880957,"hastings_powell_3sp_forced_cycle"
77.385,0.708243127479364,0.297079742206996,-0.368444693471315,0.0262777950980426,0.0155752793939952,0.8,1.06110810690895,"hastings_powell_3sp_forced_cycle"
79.14,0.719786736106669,0.290073356401491,-0.351212568033511,0.0243070155695648,0.0127717246350159,0.8,1.0514123732706,"hastings_powell_3sp_forced_cycle"
80.9,0.729408144848107,0.284310095392708,-0.333431368689883,0.0220943069840857,0.00984728591267979,0.8,1.03993700788953,"hastings_powell_3sp_forced_cycle"
82.66,0.737010801763907,0.279993471049309,-0.316685216554705,0.0198742466429653,0.00712365779597914,0.8,1.02714024588821,"hastings_powell_3sp_forced_cycle"
84.42,0.742538397356448,0.27729029012745,-0.302813063751073,0.0180502751510547,0.00499704766469063,0.8,1.01351050975274,"hastings_powell_3sp_forced_cycle"
86.175,0.745922843412859,0.27634730953287,-0.293237517544761,0.0170219901361856,0.00380457258938053,0.8,0.999614025327427,"hastings_powell_3sp_forced_cycle"
87.935,0.74711436113739,0.277281024272839,-0.28762610852351,0.0168793984955,0.00355940102217836,0.8,0.985917233366602,"hastings_powell_3sp_forced_cycle"
89.695,0.746023628010518,0.280189190083682,-0.284789656092265,0.0173212930143271,0.00392212104516565,0.8,0.973008714365856,"hastings_powell_3sp_forced_cycle"
91.455,0.742568728186451,0.28512698987058,-0.283904440791781,0.0178761599403533,0.00441849916566181,0.8,0.961423003641043,"hastings_powell_3sp_forced_cycle"
93.21,0.736687789965515,0.292077431950166,-0.284672275451887,0.0181673990909535,0.00467532076799256,0.8,0.951689123584776,"hastings_powell_3sp_forced_cycle"
94.97,0.728275265207487,0.301017854688309,-0.287050655854571,0.0180028725992615,0.00450013315041565,0.8,0.9442099990719,"hastings_powell_3sp_forced_cycle"
96.73,0.717300544112481,0.31177449375379,-0.291087593164505,0.0173602319112722,0.00387034659818436,0.8,0.939415787085696,"hastings_powell_3sp_forced_cycle"
98.49,0.703778299994857,0.324062004926889,-0.296918995021938,0.0163742118013691,0.0029231344394077,0.8,0.937629208351213,"hastings_powell_3sp_forced_cycle"
100.245,0.68787588575098,0.337389144672024,-0.304833187958042,0.0153214395022777,0.0019428997869853,0.8,0.939066814590806,"hastings_powell_3sp_forced_cycle"
102.005,0.669788605772363,0.351179510352532,-0.315446042955022,0.014550802909292,0.00130036490227843,0.8,0.943839567292332,"hastings_powell_3sp_forced_cycle"
103.765,0.650094239712653,0.364524907383286,-0.329314066522564,0.0143655939478962,0.00135018773325893,0.8,0.951898863016858,"hastings_powell_3sp_forced_cycle"
105.525,0.629668502878332,0.376362289980929,-0.346338310029069,0.0148569767186889,0.00227960649222063,0.8,0.963010996098843,"hastings_powell_3sp_forced_cycle"
107.28,0.6098554691658,0.385512422937065,-0.365387325688146,0.0158884872613216,0.00408125383619053,0.8,0.976687619297243,"hastings_powell_3sp_forced_cycle"
109.04,0.592252585163255,0.390960554479296,-0.384192321146449,0.0172543744342546,0.00666811506077623,0.8,0.99233720259918,"hastings_powell_3sp_forced_cycle"
110.8,0.578935963634865,0.39194591424417,-0.400228771229775,0.0188446448558635,0.00988440024964645,0.8,1.00904661315413,"hastings_powell_3sp_forced_cycle"
112.56,0.571912665080486,0.38831340445746,-0.410819994484615,0.0209516826530678,0.0134730315031855,0.8,1.02579401417164,"hastings_powell_3sp_forced_cycle"
114.315,0.57265694332326,0.380601870726879,-0.419484334241614,0.0245289748570988,0.0170561358935504,0.8,1.04147863063588,"hastings_powell_3sp_forced_cycle"
116.075,0.581583141336776,0.369798736014292,-0.424552648092967,0.0286354586979585,0.0202683183566751,0.8,1.05522581487945,"hastings_powell_3sp_forced_cycle"
117.835,0.597709964264699,0.357143476863417,NA,0.0318666117754142,0.0227871779866641,0.8,1.06622195344823,"hastings_powell_3sp_forced_cycle"
119.595,0.618835804502731,0.343709290443382,-0.407223968578968,0.033891247430058,0.0244051687112659,0.8,1.07394763732967,"hastings_powell_3sp_forced_cycle"
121.355,0.642259159717445,0.33024636993484,NA,0.0346661807481249,0.025003307133518,0.8,1.0781158087764,"hastings_powell_3sp_forced_cycle"
123.11,0.665547892398042,0.317239406694798,NA,0.0342773871519422,0.0245302046141098,0.8,1.07862707068993,"hastings_powell_3sp_forced_cycle"
124.87,0.687285069207865,0.304881540531165,NA,0.032968352317093,0.0229930799815051,0.8,1.07551968612183,"hastings_powell_3sp_forced_cycle"
126.63,0.706657319068165,0.293413380387299,-0.387747160853386,0.0311112215644077,0.0205161270708925,0.8,1.06893696015386,"hastings_powell_3sp_forced_cycle"
128.39,0.723444894439033,0.283036837270751,-0.376679598267705,0.0288881124715192,0.0173945319839794,0.8,1.05913771314057,"hastings_powell_3sp_forced_cycle"
130.145,0.73762439972952,0.273994112852687,-0.353833514901834,0.0261811997893504,0.0139837182696739,0.8,1.04652965031165,"hastings_powell_3sp_forced_cycle"
131.905,0.749341447528565,0.266460972656176,-0.333837293247183,0.0228869247554112,0.010414608830543,0.8,1.03151382079681,"hastings_powell_3sp_forced_cycle"
133.665,0.758593419222312,0.260688642782444,-0.317408181736411,0.0192784838623476,0.00677380689959155,0.8,1.01469035237427,"hastings_powell_3sp_forced_cycle"
135.425,0.765381882413379,0.256885578600481,-0.303150242731598,0.0160805773181941,0.0034887386625236,0.8,0.996701467871148,"hastings_powell_3sp_forced_cycle"
137.18,0.769664154066769,0.255241325225019,-0.291080359955122,0.0142261682040615,0.00137562933609953,0.8,0.978290867746191,"hastings_powell_3sp_forced_cycle"
138.94,0.771400720541495,0.255912533430743,-0.28192173034474,0.014096408881887,0.00093347814368836,0.8,0.960065836380478,"hastings_powell_3sp_forced_cycle"
140.7,0.770483570870683,0.259051339705046,-0.276045189642553,0.0151217111237689,0.00173574061870845,0.8,0.942790671504972,"hastings_powell_3sp_forced_cycle"
142.46,0.766791361477784,0.264776644495072,-0.273156175988677,0.0163295213088801,0.00282448870064015,0.8,0.927155429290169,"hastings_powell_3sp_forced_cycle"
144.215,0.760196444930923,0.273144169527503,-0.272791226848837,0.0170026419013036,0.00344506931150292,0.8,0.913845882708884,"hastings_powell_3sp_forced_cycle"
145.975,0.750485793858938,0.284228378190114,-0.274668752969724,0.0168154977933583,0.00324570959036502,0.8,0.903384987003893,"hastings_powell_3sp_forced_cycle"
147.735,0.737486579789577,0.297943131179661,-0.278783568289189,0.0157448929579087,0.00219649681266766,0.8,0.896350414985708,"hastings_powell_3sp_forced_cycle"
149.495,0.721029158351924,0.314073583515048,-0.285353924292595,0.0140503731614609,0.000565693022009342,0.8,0.893199049490294,"hastings_powell_3sp_forced_cycle"
151.25,0.701077221309551,0.332126205451808,-0.294648358451227,0.0122957975269703,-0.00106462638756105,0.8,0.894277309133462,"hastings_powell_3sp_forced_cycle"
153.01,0.677579415692678,0.351449009299078,-0.30677172505155,0.0112257589438959,-0.00194814806297793,0.8,0.899813256652329,"hastings_powell_3sp_forced_cycle"
154.77,0.650948305491096,0.370830429045628,-0.321116713090094,0.0113803671628284,-0.00161003079066638,0.8,0.909852889188037,"hastings_powell_3sp_forced_cycle"
156.53,0.622036553954872,0.388657137292549,-0.336679103832818,0.0126587059121378,-0.000240328147082905,0.8,0.924198469396437,"hastings_powell_3sp_forced_cycle"
158.285,0.59250510655799,0.402907833343073,-0.353761325129295,0.0145031784622698,0.00167823789498987,0.8,0.942285585211655,"hastings_powell_3sp_forced_cycle"
160.045,0.564686494369974,0.411597286592467,-0.37574486337922,0.0164235331487878,0.00406834025743879,0.8,0.96334028838381,"hastings_powell_3sp_forced_cycle"
161.805,0.542119687179204,0.413075632152418,-0.398559628821969,0.0181927992304581,0.00735336605318218,0.8,0.986049782343545,"hastings_powell_3sp_forced_cycle"
163.565,0.528803102304479,0.406889144390761,-0.41309901394454,0.0198706034643986,0.0117623945893859,0.8,1.00883762656004,"hastings_powell_3sp_forced_cycle"
165.32,0.528231767971373,0.394185738460926,NA,0.0232410018034813,0.0166848152566196,0.8,1.02996680647088,"hastings_powell_3sp_forced_cycle"
167.08,0.54190909353365,0.377238036728466,-Inf,0.0295662215926891,0.0212099807441868,0.8,1.04807280238835,"hastings_powell_3sp_forced_cycle"
168.84,0.568088428167085,0.3586859492855,-0.415888308335967,0.0341487262590326,0.0246710336548745,0.8,1.06205097560123,"hastings_powell_3sp_forced_cycle"
170.6,0.60188067126813,0.340433653326095,NA,0.0367932513135142,0.0267869683332989,0.8,1.07138154746698,"hastings_powell_3sp_forced_cycle"
172.355,0.637240984349863,0.323417176553162,NA,0.0377009634759815,0.0275062546821889,0.8,1.07594381319552,"hastings_powell_3sp_forced_cycle"
174.115,0.669913895324697,0.307726944990305,NA,0.0371484450969846,0.0268875708901549,0.8,1.07587462547053,"hastings_powell_3sp_forced_cycle"
175.875,0.697846581158772,0.293355833052388,-0.391564431472776,0.0355222040022514,0.0250564074402179,0.8,1.07137072327238,"hastings_powell_3sp_forced_cycle"
177.635,0.720952525829283,0.28028262190641,-0.40443467418754,0.0332627662447741,0.0223513779162387,0.8,1.06272064019076,"hastings_powell_3sp_forced_cycle"
179.39,0.739836499734226,0.268634622951149,-0.384518574139404,0.0304911542839779,0.0194291816672306,0.8,1.05034101439426,"hastings_powell_3sp_forced_cycle"
181.15,0.755276081785818,0.258534301055951,-0.367240554609584,0.0269993529372081,0.01665330776389,0.8,1.0346469275323,"hastings_powell_3sp_forced_cycle"
182.91,0.767660549285668,0.250249605591888,-0.350907095445144,0.0228613439831083,0.0136622504172739,0.8,1.01627258630781,"hastings_powell_3sp_forced_cycle"
184.67,0.777222715210722,0.244017910278383,-0.335426416716397,0.0185282004212093,0.010137863442725,0.8,0.995926838975759,"hastings_powell_3sp_forced_cycle"
186.425,0.784035526690611,0.240068831170787,-0.321379980449374,0.0144467959701807,0.00645041770292985,0.8,0.97445804547253,"hastings_powell_3sp_forced_cycle"
188.185,0.788139929885576,0.23858031551978,-0.310155349061514,0.011901478857105,0.00350711189382471,0.8,0.952571676510077,"hastings_powell_3sp_forced_cycle"
189.945,0.789457908141148,0.239750021306347,-0.302389862076937,0.0121731524301549,0.00224381319074928,0.8,0.931167542313077,"hastings_powell_3sp_forced_cycle"
191.705,0.78788635021085,0.243748041391804,-0.297737284199583,0.0139349754950921,0.00258690889861599,0.8,0.911067888959682,"hastings_powell_3sp_forced_cycle"
193.46,0.783289413238546,0.250708192840663,-0.295585978615196,0.0156139527771438,0.00346691061047909,0.8,0.893104375114663,"hastings_powell_3sp_forced_cycle"
195.22,0.775433344597626,0.260807142571679,-0.295515002385849,0.0163608159262655,0.00387731515134594,0.8,0.877905747476359,"hastings_powell_3sp_forced_cycle"
196.98,0.764063700090143,0.27412180238315,-0.297414037732979,0.0158686470915972,0.00335777597644607,0.8,0.866199373740078,"hastings_powell_3sp_forced_cycle"
198.74,0.748871851209887,0.290652812069479,-0.301415264684791,0.0142437687968048,0.00198646396555547,0.8,0.858590121875183,"hastings_powell_3sp_forced_cycle"
200.495,0.729593154597831,0.310172083684095,-0.307851595110614,0.0120336450294608,0.000367505252351519,0.8,0.85560414545502,"hastings_powell_3sp_forced_cycle"
202.255,0.705835727295178,0.332340097709082,-0.317247258209443,0.0102954626917137,-0.000485108031707121,0.8,0.857645548462015,"hastings_powell_3sp_forced_cycle"
204.015,0.677520971582832,0.356218351173521,-0.329872271352829,0.0102513573990084,0.000208544961517571,0.8,0.86500990374111,"hastings_powell_3sp_forced_cycle"
205.775,0.644868965242717,0.38031357770293,-0.345210282972266,0.011977121043596,0.00214915569494674,0.8,0.877772366193073,"hastings_powell_3sp_forced_cycle"
207.53,0.608854289682233,0.402343235846049,-0.361651765907762,0.0142927484576882,0.00431145552955734,0.8,0.895653763647033,"hastings_powell_3sp_forced_cycle"
209.29,0.571195450163092,0.419538262771914,-0.377321502932921,0.0163438274294866,0.00591059946136767,0.8,0.918124445094433,"hastings_powell_3sp_forced_cycle"
211.05,0.535417096490694,0.428700242452082,-0.392040108807327,0.0180074301581758,0.00700712876280195,0.8,0.943980463354248,"hastings_powell_3sp_forced_cycle"
212.81,0.506634544948217,0.427469714864723,-0.407223968578968,0.0194530326824245,0.00892704192108461,0.8,0.971481721880032,"hastings_powell_3sp_forced_cycle"
214.565,0.491105653331087,0.415635446669642,-0.419484334241614,0.0208150816097769,0.0130379411425168,0.8,0.998352380286978,"hastings_powell_3sp_forced_cycle"
216.325,0.494279991878314,0.395674032505216,-0.433216987849966,0.0252476917100726,0.0185427226972456,0.8,1.02246066792622,"hastings_powell_3sp_forced_cycle"
218.085,0.518165932619781,0.372004678054757,NA,0.0325635369858177,0.023583115857089,0.8,1.04189589727042,"hastings_powell_3sp_forced_cycle"
219.845,0.558592455370863,0.348653287080725,-Inf,0.0371755904636543,0.0271354451109473,0.8,1.05568244016635,"hastings_powell_3sp_forced_cycle"
221.6,0.605988719979745,0.327752409229987,NA,0.0394330381723136,0.0289681768236098,0.8,1.0636523819885,"hastings_powell_3sp_forced_cycle"
223.36,0.650995933697973,0.30946021762962,NA,0.0398048165029855,0.0292079106566307,0.8,1.06615857679665,"hastings_powell_3sp_forced_cycle"
225.12,0.688310531285104,0.293352219903414,-0.391564431472776,0.0387384737565838,0.0280470827388778,0.8,1.06360097333915,"hastings_powell_3sp_forced_cycle"
226.88,0.717431978588159,0.278962330858952,-0.415888308335967,0.0366921657456095,0.025752669714797,0.8,1.05639835879632,"hastings_powell_3sp_forced_cycle"
228.635,0.739929235573811,0.266141237611366,-0.406241597301195,0.0339668685875563,0.0228917593004236,0.8,1.04501335040894,"hastings_powell_3sp_forced_cycle"
230.395,0.757657811682772,0.254875505588836,-0.388423001119264,0.0304690134635686,0.0201273760452184,0.8,1.02987105827256,"hastings_powell_3sp_forced_cycle"
232.155,0.771692976835986,0.245395915026868,-0.369934549937129,0.0262018876012963,0.0173965629002629,0.8,1.01159685208268,"hastings_powell_3sp_forced_cycle"
233.915,0.782632874789783,0.237939290131623,-0.353276217873523,0.0218771717706042,0.0141719306294311,0.8,0.990903840832352,"hastings_powell_3sp_forced_cycle"
235.675,0.790732981283647,0.232739551493476,-0.338019599449518,0.0178839759710527,0.0104900597563707,0.8,0.968599030043154,"hastings_powell_3sp_forced_cycle"
237.43,0.796057263348275,0.230014765832115,-0.32551079544384,0.0143479610493158,0.00709669992092783,0.8,0.945614140041996,"hastings_powell_3sp_forced_cycle"
239.19,0.798617225860059,0.229943539925265,-0.316625449256693,0.0137070549503759,0.0050713622373683,0.8,0.922703252594616,"hastings_powell_3sp_forced_cycle"
240.95,0.798313708586001,0.232719819979292,-0.31114765720718,0.0155079551457762,0.00493588617432042,0.8,0.900806486260982,"hastings_powell_3sp_forced_cycle"
242.71,0.795010889151089,0.238520564208291,-0.308367876707682,0.0176814268714055,0.005889163062304,0.8,0.880762893516516,"hastings_powell_3sp_forced_cycle"
244.465,0.788535477138274,0.247485879986582,-0.307743435615346,0.019051016332307,0.00669242007958429,0.8,0.863405165909259,"hastings_powell_3sp_forced_cycle"
246.225,0.778588596279261,0.259815618689666,-0.309050178077769,0.0191299183445881,0.00660294245846481,0.8,0.84936113299635,"hastings_powell_3sp_forced_cycle"
247.985,0.764856219576261,0.275581389280226,-0.31232561998667,0.01785141136417,0.00545424801362263,0.8,0.839348929077062,"hastings_powell_3sp_forced_cycle"
249.745,0.746959943629284,0.294754044365421,-0.317829000468064,0.0155261121423088,0.00360329195254432,0.8,0.833962706822595,"hastings_powell_3sp_forced_cycle"
251.5,0.724581348203377,0.317010561509797,-0.325998383233529,0.0129742347117972,0.00196003792525549,0.8,0.833704816122134,"hastings_powell_3sp_forced_cycle"
253.26,0.697277611985356,0.341845315753053,-0.337397999067115,0.0115509899250556,0.00165208158918181,0.8,0.838967876501072,"hastings_powell_3sp_forced_cycle"
255.02,0.665018349804005,0.367990573853792,-0.352101926208399,0.0123092521398288,0.00302995680395562,0.8,0.849987811921773,"hastings_powell_3sp_forced_cycle"
256.78,0.628211604230687,0.393457647282511,-0.369093253913427,0.014446980796465,0.00523304982719459,0.8,0.866739852387512,"hastings_powell_3sp_forced_cycle"
258.535,0.588290405066997,0.415317168676862,-0.386496117621424,0.0165033868494122,0.00711398219768,0.8,0.888756167868836,"hastings_powell_3sp_forced_cycle"
260.295,0.547787596169705,0.430147998511495,-0.401155120881697,0.0180558866797819,0.00812687553064913,0.8,0.915246309370881,"hastings_powell_3sp_forced_cycle"
262.055,0.511525334600493,0.434460909817201,-0.410819994484615,0.0194062536802579,0.00897182509366562,0.8,0.944588692502341,"hastings_powell_3sp_forced_cycle"
263.815,0.486137117987222,0.426479015813611,-0.415888308335967,0.020782811871414,0.0117072080156023,0.8,0.974563100104701,"hastings_powell_3sp_forced_cycle"
265.57,0.478901055703899,0.407648269669644,-0.424552648092967,0.0233040307132208,0.0169930628449678,0.8,1.00248768180509,"hastings_powell_3sp_forced_cycle"
267.33,0.494779695094785,0.382347400745791,-Inf,0.031510469239666,0.0228464500517623,0.8,1.02611902175779,"hastings_powell_3sp_forced_cycle"
269.09,0.532759645804871,0.355933240627137,-0.415888308335967,0.0375457877248515,0.0274521291912507,0.8,1.04380490048154,"hastings_powell_3sp_forced_cycle"
270.85,0.584045034130316,0.331857039128,-Inf,0.0409075276898918,0.0302187217461571,0.8,1.05503910827711,"hastings_powell_3sp_forced_cycle"
272.605,0.636111213517966,0.311074964159198,NA,0.0421023630253356,0.0312173267299505,0.8,1.06004489157257,"hastings_powell_3sp_forced_cycle"
274.365,0.680585726107614,0.292954054533707,-0.44235666743886,0.0416826324000917,0.0307331277194304,0.8,1.05933079670782,"hastings_powell_3sp_forced_cycle"
276.125,0.715108452748064,0.276857215254747,NA,0.0401012617102718,0.0290561353624546,0.8,1.05334596013141,"hastings_powell_3sp_forced_cycle"
277.885,0.741334222518728,0.262419012061168,NA,0.0375908539032792,0.0266763111741178,0.8,1.04253543244789,"hastings_powell_3sp_forced_cycle"
279.64,0.761545088656605,0.249652537580592,-0.424552648092967,0.0340361568879962,0.0244247060973215,0.8,1.02744340175266,"hastings_powell_3sp_forced_cycle"
281.4,0.777509193519907,0.238662809060318,-0.392490781124697,0.0294454256745962,0.0223866554508045,0.8,1.00859374571802,"hastings_powell_3sp_forced_cycle"
283.16,0.79005271871218,0.229739246923375,-0.370921905078612,0.0273438238460357,0.0197794182783821,0.8,0.986771015953974,"hastings_powell_3sp_forced_cycle"
284.92,0.799573993580298,0.223134252766274,-0.35402880970624,0.0252325801928413,0.0163165499622967,0.8,0.962840450797527,"hastings_powell_3sp_forced_cycle"
286.675,0.806202454375962,0.219083498848913,-0.339704585814097,0.0213150330576351,0.0124093119221488,0.8,0.937816476500283,"hastings_powell_3sp_forced_cycle"
288.435,0.809996483499173,0.217767169909804,-0.329327580999945,0.016416612719259,0.00894994909632949,0.8,0.912527049963008,"hastings_powell_3sp_forced_cycle"
290.195,0.810881284751369,0.219392093036666,-0.322764130705891,0.0146919089785582,0.00713197862551272,0.8,0.888004213201959,"hastings_powell_3sp_forced_cycle"
291.955,0.808742074169206,0.224151279765792,-0.319078479212584,0.0171167503536995,0.0071913725598402,0.8,0.865168912672985,"hastings_powell_3sp_forced_cycle"
293.71,0.803413715176643,0.232219058193712,-0.317553019281783,0.0192282861757278,0.00796428009234003,0.8,0.844936934578439,"hastings_powell_3sp_forced_cycle"
295.47,0.794599658841793,0.243847789962113,-0.317854960809224,0.0200068316552881,0.00822638114127302,0.8,0.827988607509045,"hastings_powell_3sp_forced_cycle"
297.23,0.781953573478369,0.259206513065029,-0.31997649850223,0.0192189885583822,0.00746176717390305,0.8,0.815117744109144,"hastings_powell_3sp_forced_cycle"
298.99,0.76502975114372,0.278408783259801,-0.324120403312214,0.0170964430342291,0.00586927833554244,0.8,0.80699157619531,"hastings_powell_3sp_forced_cycle"
300.745,0.743383117767299,0.301327344966662,-0.330716817247773,0.0144957115123227,0.00434746354312957,0.8,0.804206842519621,"hastings_powell_3sp_forced_cycle"
302.505,0.71636572329036,0.327711770908585,-0.340519775657273,0.0132894848186648,0.004184160306008,0.8,0.807253825062983,"hastings_powell_3sp_forced_cycle"
304.265,0.683616450997773,0.35656939486453,-0.354117778053351,0.0150804563241949,0.00591680585570633,0.8,0.816523019503179,"hastings_powell_3sp_forced_cycle"
306.025,0.645065158548002,0.38612826720335,-0.371181429971717,0.018142896373583,0.00867565246695778,0.8,0.832177514412485,"hastings_powell_3sp_forced_cycle"
307.78,0.601531626602065,0.41342778866666,-0.390292147793902,0.0204857972165893,0.0111519078377024,0.8,0.853971668630699,"hastings_powell_3sp_forced_cycle"
309.54,0.554859265827939,0.434566268814236,-0.407223968578968,0.0212521775521023,0.0124060830559109,0.8,0.881339183345811,"hastings_powell_3sp_forced_cycle"
311.3,0.509487230771956,0.444779605755955,-0.410819994484615,0.0209528604156649,0.0122863098364601,0.8,0.912809205982016,"hastings_powell_3sp_forced_cycle"
313.06,0.472548622740359,0.440420719190183,-0.41309901394454,0.0213885839690013,0.0124778010974612,0.8,0.946094795917937,"hastings_powell_3sp_forced_cycle"
314.815,0.453417093287764,0.421444977458273,-0.424552648092967,0.0226684884741943,0.0158363510620702,0.8,0.978081105077923,"hastings_powell_3sp_forced_cycle"
316.575,0.460712941543641,0.392499666370024,NA,0.0296466711336933,0.0217745594107529,0.8,1.00580736230058,"hastings_powell_3sp_forced_cycle"
318.335,0.497511021277206,0.36105511082593,NA,0.0371683846507979,0.0272790119624708,0.8,1.02688105820466,"hastings_powell_3sp_forced_cycle"
320.095,0.556062104110559,0.332754084928941,NA,0.0415945943270827,0.0308582028013269,0.8,1.04047764218286,"hastings_powell_3sp_forced_cycle"
321.85,0.61963713356343,0.309360431735228,NA,0.0434516513635519,0.0324104634064674,0.8,1.04695153235275,"hastings_powell_3sp_forced_cycle"
323.61,0.674211824334485,0.28989606547106,-0.47425484556657,0.043476156587517,0.0323168477690584,0.8,1.04712522037165,"hastings_powell_3sp_forced_cycle"
325.37,0.714969901917528,0.273144625117856,NA,0.0422390990443871,0.0309432391420089,0.8,1.04168610711043,"hastings_powell_3sp_forced_cycle"
327.13,0.744252583496416,0.258334011322923,-0.429051468489612,0.0399839924101271,0.0286741875290588,0.8,1.03120739089177,"hastings_powell_3sp_forced_cycle"
328.885,0.765759456400723,0.245282553940139,NA,0.0365664806105188,0.0261806431306045,0.8,1.01628422212692,"hastings_powell_3sp_forced_cycle"
330.645,0.782255389607329,0.234021761867778,-0.407223968578968,0.031706470905898,0.0237735198316005,0.8,0.997459882705071,"hastings_powell_3sp_forced_cycle"
332.405,0.795054848684793,0.224823076786542,-0.38123094930797,0.0273399209156247,0.0209509909701127,0.8,0.975529301141849,"hastings_powell_3sp_forced_cycle"
334.165,0.804758864962363,0.217937227202276,-0.364049619240872,0.0252947713030425,0.0174242270769674,0.8,0.951371143196282,"hastings_powell_3sp_forced_cycle"
335.92,0.811569430748881,0.213601893453215,-0.349880027944601,0.0214818902914797,0.013600250186342,0.8,0.92601812720651,"hastings_powell_3sp_forced_cycle"
337.68,0.815571164257558,0.211995773172791,-0.339672917957609,0.0172817374557921,0.0104743733992474,0.8,0.900315520199943,"hastings_powell_3sp_forced_cycle"
339.44,0.816699386330117,0.213325902392961,-0.333343245663179,0.0179941850090872,0.00925539729623302,0.8,0.875315108041675,"hastings_powell_3sp_forced_cycle"
341.2,0.814846421882654,0.217785881043642,-0.32994790724501,0.02079834495696,0.00991552585445958,0.8,0.851954931552013,"hastings_powell_3sp_forced_cycle"
342.955,0.809852291613338,0.225555236811102,-0.328758341462181,0.0230496970263498,0.011085379780636,0.8,0.831167206619119,"hastings_powell_3sp_forced_cycle"
344.715,0.801427106742429,0.236895838133164,-0.329407066115668,0.0239419689754343,0.0115581567564981,0.8,0.813642289407603,"hastings_powell_3sp_forced_cycle"
346.475,0.789225148017092,0.251999523179259,-0.33186762659892,0.0232445729767587,0.0108366764064357,0.8,0.800188852429709,"hastings_powell_3sp_forced_cycle"
348.235,0.772795782646052,0.271017318867612,-0.336299446283227,0.021087262922836,0.00901897143462419,0.8,0.791490087402279,"hastings_powell_3sp_forced_cycle"
349.995,0.751608501503084,0.293951070044832,-0.343084936879199,0.0180130249005374,0.00678997073574384,0.8,0.788164883871021,"hastings_powell_3sp_forced_cycle"
0,0.6538001,0.3563991,-0.317649535800351,0.0123493775751249,0.00201049356618435,0.9,0.9953945,"hastings_powell_3sp_forced_cycle"
1.755,0.640088039482431,0.364702023472318,-0.324705636122062,0.0143194493895496,0.00389155560256204,0.9,1.00091752584203,"hastings_powell_3sp_forced_cycle"
3.515,0.626489232820735,0.371706755643618,-0.332662168383831,0.0163091513657051,0.00592060178961023,0.9,1.00836551371248,"hastings_powell_3sp_forced_cycle"
5.275,0.613991579714777,0.376774391470463,-0.341179341490264,0.0181928152716681,0.00797490627232331,0.9,1.01735717304851,"hastings_powell_3sp_forced_cycle"
7.035,0.60366679406303,0.379418836345447,-0.350014980171006,0.0198893866629896,0.00995749079266669,0.9,1.02740389458773,"hastings_powell_3sp_forced_cycle"
8.79,0.596605040183043,0.379384701058154,-0.357471693091214,0.0213487803869385,0.0117791235828712,0.9,1.03789500005187,"hastings_powell_3sp_forced_cycle"
10.55,0.593659753958126,0.37670358421678,-0.3606681605629,0.0225569885253534,0.0133647399587079,0.9,1.0482648230892,"hastings_powell_3sp_forced_cycle"
12.31,0.595360065837755,0.371692022985537,-0.369678496298637,0.0235001010941502,0.0146184009638824,0.9,1.05786858820885,"hastings_powell_3sp_forced_cycle"
14.07,0.601650676942825,0.364880103999582,-0.365173328430769,0.0241738095180912,0.0154561897048159,0.9,1.06616066643122,"hastings_powell_3sp_forced_cycle"
15.825,0.611847838482805,0.356905255754461,-0.359497488166702,0.0245698872922031,0.015818252552368,0.9,1.07269302305686,"hastings_powell_3sp_forced_cycle"
17.585,0.624907261841769,0.348297433568391,-0.359497488166702,0.0246671264152714,0.0156832874133304,0.9,1.07720486912042,"hastings_powell_3sp_forced_cycle"
19.345,0.639514273609596,0.339546504371308,-0.357471693091214,0.0244158493291846,0.0150606076571503,0.9,1.07950719408776,"hastings_powell_3sp_forced_cycle"
21.105,0.654473985262021,0.330999727018259,-0.355094151828224,0.0237517565167952,0.0139822277231209,0.9,1.07954697902183,"hastings_powell_3sp_forced_cycle"
22.86,0.668828932191692,0.322931229380006,-0.347955456056762,0.0226219793847839,0.0124926320580292,0.9,1.07737563685989,"hastings_powell_3sp_forced_cycle"
24.62,0.682062326337216,0.315488549318442,-0.339808282320516,0.0209997471806861,0.0106345310907574,0.9,1.07310206772403,"hastings_powell_3sp_forced_cycle"
26.38,0.693791671421821,0.308861026119694,-0.332479781204882,0.0189306539327388,0.00850105726134782,0.9,1.0669200179981,"hastings_powell_3sp_forced_cycle"
28.14,0.70384346348006,0.303202085194124,-0.326153492757662,0.0165444569339769,0.00625347869449537,0.9,1.05908254306022,"hastings_powell_3sp_forced_cycle"
29.895,0.712109461739317,0.298669129968684,-0.321407853633614,0.0140903740562196,0.0041430065982101,0.9,1.04992653424292,"hastings_powell_3sp_forced_cycle"
31.655,0.718584156178407,0.295373268097114,-0.318087515707797,0.0119406815013621,0.00244525667867221,0.9,1.03975664495916,"hastings_powell_3sp_forced_cycle"
33.415,0.723197339858913,0.293452728522071,-0.315964098421084,0.0105909036337731,0.00138399851747324,0.9,1.02899342536115,"hastings_powell_3sp_forced_cycle"
35.175,0.725903953596263,0.293011980223834,-0.314841020636463,0.0102853893245892,0.000979929647472947,0.9,1.01805969475914,"hastings_powell_3sp_forced_cycle"
36.93,0.726657532547975,0.294124847146894,-0.314633330269661,0.0106945060893595,0.001044246711949,0.9,1.00742098535297,"hastings_powell_3sp_forced_cycle"
38.69,0.725416138576194,0.296844768438624,-0.315270358619619,0.0112918979625937,0.00130351766026906,0.9,0.997450860227122,"hastings_powell_3sp_forced_cycle"
40.45,0.722134722507537,0.301177312578799,-0.316684137133785,0.0117382306109328,0.00153497210291423,0.9,0.98860061437772,"hastings_powell_3sp_forced_cycle"
42.21,0.716787834422661,0.307076824273419,-0.318886411074513,0.0119165268852095,0.00163569153225639,0.9,0.981261965093255,"hastings_powell_3sp_forced_cycle"
43.965,0.709401322954858,0.314408066700013,-0.321875449132526,0.011877342705123,0.00163318056338209,0.9,0.975796707149518,"hastings_powell_3sp_forced_cycle"
45.725,0.699980802154498,0.323016556874882,-0.325666605874512,0.011801451175966,0.00166473644048255,0.9,0.972465346270801,"hastings_powell_3sp_forced_cycle"
47.485,0.688664161603123,0.332583577967419,-0.330372604363355,0.0119559359727944,0.00193146091765421,0.9,0.97150637286596,"hastings_powell_3sp_forced_cycle"
49.245,0.675677446581384,0.342689873412276,-0.336028088666762,0.0125892588654814,0.00262009866085717,0.9,0.973050706693969,"hastings_powell_3sp_forced_cycle"
51,0.661436067702918,0.352761959283035,-0.342677317139056,0.0137854232702277,0.00381451373371035,0.9,0.977106774429847,"hastings_powell_3sp_forced_cycle"
52.76,0.64642114978099,0.362199905383888,-0.351019260015289,0.0154371281619335,0.00547741078067913,0.9,0.983595961459849,"hastings_powell_3sp_forced_cycle"
54.52,0.631458997791271,0.370244979781028,-0.360159807073922,0.017325213813449,0.00747009111361737,0.9,0.992267434245746,"hastings_powell_3sp_forced_cycle"
56.28,0.617566284401301,0.376176838357544,-0.369678496298637,0.0192462430737684,0.00963318461093298,0.9,1.00272943709355,"hastings_powell_3sp_forced_cycle"
58.035,0.60596848687844,0.379393773857692,-0.369678496298637,0.0210538287931619,0.0118175921948944,0.9,1.01441295091652,"hastings_powell_3sp_forced_cycle"
59.795,0.597845377411478,0.379565306524018,-0.372874963770324,0.0226768028113719,0.0139076057347638,0.9,1.02673506668811,"hastings_powell_3sp_forced_cycle"
61.555,0.594321642921751,0.37666580616914,-0.369678496298637,0.0240654578024079,0.0157646381687487,0.9,1.0389450559973,"hastings_powell_3sp_forced_cycle"
63.315,0.596061123870807,0.371030656828773,-Inf,0.0251901558712715,0.0172476055171542,0.9,1.05032192997273,"hastings_powell_3sp_forced_cycle"
65.07,0.603052204813271,0.363279662419718,-0.377380131638192,0.0260277181203093,0.0182231407239636,0.9,1.06018665778834,"hastings_powell_3sp_forced_cycle"
66.83,0.614632770094352,0.354069727315695,-0.365173328430769,0.026577531477211,0.0186049141491638,0.9,1.06806513086059,"hastings_powell_3sp_forced_cycle"
68.59,0.629519372197654,0.34408191978815,-0.359497488166702,0.0268284644623639,0.0183598296833906,0.9,1.07354463178281,"hastings_powell_3sp_forced_cycle"
70.35,0.646202626745148,0.333850121964636,-0.354275225619528,0.0267238082329716,0.0175228063718503,0.9,1.07639240546434,"hastings_powell_3sp_forced_cycle"
72.105,0.663241109835139,0.323796416320752,-0.371454482125859,0.0261543583351179,0.016165546139514,0.9,1.07651206383283,"hastings_powell_3sp_forced_cycle"
73.865,0.679680984389588,0.314152347156616,-0.360038852992144,0.024991779267329,0.0143254305562992,0.9,1.07391730002991,"hastings_powell_3sp_forced_cycle"
75.625,0.694803926288702,0.305178013887564,-0.347341193847107,0.0231591376874643,0.0120130145658298,0.9,1.0687153880957,"hastings_powell_3sp_forced_cycle"
77.385,0.708243127479364,0.297079742206996,-0.334483901245837,0.0206915530247811,0.00926594012353924,0.9,1.06110810690895,"hastings_powell_3sp_forced_cycle"
79.14,0.719786736106669,0.290073356401491,-0.323799839706144,0.0178006268895945,0.00627009725380547,0.9,1.0514123732706,"hastings_powell_3sp_forced_cycle"
80.9,0.729408144848107,0.284310095392708,-0.316181263134903,0.0148868158531239,0.0034004946627143,0.9,1.03993700788953,"hastings_powell_3sp_forced_cycle"
82.66,0.737010801763907,0.279993471049309,-0.311756146386232,0.0126007339239855,0.00123792557752475,0.9,1.02714024588821,"hastings_powell_3sp_forced_cycle"
84.42,0.742538397356448,0.27729029012745,-0.309435968402329,0.0115763514129825,0.000258353381146338,0.9,1.01351050975274,"hastings_powell_3sp_forced_cycle"
86.175,0.745922843412859,0.27634730953287,-0.308379673290863,0.0118689403459274,0.000439478393838747,0.9,0.999614025327427,"hastings_powell_3sp_forced_cycle"
87.935,0.74711436113739,0.277281024272839,-0.30826165054153,0.0128620273528038,0.00126547002447666,0.9,0.985917233366602,"hastings_powell_3sp_forced_cycle"
89.695,0.746023628010518,0.280189190083682,-0.308987576465891,0.0138576667475475,0.00213372134167163,0.9,0.973008714365856,"hastings_powell_3sp_forced_cycle"
91.455,0.742568728186451,0.28512698987058,-0.310552476001658,0.0144355142788106,0.00264435571601073,0.9,0.961423003641043,"hastings_powell_3sp_forced_cycle"
93.21,0.736687789965515,0.292077431950166,-0.312941536142232,0.0144453993849145,0.00264009988288535,0.9,0.951689123584776,"hastings_powell_3sp_forced_cycle"
94.97,0.728275265207487,0.301017854688309,-0.31618585635783,0.013940093695642,0.00216651465413308,0.9,0.9442099990719,"hastings_powell_3sp_forced_cycle"
96.73,0.717300544112481,0.31177449375379,-0.320307639505923,0.0131554963014727,0.00145301481769121,0.9,0.939415787085696,"hastings_powell_3sp_forced_cycle"
98.49,0.703778299994857,0.324062004926889,-0.325391609674114,0.0125053803140891,0.000895446750094495,0.9,0.937629208351213,"hastings_powell_3sp_forced_cycle"
100.245,0.68787588575098,0.337389144672024,-0.331749860304414,0.0124794624251633,0.000950878169941993,0.9,0.939066814590806,"hastings_powell_3sp_forced_cycle"
102.005,0.669788605772363,0.351179510352532,-0.339738899753755,0.013380766690237,0.00191319851987036,0.9,0.943839567292332,"hastings_powell_3sp_forced_cycle"
103.765,0.650094239712653,0.364524907383286,-0.349908715199664,0.0151168434774746,0.003739242076558,0.9,0.951898863016858,"hastings_powell_3sp_forced_cycle"
105.525,0.629668502878332,0.376362289980929,-0.361444403914256,0.017321182593499,0.00613923331886778,0.9,0.963010996098843,"hastings_powell_3sp_forced_cycle"
107.28,0.6098554691658,0.385512422937065,-0.380812744979789,0.0196190436495992,0.00880411893215154,0.9,0.976687619297243,"hastings_powell_3sp_forced_cycle"
109.04,0.592252585163255,0.390960554479296,-0.403081196310305,0.0217902624045213,0.0115591026399142,0.9,0.99233720259918,"hastings_powell_3sp_forced_cycle"
110.8,0.578935963634865,0.39194591424417,-0.377380131638192,0.0237294721294012,0.014278335766824,0.9,1.00904661315413,"hastings_powell_3sp_forced_cycle"
112.56,0.571912665080486,0.38831340445746,-Inf,0.0254143474446176,0.0168110729362369,0.9,1.02579401417164,"hastings_powell_3sp_forced_cycle"
114.315,0.57265694332326,0.380601870726879,-0.377380131638192,0.0268191901768787,0.0189222572283757,0.9,1.04147863063588,"hastings_powell_3sp_forced_cycle"
116.075,0.581583141336776,0.369798736014292,-Inf,0.0278874052169434,0.020370578213739,0.9,1.05522581487945,"hastings_powell_3sp_forced_cycle"
117.835,0.597709964264699,0.357143476863417,-0.361976860959083,0.0285924151023679,0.0209692133747372,0.9,1.06622195344823,"hastings_powell_3sp_forced_cycle"
119.595,0.618835804502731,0.343709290443382,-0.352966525223346,0.0290331217741832,0.0206938195826171,0.9,1.07394763732967,"hastings_powell_3sp_forced_cycle"
121.355,0.642259159717445,0.33024636993484,-0.349770057751659,0.029217296418592,0.0197188537919756,0.9,1.0781158087764,"hastings_powell_3sp_forced_cycle"
123.11,0.665547892398042,0.317239406694798,-0.3816306088364,0.0289489820980171,0.0183325606909913,0.9,1.07862707068993,"hastings_powell_3sp_forced_cycle"
124.87,0.687285069207865,0.304881540531165,-0.366117949537076,0.0279309844045797,0.016617234895553,0.9,1.07551968612183,"hastings_powell_3sp_forced_cycle"
126.63,0.706657319068165,0.293413380387299,-0.351399146519148,0.0259176890995522,0.0143389779630532,0.9,1.06893696015386,"hastings_powell_3sp_forced_cycle"
128.39,0.723444894439033,0.283036837270751,-0.339695507587172,0.022887851231244,0.0112844873115873,0.9,1.05913771314057,"hastings_powell_3sp_forced_cycle"
130.145,0.73762439972952,0.273994112852687,-0.329228848553395,0.019117477182842,0.007588954116525,0.9,1.04652965031165,"hastings_powell_3sp_forced_cycle"
131.905,0.749341447528565,0.266460972656176,-0.31998574806061,0.0150847617811815,0.00368575603542175,0.9,1.03151382079681,"hastings_powell_3sp_forced_cycle"
133.665,0.758593419222312,0.260688642782444,-0.312692369994775,0.0116016349186911,0.000344935471056658,0.9,1.01469035237427,"hastings_powell_3sp_forced_cycle"
135.425,0.765381882413379,0.256885578600481,-0.307713306482514,0.0097973336286774,-0.00146296218937161,0.9,0.996701467871148,"hastings_powell_3sp_forced_cycle"
137.18,0.769664154066769,0.255241325225019,-0.304817577215521,0.0101896108091849,-0.00129780290982484,0.9,0.978290867746191,"hastings_powell_3sp_forced_cycle"
138.94,0.771400720541495,0.255912533430743,-0.303518262517443,0.0118368660737559,0.000100449512560418,0.9,0.960065836380478,"hastings_powell_3sp_forced_cycle"
140.7,0.770483570870683,0.259051339705046,-0.303468469804047,0.0134476380540201,0.0015626357622878,0.9,0.942790671504972,"hastings_powell_3sp_forced_cycle"
142.46,0.766791361477784,0.264776644495072,-0.304448485459533,0.0142859692073953,0.00233800644575326,0.9,0.927155429290169,"hastings_powell_3sp_forced_cycle"
144.215,0.760196444930923,0.273144169527503,-0.30639331590003,0.0141187676096129,0.00216672115105104,0.9,0.913845882708884,"hastings_powell_3sp_forced_cycle"
145.975,0.750485793858938,0.284228378190114,-0.309375257662456,0.0130507708441191,0.00114714788803776,0.9,0.903384987003893,"hastings_powell_3sp_forced_cycle"
147.735,0.737486579789577,0.297943131179661,-0.313548240462332,0.0115373128017876,-0.000260764682853002,0.9,0.896350414985708,"hastings_powell_3sp_forced_cycle"
149.495,0.721029158351924,0.314073583515048,-0.319189981120124,0.0104505196560385,-0.00120803260946566,0.9,0.893199049490294,"hastings_powell_3sp_forced_cycle"
151.25,0.701077221309551,0.332126205451808,-0.326506370776704,0.0107584554446335,-0.000813948850714984,0.9,0.894277309133462,"hastings_powell_3sp_forced_cycle"
153.01,0.677579415692678,0.351449009299078,-0.33557593826301,0.0126790669765171,0.0010879906725537,0.9,0.899813256652329,"hastings_powell_3sp_forced_cycle"
154.77,0.650948305491096,0.370830429045628,-0.346114908473239,0.0155346210432767,0.00386961342168704,0.9,0.909852889188037,"hastings_powell_3sp_forced_cycle"
156.53,0.622036553954872,0.388657137292549,-0.356448569617318,0.0185480826881071,0.00680362081524101,0.9,0.924198469396437,"hastings_powell_3sp_forced_cycle"
158.285,0.59250510655799,0.402907833343073,-0.367730524650771,0.0212503462229726,0.00947771189299622,0.9,0.942285585211655,"hastings_powell_3sp_forced_cycle"
160.045,0.564686494369974,0.411597286592467,-0.377357502944274,0.0234961939158275,0.0119027495950833,0.9,0.96334028838381,"hastings_powell_3sp_forced_cycle"
161.805,0.542119687179204,0.413075632152418,-0.38320250636503,0.0253371275018549,0.0143748856431466,0.9,0.986049782343545,"hastings_powell_3sp_forced_cycle"
163.565,0.528803102304479,0.406889144390761,NA,0.0269235123543248,0.0170893870544204,0.9,1.00883762656004,"hastings_powell_3sp_forced_cycle"
165.32,0.528231767971373,0.394185738460926,-0.369678496298637,0.0283313499526274,0.0197176655680925,0.9,1.02996680647088,"hastings_powell_3sp_forced_cycle"
167.08,0.54190909353365,0.377238036728466,-0.365173328430769,0.0294516539561133,0.0216576301953541,0.9,1.04807280238835,"hastings_powell_3sp_forced_cycle"
168.84,0.568088428167085,0.3586859492855,-0.354275225619528,0.0301082255757811,0.0224712820470697,0.9,1.06205097560123,"hastings_powell_3sp_forced_cycle"
170.6,0.60188067126813,0.340433653326095,-0.346573590279973,0.0305319848000503,0.022167176923013,0.9,1.07138154746698,"hastings_powell_3sp_forced_cycle"
172.355,0.637240984349863,0.323417176553162,-0.351795852827148,0.0309286420051081,0.0212764228331574,0.9,1.07594381319552,"hastings_powell_3sp_forced_cycle"
174.115,0.669913895324697,0.307726944990305,-0.393414408550922,0.031029392857411,0.0204660006977969,0.9,1.07587462547053,"hastings_powell_3sp_forced_cycle"
175.875,0.697846581158772,0.293355833052388,NA,0.0303430597529365,0.0195647200370429,0.9,1.07137072327238,"hastings_powell_3sp_forced_cycle"
177.635,0.720952525829283,0.28028262190641,-0.366701463382515,0.0284977825296736,0.0178066820863545,0.9,1.06272064019076,"hastings_powell_3sp_forced_cycle"
179.39,0.739836499734226,0.268634622951149,-0.358562595542575,0.0256226507109887,0.0150406821808512,0.9,1.05034101439426,"hastings_powell_3sp_forced_cycle"
181.15,0.755276081785818,0.258534301055951,-0.35000359155437,0.0221022053622117,0.0116703206492694,0.9,1.0346469275323,"hastings_powell_3sp_forced_cycle"
182.91,0.767660549285668,0.250249605591888,-0.341144167049533,0.0181585286419975,0.00813622700350615,0.9,1.01627258630781,"hastings_powell_3sp_forced_cycle"
184.67,0.777222715210722,0.244017910278383,-0.334779448705321,0.0138488775252538,0.00484242565155303,0.9,0.995926838975759,"hastings_powell_3sp_forced_cycle"
186.425,0.784035526690611,0.240068831170787,-0.330998050861574,0.0097793909792711,0.00250054684237343,0.9,0.97445804547253,"hastings_powell_3sp_forced_cycle"
188.185,0.788139929885576,0.23858031551978,-0.328795604829777,0.00936939571453588,0.00183828398017031,0.9,0.952571676510077,"hastings_powell_3sp_forced_cycle"
189.945,0.789457908141148,0.239750021306347,-0.327663555389904,0.011865212650268,0.0025991351627065,0.9,0.931167542313077,"hastings_powell_3sp_forced_cycle"
191.705,0.78788635021085,0.243748041391804,-0.32755334476022,0.0138368012257832,0.00362673689556727,0.9,0.911067888959682,"hastings_powell_3sp_forced_cycle"
193.46,0.783289413238546,0.250708192840663,-0.328216304985957,0.0145211039645798,0.00399672851609552,0.9,0.893104375114663,"hastings_powell_3sp_forced_cycle"
195.22,0.775433344597626,0.260807142571679,-0.329719163298133,0.0138091124949604,0.00341441982835763,0.9,0.877905747476359,"hastings_powell_3sp_forced_cycle"
196.98,0.764063700090143,0.27412180238315,-0.33219100779692,0.011991271511607,0.00217244002298763,0.9,0.866199373740078,"hastings_powell_3sp_forced_cycle"
198.74,0.748871851209887,0.290652812069479,-0.335589019241597,0.0101252458683427,0.00117820325629142,0.9,0.858590121875183,"hastings_powell_3sp_forced_cycle"
200.495,0.729593154597831,0.310172083684095,-0.340863081934392,0.0104631410810355,0.00158740482981152,0.9,0.85560414545502,"hastings_powell_3sp_forced_cycle"
202.255,0.705835727295178,0.332340097709082,-0.347751107392278,0.0134664222575957,0.00371266548065465,0.9,0.857645548462015,"hastings_powell_3sp_forced_cycle"
204.015,0.677520971582832,0.356218351173521,-0.356511867801688,0.0172018003787779,0.00677723480415694,0.9,0.86500990374111,"hastings_powell_3sp_forced_cycle"
205.775,0.644868965242717,0.38031357770293,-0.368176406586815,0.0206495927525178,0.00990642250009812,0.9,0.877772366193073,"hastings_powell_3sp_forced_cycle"
207.53,0.608854289682233,0.402343235846049,-0.37661364258539,0.0234387162696137,0.0125340025319033,0.9,0.895653763647033,"hastings_powell_3sp_forced_cycle"
209.29,0.571195450163092,0.419538262771914,-0.405773475388988,0.025416948291597,0.0143483341999053,0.9,0.918124445094433,"hastings_powell_3sp_forced_cycle"
211.05,0.535417096490694,0.428700242452082,NA,0.026668913069508,0.0154316811202159,0.9,0.943980463354248,"hastings_powell_3sp_forced_cycle"
212.81,0.506634544948217,0.427469714864723,-0.422890351616043,0.0276165079730274,0.016585992731153,0.9,0.971481721880032,"hastings_powell_3sp_forced_cycle"
214.565,0.491105653331087,0.415635446669642,NA,0.0286531614839617,0.0186502516019025,0.9,0.998352380286978,"hastings_powell_3sp_forced_cycle"
216.325,0.494279991878314,0.395674032505216,-0.369678496298637,0.0298416589095252,0.0212048551062198,0.9,1.02246066792622,"hastings_powell_3sp_forced_cycle"
218.085,0.518165932619781,0.372004678054757,-0.357471693091214,0.0308220103055217,0.0230525042296342,0.9,1.04189589727042,"hastings_powell_3sp_forced_cycle"
219.845,0.558592455370863,0.348653287080725,-0.346573590279973,0.0312138163870766,0.0235248771845404,0.9,1.05568244016635,"hastings_powell_3sp_forced_cycle"
221.6,0.605988719979745,0.327752409229987,-0.348057272420245,0.0314651032265279,0.0228480236364765,0.9,1.0636523819885,"hastings_powell_3sp_forced_cycle"
223.36,0.650995933697973,0.30946021762962,-0.39744386773294,0.0318250162007699,0.0219873770620918,0.9,1.06615857679665,"hastings_powell_3sp_forced_cycle"
225.12,0.688310531285104,0.293352219903414,NA,0.0318351938216916,0.0214818159699251,0.9,1.06360097333915,"hastings_powell_3sp_forced_cycle"
226.88,0.717431978588159,0.278962330858952,-0.381204738441949,0.0308740790602975,0.0204856828859352,0.9,1.05639835879632,"hastings_powell_3sp_forced_cycle"
228.635,0.739929235573811,0.266141237611366,-0.371439151867735,0.0287378951958625,0.0183495996515675,0.9,1.04501335040894,"hastings_powell_3sp_forced_cycle"
230.395,0.757657811682772,0.254875505588836,-0.360552005874372,0.0257637919875081,0.0153659871241384,0.9,1.02987105827256,"hastings_powell_3sp_forced_cycle"
232.155,0.771692976835986,0.245395915026868,-0.355873930233059,0.0222528261510822,0.0120404702933939,0.9,1.01159685208268,"hastings_powell_3sp_forced_cycle"
233.915,0.782632874789783,0.237939290131623,-0.347667368866787,0.0182092499952578,0.008704451353244,0.9,0.990903840832352,"hastings_powell_3sp_forced_cycle"
235.675,0.790732981283647,0.232739551493476,-0.344664142980788,0.0137423182898302,0.00589170466957289,0.9,0.968599030043154,"hastings_powell_3sp_forced_cycle"
237.43,0.796057263348275,0.230014765832115,-0.342421185726711,0.0109890519966241,0.00451747707223713,0.9,0.945614140041996,"hastings_powell_3sp_forced_cycle"
239.19,0.798617225860059,0.229943539925265,-0.341286413559195,0.0134488435120111,0.00490097054297962,0.9,0.922703252594616,"hastings_powell_3sp_forced_cycle"
240.95,0.798313708586001,0.232719819979292,-0.340982388920073,0.0160406464212199,0.00608606997398557,0.9,0.900806486260982,"hastings_powell_3sp_forced_cycle"
242.71,0.795010889151089,0.238520564208291,-0.341310604684284,0.0174022289036809,0.00687799685121425,0.9,0.880762893516516,"hastings_powell_3sp_forced_cycle"
244.465,0.788535477138274,0.247485879986582,-0.342876175049985,0.0172660353695419,0.00668495414663725,0.9,0.863405165909259,"hastings_powell_3sp_forced_cycle"
246.225,0.778588596279261,0.259815618689666,-0.345131142346569,0.0157081872150103,0.00552145454030972,0.9,0.84936113299635,"hastings_powell_3sp_forced_cycle"
247.985,0.764856219576261,0.275581389280226,-0.347667368866787,0.0132497509306584,0.00400433707416707,0.9,0.839348929077062,"hastings_powell_3sp_forced_cycle"
249.745,0.746959943629284,0.294754044365421,-0.352365778320342,0.0116260863269085,0.00334539737128877,0.9,0.833962706822595,"hastings_powell_3sp_forced_cycle"
251.5,0.724581348203377,0.317010561509797,-0.358955375231487,0.0134499608299669,0.00453453446312751,0.9,0.833704816122134,"hastings_powell_3sp_forced_cycle"
253.26,0.697277611985356,0.341845315753053,-0.367390921648383,0.0172144266904785,0.00725644522539921,0.9,0.838967876501072,"hastings_powell_3sp_forced_cycle"
255.02,0.665018349804005,0.367990573853792,-0.374027770588871,0.0209667949127021,0.0104714330974905,0.9,0.849987811921773,"hastings_powell_3sp_forced_cycle"
256.78,0.628211604230687,0.393457647282511,-0.373197946991704,0.024088566268334,0.0133940452088781,0.9,0.866739852387512,"hastings_powell_3sp_forced_cycle"
258.535,0.588290405066997,0.415317168676862,NA,0.0262865497441493,0.0155071267975456,0.9,0.888756167868836,"hastings_powell_3sp_forced_cycle"
260.295,0.547787596169705,0.430147998511495,NA,0.0274732528564092,0.0165717014942551,0.9,0.915246309370881,"hastings_powell_3sp_forced_cycle"
262.055,0.511525334600493,0.434460909817201,-0.423635179403296,0.0280480714731795,0.0170704173982234,0.9,0.944588692502341,"hastings_powell_3sp_forced_cycle"
263.815,0.486137117987222,0.426479015813611,NA,0.0287518106577923,0.0183851347240863,0.9,0.974563100104701,"hastings_powell_3sp_forced_cycle"
265.57,0.478901055703899,0.407648269669644,-0.361976860959083,0.0299599765417932,0.0210204339103786,0.9,1.00248768180509,"hastings_powell_3sp_forced_cycle"
267.33,0.494779695094785,0.382347400745791,-0.369678496298637,0.031459149124317,0.0236386930881766,0.9,1.02611902175779,"hastings_powell_3sp_forced_cycle"
269.09,0.532759645804871,0.355933240627137,-0.346573590279973,0.0323302526491053,0.0249310247466873,0.9,1.04380490048154,"hastings_powell_3sp_forced_cycle"
270.85,0.584045034130316,0.331857039128,-0.349770057751659,0.0324193973882622,0.0247304591071013,0.9,1.05503910827711,"hastings_powell_3sp_forced_cycle"
272.605,0.636111213517966,0.311074964159198,-0.361976860959083,0.0328560371656503,0.0240925481291266,0.9,1.06004489157257,"hastings_powell_3sp_forced_cycle"
274.365,0.680585726107614,0.292954054533707,-0.369678496298637,0.0337636098138243,0.024271812631374,0.9,1.05933079670782,"hastings_powell_3sp_forced_cycle"
276.125,0.715108452748064,0.276857215254747,-0.376788659119701,0.0342401818161351,0.02437489058509,0.9,1.05334596013141,"hastings_powell_3sp_forced_cycle"
277.885,0.741334222518728,0.262419012061168,-0.373468820882296,0.0333662382849169,0.0230928484309258,0.9,1.04253543244789,"hastings_powell_3sp_forced_cycle"
279.64,0.761545088656605,0.249652537580592,-0.370627855272468,0.0313632003139676,0.0207013580741577,0.9,1.02744340175266,"hastings_powell_3sp_forced_cycle"
281.4,0.777509193519907,0.238662809060318,-0.364069607575695,0.0286682259650895,0.0178267364024949,0.9,1.00859374571802,"hastings_powell_3sp_forced_cycle"
283.16,0.79005271871218,0.229739246923375,-0.364612779303974,0.0253023066430155,0.0146648259528167,0.9,0.986771015953974,"hastings_powell_3sp_forced_cycle"
284.92,0.799573993580298,0.223134252766274,-0.357666070687973,0.0211340901135152,0.0113525269267545,0.9,0.962840450797527,"hastings_powell_3sp_forced_cycle"
286.675,0.806202454375962,0.219083498848913,-0.352365778320342,0.0163009668805239,0.00857980146206513,0.9,0.937816476500283,"hastings_powell_3sp_forced_cycle"
288.435,0.809996483499173,0.217767169909804,-0.35327953496742,0.0124045392471678,0.00736422571816177,0.9,0.912527049963008,"hastings_powell_3sp_forced_cycle"
290.195,0.810881284751369,0.219392093036666,-0.351795852827148,0.0157795607371059,0.0077481389556102,0.9,0.888004213201959,"hastings_powell_3sp_forced_cycle"
291.955,0.808742074169206,0.224151279765792,-0.350736850829322,0.0179002958000952,0.00852838383522177,0.9,0.865168912672985,"hastings_powell_3sp_forced_cycle"
293.71,0.803413715176643,0.232219058193712,-0.351253739891932,0.0183715943783204,0.00865330476567804,0.9,0.844936934578439,"hastings_powell_3sp_forced_cycle"
295.47,0.794599658841793,0.243847789962113,-0.351795852827148,0.0171601103978441,0.00783873845351903,0.9,0.827988607509045,"hastings_powell_3sp_forced_cycle"
297.23,0.781953573478369,0.259206513065029,-0.354627988934134,0.0146325676562137,0.00657352260330781,0.9,0.815117744109144,"hastings_powell_3sp_forced_cycle"
298.99,0.76502975114372,0.278408783259801,-0.359497488166702,0.0129990979341054,0.00608415404543584,0.9,0.80699157619531,"hastings_powell_3sp_forced_cycle"
300.745,0.743383117767299,0.301327344966662,-0.365173328430769,0.0161801386777337,0.00747610017433611,0.9,0.804206842519621,"hastings_powell_3sp_forced_cycle"
302.505,0.71636572329036,0.327711770908585,-0.368176513890898,0.0206043183213049,0.0104499077697147,0.9,0.807253825062983,"hastings_powell_3sp_forced_cycle"
304.265,0.683616450997773,0.35656939486453,-0.378012542906498,0.0246548582922105,0.0138992253107654,0.9,0.816523019503179,"hastings_powell_3sp_forced_cycle"
306.025,0.645065158548002,0.38612826720335,-0.37791427451631,0.0279649037425981,0.0170622704523138,0.9,0.832177514412485,"hastings_powell_3sp_forced_cycle"
307.78,0.601531626602065,0.41342778866666,-0.380641600590796,0.0302767291416161,0.0194404587272217,0.9,0.853971668630699,"hastings_powell_3sp_forced_cycle"
309.54,0.554859265827939,0.434566268814236,NA,0.0312313941570332,0.0205432261134645,0.9,0.881339183345811,"hastings_powell_3sp_forced_cycle"
311.3,0.509487230771956,0.444779605755955,NA,0.0308167841528856,0.0202268050944721,0.9,0.912809205982016,"hastings_powell_3sp_forced_cycle"
313.06,0.472548622740359,0.440420719190183,-0.375757171432468,0.0301662140474629,0.0196912526914714,0.9,0.946094795917937,"hastings_powell_3sp_forced_cycle"
314.815,0.453417093287764,0.421444977458273,-0.361976860959083,0.0305170266333283,0.0209701184883806,0.9,0.978081105077923,"hastings_powell_3sp_forced_cycle"
316.575,0.460712941543641,0.392499666370024,-0.361976860959083,0.0318969938532727,0.0236601047441087,0.9,1.00580736230058,"hastings_powell_3sp_forced_cycle"
318.335,0.497511021277206,0.36105511082593,-0.351795852827148,0.0332290803071802,0.025581825829822,0.9,1.02688105820466,"hastings_powell_3sp_forced_cycle"
320.095,0.556062104110559,0.332754084928941,-0.351795852827148,0.033349441915742,0.025766935517425,0.9,1.04047764218286,"hastings_powell_3sp_forced_cycle"
321.85,0.61963713356343,0.309360431735228,-0.361976860959083,0.0332545198572261,0.0249546991338707,0.9,1.04695153235275,"hastings_powell_3sp_forced_cycle"
323.61,0.674211824334485,0.28989606547106,-0.369678496298637,0.0338526655063505,0.0247730317235976,0.9,1.04712522037165,"hastings_powell_3sp_forced_cycle"
325.37,0.714969901917528,0.273144625117856,-0.354275225619528,0.0344524311835831,0.0249242536061001,0.9,1.04168610711043,"hastings_powell_3sp_forced_cycle"
327.13,0.744252583496416,0.258334011322923,NA,0.0338697410834674,0.023858108245618,0.9,1.03120739089177,"hastings_powell_3sp_forced_cycle"
328.885,0.765759456400723,0.245282553940139,-0.37746087269684,0.0320262652905517,0.0215750637448291,0.9,1.01628422212692,"hastings_powell_3sp_forced_cycle"
330.645,0.782255389607329,0.234021761867778,-0.367870161031468,0.0293425535381308,0.0187033448416401,0.9,0.997459882705071,"hastings_powell_3sp_forced_cycle"
332.405,0.795054848684793,0.224823076786542,-0.375318798429982,0.0258898762039354,0.0155156033537456,0.9,0.975529301141849,"hastings_powell_3sp_forced_cycle"
334.165,0.804758864962363,0.217937227202276,-0.358438486168877,0.0215736288697841,0.0122467151621381,0.9,0.951371143196282,"hastings_powell_3sp_forced_cycle"
335.92,0.811569430748881,0.213601893453215,-0.361976860959083,0.0166624988302765,0.00973895661181719,0.9,0.92601812720651,"hastings_powell_3sp_forced_cycle"
337.68,0.815571164257558,0.211995773172791,-0.363460543099355,0.0157696837499781,0.00906348021022905,0.9,0.900315520199943,"hastings_powell_3sp_forced_cycle"
339.44,0.816699386330117,0.213325902392961,-0.359497488166702,0.019136835381621,0.0100128409842641,0.9,0.875315108041675,"hastings_powell_3sp_forced_cycle"
341.2,0.814846421882654,0.217785881043642,-0.363928767907714,0.0213947579482365,0.011182534386923,0.9,0.851954931552013,"hastings_powell_3sp_forced_cycle"
342.955,0.809852291613338,0.225555236811102,-0.364020910890406,0.0220514560654667,0.0115172250391556,0.9,0.831167206619119,"hastings_powell_3sp_forced_cycle"
344.715,0.801427106742429,0.236895838133164,-0.368715341700136,0.021048190019271,0.0107064382777052,0.9,0.813642289407603,"hastings_powell_3sp_forced_cycle"
346.475,0.789225148017092,0.251999523179259,-0.363460543099355,0.0185972854237372,0.00906122845972512,0.9,0.800188852429709,"hastings_powell_3sp_forced_cycle"
348.235,0.772795782646052,0.271017318867612,-0.369678496298637,0.0156222967591381,0.00761238766436734,0.9,0.791490087402279,"hastings_powell_3sp_forced_cycle"
349.995,0.751608501503084,0.293951070044832,-0.377380131638192,0.0157062665141524,0.00781929879934705,0.9,0.788164883871021,"hastings_powell_3sp_forced_cycle"
0,0.6538001,0.3563991,-0.323687996424417,0.0182512341444145,0.00797222114421154,1,0.9953945,"hastings_powell_3sp_forced_cycle"
1.755,0.640088039482431,0.364702023472318,-0.327739841116083,0.0198794251031759,0.00957340083196682,1,1.00091752584203,"hastings_powell_3sp_forced_cycle"
3.515,0.626489232820735,0.371706755643618,-0.329780425128738,0.0213060871475259,0.0110402337823955,1,1.00836551371248,"hastings_powell_3sp_forced_cycle"
5.275,0.613991579714777,0.376774391470463,-0.333713064953764,0.0224949082603813,0.0123307836408264,1,1.01735717304851,"hastings_powell_3sp_forced_cycle"
7.035,0.60366679406303,0.379418836345447,-0.344532804066005,0.0234315602013954,0.0134179848413604,1,1.02740389458773,"hastings_powell_3sp_forced_cycle"
8.79,0.596605040183043,0.379384701058154,-0.383965702502152,0.0241297462856673,0.0142830446673563,1,1.03789500005187,"hastings_powell_3sp_forced_cycle"
10.55,0.593659753958126,0.37670358421678,-0.336175145759336,0.0246381408655506,0.0149193311900221,1,1.0482648230892,"hastings_powell_3sp_forced_cycle"
12.31,0.595360065837755,0.371692022985537,-0.3640886944599,0.0250001206388952,0.0153094691058566,1,1.05786858820885,"hastings_powell_3sp_forced_cycle"
14.07,0.601650676942825,0.364880103999582,-0.363886518725638,0.0252116781681179,0.0154294237220211,1,1.06616066643122,"hastings_powell_3sp_forced_cycle"
15.825,0.611847838482805,0.356905255754461,NA,0.025197796383837,0.0152451601694924,1,1.07269302305686,"hastings_powell_3sp_forced_cycle"
17.585,0.624907261841769,0.348297433568391,-0.341139400570191,0.0248522595550893,0.014717004383343,1,1.07720486912042,"hastings_powell_3sp_forced_cycle"
19.345,0.639514273609596,0.339546504371308,-0.334391348713746,0.0240977120773527,0.0138203203409589,1,1.07950719408776,"hastings_powell_3sp_forced_cycle"
21.105,0.654473985262021,0.330999727018259,-0.333703749195372,0.0229170203030808,0.0125639771484911,1,1.07954697902183,"hastings_powell_3sp_forced_cycle"
22.86,0.668828932191692,0.322931229380006,-0.331285494389681,0.0213529883227268,0.0110027575102418,1,1.07737563685989,"hastings_powell_3sp_forced_cycle"
24.62,0.682062326337216,0.315488549318442,-0.329944344432686,0.0194661232066144,0.00921068099156049,1,1.07310206772403,"hastings_powell_3sp_forced_cycle"
26.38,0.693791671421821,0.308861026119694,-0.327316446086754,0.0173395654954138,0.007296285834601,1,1.0669200179981,"hastings_powell_3sp_forced_cycle"
28.14,0.70384346348006,0.303202085194124,-0.329373361555273,0.0150553551764963,0.00538348376946619,1,1.05908254306022,"hastings_powell_3sp_forced_cycle"
29.895,0.712109461739317,0.298669129968684,-0.329207962081424,0.0127177197722423,0.00362684283836587,1,1.04992653424292,"hastings_powell_3sp_forced_cycle"
31.655,0.718584156178407,0.295373268097114,-0.327855568510957,0.0104539787928504,0.00218449715152772,1,1.03975664495916,"hastings_powell_3sp_forced_cycle"
33.415,0.723197339858913,0.293452728522071,-0.328655995587692,0.00850214846123035,0.00120248182683779,1,1.02899342536115,"hastings_powell_3sp_forced_cycle"
35.175,0.725903953596263,0.293011980223834,-0.328655995587692,0.00727977682880893,0.000727130162143359,1,1.01805969475914,"hastings_powell_3sp_forced_cycle"
36.93,0.726657532547975,0.294124847146894,-0.328655995587692,0.00724250466420307,0.000693625177532378,1,1.00742098535297,"hastings_powell_3sp_forced_cycle"
38.69,0.725416138576194,0.296844768438624,-0.329526109357588,0.00808974027861792,0.000991718993098667,1,0.997450860227122,"hastings_powell_3sp_forced_cycle"
40.45,0.722134722507537,0.301177312578799,-0.33153281631221,0.00929782302040053,0.00154869772020661,1,0.98860061437772,"hastings_powell_3sp_forced_cycle"
42.21,0.716787834422661,0.307076824273419,-0.33153281631221,0.010720242606008,0.00235710019077918,1,0.981261965093255,"hastings_powell_3sp_forced_cycle"
43.965,0.709401322954858,0.314408066700013,-0.340372672274741,0.012349414033219,0.00343842909483056,1,0.975796707149518,"hastings_powell_3sp_forced_cycle"
45.725,0.699980802154498,0.323016556874882,-0.344185194806428,0.0141745936793038,0.0048018347509498,1,0.972465346270801,"hastings_powell_3sp_forced_cycle"
47.485,0.688664161603123,0.332583577967419,-0.353528650962027,0.0161253194792283,0.00639771448630506,1,0.97150637286596,"hastings_powell_3sp_forced_cycle"
49.245,0.675677446581384,0.342689873412276,-0.343553172680161,0.0181130889568042,0.00814108039174735,1,0.973050706693969,"hastings_powell_3sp_forced_cycle"
51,0.661436067702918,0.352761959283035,-0.345205520025965,0.0200452361699286,0.00993095135032302,1,0.977106774429847,"hastings_powell_3sp_forced_cycle"
52.76,0.64642114978099,0.362199905383888,NA,0.0218537784597335,0.0116878112482575,1,0.983595961459849,"hastings_powell_3sp_forced_cycle"
54.52,0.631458997791271,0.370244979781028,NA,0.0234610415500528,0.013327311465622,1,0.992267434245746,"hastings_powell_3sp_forced_cycle"
56.28,0.617566284401301,0.376176838357544,NA,0.0248060939723519,0.0147831663223355,1,1.00272943709355,"hastings_powell_3sp_forced_cycle"
58.035,0.60596848687844,0.379393773857692,-0.345758602162465,0.0258503569987809,0.0160024666174825,1,1.01441295091652,"hastings_powell_3sp_forced_cycle"
59.795,0.597845377411478,0.379565306524018,NA,0.0266078247191608,0.0169594257822311,1,1.02673506668811,"hastings_powell_3sp_forced_cycle"
61.555,0.594321642921751,0.37666580616914,NA,0.0271380146200556,0.0176301305508461,1,1.0389450559973,"hastings_powell_3sp_forced_cycle"
63.315,0.596061123870807,0.371030656828773,NA,0.0275279494684938,0.0180015892183545,1,1.05032192997273,"hastings_powell_3sp_forced_cycle"
65.07,0.603052204813271,0.363279662419718,-0.346284447081747,0.0277958755390676,0.0180604743465912,1,1.06018665778834,"hastings_powell_3sp_forced_cycle"
66.83,0.614632770094352,0.354069727315695,-0.345021302074373,0.0278301950016855,0.0177768994477454,1,1.06806513086059,"hastings_powell_3sp_forced_cycle"
68.59,0.629519372197654,0.34408191978815,-0.3512277447091,0.027447850078622,0.017090126533451,1,1.07354463178281,"hastings_powell_3sp_forced_cycle"
70.35,0.646202626745148,0.333850121964636,NA,0.0265124621370554,0.0159324979832027,1,1.07639240546434,"hastings_powell_3sp_forced_cycle"
72.105,0.663241109835139,0.323796416320752,-0.340533732056597,0.0250019142303811,0.0142896828268283,1,1.07651206383283,"hastings_powell_3sp_forced_cycle"
73.865,0.679680984389588,0.314152347156616,-0.331817088801084,0.0229845124099356,0.0122134401109541,1,1.07391730002991,"hastings_powell_3sp_forced_cycle"
75.625,0.694803926288702,0.305178013887564,-0.331362713862253,0.0205960382909026,0.00982918072973554,1,1.0687153880957,"hastings_powell_3sp_forced_cycle"
77.385,0.708243127479364,0.297079742206996,-0.32572833641614,0.0179758232364391,0.00727913171973303,1,1.06110810690895,"hastings_powell_3sp_forced_cycle"
79.14,0.719786736106669,0.290073356401491,-0.328324817033,0.0152785476971544,0.00473221068076084,1,1.0514123732706,"hastings_powell_3sp_forced_cycle"
80.9,0.729408144848107,0.284310095392708,-0.327371206441276,0.0127103996219721,0.00240572217031692,1,1.03993700788953,"hastings_powell_3sp_forced_cycle"
82.66,0.737010801763907,0.279993471049309,-0.327297989013747,0.0106529935883036,0.000634602484007714,1,1.02714024588821,"hastings_powell_3sp_forced_cycle"
84.42,0.742538397356448,0.27729029012745,-0.328438667179951,0.00952839826473503,-0.000300955507433223,1,1.01351050975274,"hastings_powell_3sp_forced_cycle"
86.175,0.745922843412859,0.27634730953287,-0.329739242660575,0.00940611329602086,-0.000426288286605843,1,0.999614025327427,"hastings_powell_3sp_forced_cycle"
87.935,0.74711436113739,0.277281024272839,-0.331339675472976,0.009859781594114,-8.35186857736203e-05,1,0.985917233366602,"hastings_powell_3sp_forced_cycle"
89.695,0.746023628010518,0.280189190083682,-0.332825506639819,0.0104106919055245,0.000361127839083391,1,0.973008714365856,"hastings_powell_3sp_forced_cycle"
91.455,0.742568728186451,0.28512698987058,-0.334470238693648,0.0108750235673689,0.000756199405451568,1,0.961423003641043,"hastings_powell_3sp_forced_cycle"
93.21,0.736687789965515,0.292077431950166,-0.335881673129452,0.0113815428588357,0.00120521154755556,1,0.951689123584776,"hastings_powell_3sp_forced_cycle"
94.97,0.728275265207487,0.301017854688309,-0.342265759410568,0.0122313290159123,0.00196669124771982,1,0.9442099990719,"hastings_powell_3sp_forced_cycle"
96.73,0.717300544112481,0.31177449375379,-0.342381243221541,0.0136474950211795,0.00325121039288123,1,0.939415787085696,"hastings_powell_3sp_forced_cycle"
98.49,0.703778299994857,0.324062004926889,-0.335589109080507,0.0156020286900015,0.00506509427789029,1,0.937629208351213,"hastings_powell_3sp_forced_cycle"
100.245,0.68787588575098,0.337389144672024,-0.337141320077091,0.0178721990977698,0.00722709238357092,1,0.939066814590806,"hastings_powell_3sp_forced_cycle"
102.005,0.669788605772363,0.351179510352532,NA,0.0202364966110265,0.00953332211350918,1,0.943839567292332,"hastings_powell_3sp_forced_cycle"
103.765,0.650094239712653,0.364524907383286,NA,0.0225088848748892,0.0118025584482086,1,0.951898863016858,"hastings_powell_3sp_forced_cycle"
105.525,0.629668502878332,0.376362289980929,-0.3618838890797,0.0245506832477699,0.0139029149666194,1,0.963010996098843,"hastings_powell_3sp_forced_cycle"
107.28,0.6098554691658,0.385512422937065,NA,0.0262412572333499,0.0157299339964999,1,0.976687619297243,"hastings_powell_3sp_forced_cycle"
109.04,0.592252585163255,0.390960554479296,-0.342445630594418,0.027508396781593,0.0172325805417836,1,0.99233720259918,"hastings_powell_3sp_forced_cycle"
110.8,0.578935963634865,0.39194591424417,NA,0.0283344945020782,0.0183845209327427,1,1.00904661315413,"hastings_powell_3sp_forced_cycle"
112.56,0.571912665080486,0.38831340445746,-0.342238445652606,0.0288254972278438,0.0191898844280709,1,1.02579401417164,"hastings_powell_3sp_forced_cycle"
114.315,0.57265694332326,0.380601870726879,-0.355051968052235,0.0292192776308888,0.0196666890037609,1,1.04147863063588,"hastings_powell_3sp_forced_cycle"
116.075,0.581583141336776,0.369798736014292,-0.339947922192267,0.0296939961244172,0.0198593618581653,1,1.05522581487945,"hastings_powell_3sp_forced_cycle"
117.835,0.597709964264699,0.357143476863417,-0.361707322060269,0.0300586730335948,0.0197791883265799,1,1.06622195344823,"hastings_powell_3sp_forced_cycle"
119.595,0.618835804502731,0.343709290443382,-0.354625819196767,0.0298781763033578,0.0192769696023438,1,1.07394763732967,"hastings_powell_3sp_forced_cycle"
121.355,0.642259159717445,0.33024636993484,-0.362134076600476,0.0288226455475294,0.0180836980238304,1,1.0781158087764,"hastings_powell_3sp_forced_cycle"
123.11,0.665547892398042,0.317239406694798,-0.343917404083723,0.0268759795094468,0.016103589214834,1,1.07862707068993,"hastings_powell_3sp_forced_cycle"
124.87,0.687285069207865,0.304881540531165,-0.333398863152224,0.0242880150440082,0.0135165540544232,1,1.07551968612183,"hastings_powell_3sp_forced_cycle"
126.63,0.706657319068165,0.293413380387299,-0.333302567774568,0.0213897769036329,0.0106321745280185,1,1.06893696015386,"hastings_powell_3sp_forced_cycle"
128.39,0.723444894439033,0.283036837270751,-0.331047269944468,0.0183527527330292,0.00763456298447818,1,1.05913771314057,"hastings_powell_3sp_forced_cycle"
130.145,0.73762439972952,0.273994112852687,-0.330160579053284,0.0151978187793168,0.00457554264514092,1,1.04652965031165,"hastings_powell_3sp_forced_cycle"
131.905,0.749341447528565,0.266460972656176,-0.32716160238471,0.0120202428118064,0.0015904543973282,1,1.03151382079681,"hastings_powell_3sp_forced_cycle"
133.665,0.758593419222312,0.260688642782444,-0.327898310357795,0.00943021838578553,-0.000736791571682425,1,1.01469035237427,"hastings_powell_3sp_forced_cycle"
135.425,0.765381882413379,0.256885578600481,-0.328306679104817,0.00843272950078431,-0.00162521350967026,1,0.996701467871148,"hastings_powell_3sp_forced_cycle"
137.18,0.769664154066769,0.255241325225019,-0.329314023552424,0.00910432717751316,-0.00109708171839603,1,0.978290867746191,"hastings_powell_3sp_forced_cycle"
138.94,0.771400720541495,0.255912533430743,-0.330584953570582,0.0102702162654086,-0.000103004171145353,1,0.960065836380478,"hastings_powell_3sp_forced_cycle"
140.7,0.770483570870683,0.259051339705046,-0.332471066125407,0.0109617245231171,0.000507674985009641,1,0.942790671504972,"hastings_powell_3sp_forced_cycle"
142.46,0.766791361477784,0.264776644495072,-0.332831472454394,0.0109416622807385,0.000494496963051871,1,0.927155429290169,"hastings_powell_3sp_forced_cycle"
144.215,0.760196444930923,0.273144169527503,-0.335786614108194,0.0106021632555259,0.00020867653356341,1,0.913845882708884,"hastings_powell_3sp_forced_cycle"
145.975,0.750485793858938,0.284228378190114,-0.33478975831237,0.0108320718245328,0.000446261526296219,1,0.903384987003893,"hastings_powell_3sp_forced_cycle"
147.735,0.737486579789577,0.297943131179661,-0.339697002757985,0.0123847356982424,0.00188968887331377,1,0.896350414985708,"hastings_powell_3sp_forced_cycle"
149.495,0.721029158351924,0.314073583515048,-0.344187630437751,0.01504808385906,0.00440693730344775,1,0.893199049490294,"hastings_powell_3sp_forced_cycle"
151.25,0.701077221309551,0.332126205451808,NA,0.018078987014099,0.00733887357612399,1,0.894277309133462,"hastings_powell_3sp_forced_cycle"
153.01,0.677579415692678,0.351449009299078,-0.33544420034233,0.0210158781033647,0.0102256793620821,1,0.899813256652329,"hastings_powell_3sp_forced_cycle"
154.77,0.650948305491096,0.370830429045628,-0.337377717262368,0.0236778367603218,0.0128638337862203,1,0.909852889188037,"hastings_powell_3sp_forced_cycle"
156.53,0.622036553954872,0.388657137292549,NA,0.025973391599425,0.0151442833704977,1,0.924198469396437,"hastings_powell_3sp_forced_cycle"
158.285,0.59250510655799,0.402907833343073,-0.345103510658703,0.0277720350858795,0.0169437185856162,1,0.942285585211655,"hastings_powell_3sp_forced_cycle"
160.045,0.564686494369974,0.411597286592467,NA,0.0289740881566624,0.0182231537852255,1,0.96334028838381,"hastings_powell_3sp_forced_cycle"
161.805,0.542119687179204,0.413075632152418,-0.358480261425003,0.0295711483229825,0.0190823317263265,1,0.986049782343545,"hastings_powell_3sp_forced_cycle"
163.565,0.528803102304479,0.406889144390761,NA,0.029724122570206,0.0196943416980043,1,1.00883762656004,"hastings_powell_3sp_forced_cycle"
165.32,0.528231767971373,0.394185738460926,-0.390651554918308,0.0298663200081516,0.0201698591959625,1,1.02996680647088,"hastings_powell_3sp_forced_cycle"
167.08,0.54190909353365,0.377238036728466,-0.353189506967549,0.0305171470075982,0.0206380235387807,1,1.04807280238835,"hastings_powell_3sp_forced_cycle"
168.84,0.568088428167085,0.3586859492855,-0.341078334092835,0.0313849665164218,0.0211452093730788,1,1.06205097560123,"hastings_powell_3sp_forced_cycle"
170.6,0.60188067126813,0.340433653326095,-0.358814156294853,0.0315472023995622,0.021192708561145,1,1.07138154746698,"hastings_powell_3sp_forced_cycle"
172.355,0.637240984349863,0.323417176553162,NA,0.0304340157984296,0.0201293674184165,1,1.07594381319552,"hastings_powell_3sp_forced_cycle"
174.115,0.669913895324697,0.307726944990305,-0.346575946327084,0.0282513412445379,0.0180052263180114,1,1.07587462547053,"hastings_powell_3sp_forced_cycle"
175.875,0.697846581158772,0.293355833052388,-0.344567161000329,0.0256831567707018,0.0154532043158654,1,1.07137072327238,"hastings_powell_3sp_forced_cycle"
177.635,0.720952525829283,0.28028262190641,NA,0.0231648740318365,0.0129603528467516,1,1.06272064019076,"hastings_powell_3sp_forced_cycle"
179.39,0.739836499734226,0.268634622951149,-0.343419347637086,0.020594514926645,0.0105302777795364,1,1.05034101439426,"hastings_powell_3sp_forced_cycle"
181.15,0.755276081785818,0.258534301055951,-0.348777368736553,0.0175972910487555,0.00794494787701268,1,1.0346469275323,"hastings_powell_3sp_forced_cycle"
182.91,0.767660549285668,0.250249605591888,-0.332710646668774,0.013962626717753,0.00530767917949505,1,1.01627258630781,"hastings_powell_3sp_forced_cycle"
184.67,0.777222715210722,0.244017910278383,-0.339642118474373,0.00988148127802716,0.00331659612451744,1,0.995926838975759,"hastings_powell_3sp_forced_cycle"
186.425,0.784035526690611,0.240068831170787,NA,0.0081308019284254,0.00279482388956566,1,0.97445804547253,"hastings_powell_3sp_forced_cycle"
188.185,0.788139929885576,0.23858031551978,-Inf,0.0109964416616424,0.00350863497074394,1,0.952571676510077,"hastings_powell_3sp_forced_cycle"
189.945,0.789457908141148,0.239750021306347,-0.342518939198891,0.0128154025280671,0.00436223310979166,1,0.931167542313077,"hastings_powell_3sp_forced_cycle"
191.705,0.78788635021085,0.243748041391804,-0.335587467393292,0.0131665958166854,0.00456398759038268,1,0.911067888959682,"hastings_powell_3sp_forced_cycle"
193.46,0.783289413238546,0.250708192840663,-0.337410682961231,0.0121020145583264,0.00402620893235375,1,0.893104375114663,"hastings_powell_3sp_forced_cycle"
195.22,0.775433344597626,0.260807142571679,-0.339642118474373,0.0103354675796471,0.00337612118769402,1,0.877905747476359,"hastings_powell_3sp_forced_cycle"
196.98,0.764063700090143,0.27412180238315,-0.353505062085572,0.0109696130077387,0.00377449751586025,1,0.866199373740078,"hastings_powell_3sp_forced_cycle"
198.74,0.748871851209887,0.290652812069479,-0.355122264173983,0.0146268838937796,0.0058174932813814,1,0.858590121875183,"hastings_powell_3sp_forced_cycle"
200.495,0.729593154597831,0.310172083684095,-0.348797944580982,0.0185767010543287,0.00880212530871227,1,0.85560414545502,"hastings_powell_3sp_forced_cycle"
202.255,0.705835727295178,0.332340097709082,-0.341962564468721,0.0220226977786881,0.0118339274769548,1,0.857645548462015,"hastings_powell_3sp_forced_cycle"
204.015,0.677520971582832,0.356218351173521,NA,0.0248646031135325,0.0145298097558724,1,0.86500990374111,"hastings_powell_3sp_forced_cycle"
205.775,0.644868965242717,0.38031357770293,-0.338657153904944,0.0272068743155949,0.0168407847654027,1,0.877772366193073,"hastings_powell_3sp_forced_cycle"
207.53,0.608854289682233,0.402343235846049,-0.332415781767799,0.0290494877521142,0.0186707489737412,1,0.895653763647033,"hastings_powell_3sp_forced_cycle"
209.29,0.571195450163092,0.419538262771914,NA,0.0302575490678388,0.0198171703777203,1,0.918124445094433,"hastings_powell_3sp_forced_cycle"
211.05,0.535417096490694,0.428700242452082,NA,0.0307568675199844,0.0202234017307417,1,0.943980463354248,"hastings_powell_3sp_forced_cycle"
212.81,0.506634544948217,0.427469714864723,-0.342481075644741,0.030701875958585,0.0202412295564605,1,0.971481721880032,"hastings_powell_3sp_forced_cycle"
214.565,0.491105653331087,0.415635446669642,-0.357632757979639,0.0303732573115317,0.0203224745268214,1,0.998352380286978,"hastings_powell_3sp_forced_cycle"
216.325,0.494279991878314,0.395674032505216,-0.351604616422637,0.0303616585644084,0.0206474331161726,1,1.02246066792622,"hastings_powell_3sp_forced_cycle"
218.085,0.518165932619781,0.372004678054757,NA,0.0312990613542524,0.0213680571785281,1,1.04189589727042,"hastings_powell_3sp_forced_cycle"
219.845,0.558592455370863,0.348653287080725,NA,0.0323912374577098,0.022230095472885,1,1.05568244016635,"hastings_powell_3sp_forced_cycle"
221.6,0.605988719979745,0.327752409229987,NA,0.0323321828454962,0.0221650644086743,1,1.0636523819885,"hastings_powell_3sp_forced_cycle"
223.36,0.650995933697973,0.30946021762962,-0.345213738635154,0.0308095981962272,0.0206812730898689,1,1.06615857679665,"hastings_powell_3sp_forced_cycle"
225.12,0.688310531285104,0.293352219903414,NA,0.0285249299697944,0.0183831504475923,1,1.06360097333915,"hastings_powell_3sp_forced_cycle"
226.88,0.717431978588159,0.278962330858952,NA,0.0261992809906818,0.0160252015438141,1,1.05639835879632,"hastings_powell_3sp_forced_cycle"
228.635,0.739929235573811,0.266141237611366,-0.345921635978791,0.0238970171436726,0.0137799446966462,1,1.04501335040894,"hastings_powell_3sp_forced_cycle"
230.395,0.757657811682772,0.254875505588836,-0.343839358817655,0.021224612315917,0.0113844825624912,1,1.02987105827256,"hastings_powell_3sp_forced_cycle"
232.155,0.771692976835986,0.245395915026868,NA,0.0178523485679256,0.00875414103251897,1,1.01159685208268,"hastings_powell_3sp_forced_cycle"
233.915,0.782632874789783,0.237939290131623,-0.335587467393292,0.0137806884759254,0.00640011996782534,1,0.990903840832352,"hastings_powell_3sp_forced_cycle"
235.675,0.790732981283647,0.232739551493476,NA,0.00981514884347076,0.00533114564613977,1,0.968599030043154,"hastings_powell_3sp_forced_cycle"
237.43,0.796057263348275,0.230014765832115,-0.353505062085572,0.012922570958178,0.00584405184496216,1,0.945614140041996,"hastings_powell_3sp_forced_cycle"
239.19,0.798617225860059,0.229943539925265,-0.335587467393292,0.0154199075813022,0.00694557075289827,1,0.922703252594616,"hastings_powell_3sp_forced_cycle"
240.95,0.798313708586001,0.232719819979292,-0.359937433070158,0.016468867965493,0.0075566945956515,1,0.900806486260982,"hastings_powell_3sp_forced_cycle"
242.71,0.795010889151089,0.238520564208291,-0.335587467393292,0.0159613743034392,0.00726291805929294,1,0.880762893516516,"hastings_powell_3sp_forced_cycle"
244.465,0.788535477138274,0.247485879986582,-0.335587467393292,0.014089491231119,0.00633902788981864,1,0.863405165909259,"hastings_powell_3sp_forced_cycle"
246.225,0.778588596279261,0.259815618689666,-0.346573590279973,0.0121097158318297,0.00576961916733823,1,0.84936113299635,"hastings_powell_3sp_forced_cycle"
247.985,0.764856219576261,0.275581389280226,NA,0.0143652579142685,0.00677094056148422,1,0.839348929077062,"hastings_powell_3sp_forced_cycle"
249.745,0.746959943629284,0.294754044365421,-0.359968495681226,0.0185780664976812,0.00937669825322323,1,0.833962706822595,"hastings_powell_3sp_forced_cycle"
251.5,0.724581348203377,0.317010561509797,NA,0.0224785339864036,0.0125240007567029,1,0.833704816122134,"hastings_powell_3sp_forced_cycle"
253.26,0.697277611985356,0.341845315753053,NA,0.0257113640352738,0.0154678857149973,1,0.838967876501072,"hastings_powell_3sp_forced_cycle"
255.02,0.665018349804005,0.367990573853792,NA,0.0283172863672334,0.0179968338075158,1,0.849987811921773,"hastings_powell_3sp_forced_cycle"
256.78,0.628211604230687,0.393457647282511,NA,0.0303681272476677,0.020056251100707,1,0.866739852387512,"hastings_powell_3sp_forced_cycle"
258.535,0.588290405066997,0.415317168676862,NA,0.0317413774984218,0.0214324094440343,1,0.888756167868836,"hastings_powell_3sp_forced_cycle"
260.295,0.547787596169705,0.430147998511495,NA,0.0322897561421535,0.0219120268397877,1,0.915246309370881,"hastings_powell_3sp_forced_cycle"
262.055,0.511525334600493,0.434460909817201,-0.354547202185818,0.0321649651950176,0.0217130825349299,1,0.944588692502341,"hastings_powell_3sp_forced_cycle"
263.815,0.486137117987222,0.426479015813611,NA,0.0317375570432024,0.0215041245273536,1,0.974563100104701,"hastings_powell_3sp_forced_cycle"
265.57,0.478901055703899,0.407648269669644,-0.36803958427132,0.0313892671240342,0.0216690276440086,1,1.00248768180509,"hastings_powell_3sp_forced_cycle"
267.33,0.494779695094785,0.382347400745791,NA,0.0319444790914101,0.0223756065308117,1,1.02611902175779,"hastings_powell_3sp_forced_cycle"
269.09,0.532759645804871,0.355933240627137,-0.333965985949439,0.0335622191325292,0.0238236218994439,1,1.04380490048154,"hastings_powell_3sp_forced_cycle"
270.85,0.584045034130316,0.331857039128,-0.351846196621388,0.0345808386564451,0.024778636456,1,1.05503910827711,"hastings_powell_3sp_forced_cycle"
272.605,0.636111213517966,0.311074964159198,NA,0.0338458419428812,0.0239846153490481,1,1.06004489157257,"hastings_powell_3sp_forced_cycle"
274.365,0.680585726107614,0.292954054533707,NA,0.0320198864845996,0.0220056812951569,1,1.05933079670782,"hastings_powell_3sp_forced_cycle"
276.125,0.715108452748064,0.276857215254747,-0.380718095045521,0.0301595277587302,0.019957447926374,1,1.05334596013141,"hastings_powell_3sp_forced_cycle"
277.885,0.741334222518728,0.262419012061168,NA,0.0284190435405874,0.0181330363118371,1,1.04253543244789,"hastings_powell_3sp_forced_cycle"
279.64,0.761545088656605,0.249652537580592,-0.376375305592531,0.0263594530028775,0.0161689610766162,1,1.02744340175266,"hastings_powell_3sp_forced_cycle"
281.4,0.777509193519907,0.238662809060318,NA,0.0235656397002476,0.0137579418769099,1,1.00859374571802,"hastings_powell_3sp_forced_cycle"
283.16,0.79005271871218,0.229739246923375,-0.352120900976548,0.019979275003324,0.0111265612007723,1,0.986771015953974,"hastings_powell_3sp_forced_cycle"
284.92,0.799573993580298,0.223134252766274,-0.332710646668774,0.0161768701190529,0.00917221900538394,1,0.962840450797527,"hastings_powell_3sp_forced_cycle"
286.675,0.806202454375962,0.219083498848913,NA,0.0151393621260292,0.00878755989303097,1,0.937816476500283,"hastings_powell_3sp_forced_cycle"
288.435,0.809996483499173,0.217767169909804,-0.346573590279973,0.0174051960705311,0.00957854333143241,1,0.912527049963008,"hastings_powell_3sp_forced_cycle"
290.195,0.810881284751369,0.219392093036666,-0.346573590279973,0.0188894497694056,0.0103453354882116,1,0.888004213201959,"hastings_powell_3sp_forced_cycle"
291.955,0.808742074169206,0.224151279765792,-0.335587467393292,0.0188287910256071,0.010336492485757,1,0.865168912672985,"hastings_powell_3sp_forced_cycle"
293.71,0.803413715176643,0.232219058193712,-0.332710646668774,0.0171443016653672,0.00956296679623944,1,0.844936934578439,"hastings_powell_3sp_forced_cycle"
295.47,0.794599658841793,0.243847789962113,-Inf,0.0140363384982249,0.00883149705456028,1,0.827988607509045,"hastings_powell_3sp_forced_cycle"
297.23,0.781953573478369,0.259206513065029,NA,0.0161400937998923,0.00949233248350364,1,0.815117744109144,"hastings_powell_3sp_forced_cycle"
298.99,0.76502975114372,0.278408783259801,NA,0.0208953291113909,0.0119742051569663,1,0.80699157619531,"hastings_powell_3sp_forced_cycle"
300.745,0.743383117767299,0.301327344966662,-0.351331671067604,0.0251357828617165,0.0152300086470718,1,0.804206842519621,"hastings_powell_3sp_forced_cycle"
302.505,0.71636572329036,0.327711770908585,-0.345440353608735,0.0285566045877945,0.0182866669612732,1,0.807253825062983,"hastings_powell_3sp_forced_cycle"
304.265,0.683616450997773,0.35656939486453,-0.340980459192062,0.0311853073607959,0.0208284868711856,1,0.816523019503179,"hastings_powell_3sp_forced_cycle"
306.025,0.645065158548002,0.38612826720335,NA,0.0331654994643781,0.0228655415927029,1,0.832177514412485,"hastings_powell_3sp_forced_cycle"
307.78,0.601531626602065,0.41342778866666,-0.32772632329159,0.0344263472651778,0.0242505615350119,1,0.853971668630699,"hastings_powell_3sp_forced_cycle"
309.54,0.554859265827939,0.434566268814236,-0.337099251908765,0.0346707972638699,0.024598848337517,1,0.881339183345811,"hastings_powell_3sp_forced_cycle"
311.3,0.509487230771956,0.444779605755955,NA,0.0339257804061498,0.0238174657916178,1,0.912809205982016,"hastings_powell_3sp_forced_cycle"
313.06,0.472548622740359,0.440420719190183,-0.354763421737013,0.0328962035704314,0.0226989829579479,1,0.946094795917937,"hastings_powell_3sp_forced_cycle"
314.815,0.453417093287764,0.421444977458273,-0.364826014195596,0.0320980050057842,0.0221879743588187,1,0.978081105077923,"hastings_powell_3sp_forced_cycle"
316.575,0.460712941543641,0.392499666370024,-0.348794100536704,0.0320144294203181,0.0224767977527554,1,1.00580736230058,"hastings_powell_3sp_forced_cycle"
318.335,0.497511021277206,0.36105511082593,NA,0.0334393810319685,0.0238365837242545,1,1.02688105820466,"hastings_powell_3sp_forced_cycle"
320.095,0.556062104110559,0.332754084928941,NA,0.0350038781559606,0.0252746694068783,1,1.04047764218286,"hastings_powell_3sp_forced_cycle"
321.85,0.61963713356343,0.309360431735228,NA,0.034844737147724,0.0250054053460525,1,1.04695153235275,"hastings_powell_3sp_forced_cycle"
323.61,0.674211824334485,0.28989606547106,-0.334336882420561,0.03327788787245,0.0232736593418806,1,1.04712522037165,"hastings_powell_3sp_forced_cycle"
325.37,0.714969901917528,0.273144625117856,NA,0.0314455553465704,0.0212600080824403,1,1.04168610711043,"hastings_powell_3sp_forced_cycle"
327.13,0.744252583496416,0.258334011322923,NA,0.0296402784169981,0.0193810369446833,1,1.03120739089177,"hastings_powell_3sp_forced_cycle"
328.885,0.765759456400723,0.245282553940139,-0.355727451165353,0.0274685253243698,0.0173248225886047,1,1.01628422212692,"hastings_powell_3sp_forced_cycle"
330.645,0.782255389607329,0.234021761867778,NA,0.0244949840837749,0.0147908258231068,1,0.997459882705071,"hastings_powell_3sp_forced_cycle"
332.405,0.795054848684793,0.224823076786542,-0.328655995587692,0.0205965328117203,0.0120352884527754,1,0.975529301141849,"hastings_powell_3sp_forced_cycle"
334.165,0.804758864962363,0.217937227202276,-0.346573590279973,0.0161152626539609,0.0100759596255044,1,0.951371143196282,"hastings_powell_3sp_forced_cycle"
335.92,0.811569430748881,0.213601893453215,-Inf,0.0159459483580861,0.00991874233458162,1,0.92601812720651,"hastings_powell_3sp_forced_cycle"
337.68,0.815571164257558,0.211995773172791,-0.339642118474373,0.0191927828034273,0.0110542107704035,1,0.900315520199943,"hastings_powell_3sp_forced_cycle"
339.44,0.816699386330117,0.213325902392961,NA,0.0210828556417408,0.0121206573864971,1,0.875315108041675,"hastings_powell_3sp_forced_cycle"
341.2,0.814846421882654,0.217785881043642,-0.343470563913587,0.021349702032055,0.0123011744199239,1,0.851954931552013,"hastings_powell_3sp_forced_cycle"
342.955,0.809852291613338,0.225555236811102,-0.32711448878942,0.0199819618239623,0.0115123498270073,1,0.831167206619119,"hastings_powell_3sp_forced_cycle"
344.715,0.801427106742429,0.236895838133164,-0.332710646668774,0.0171944181494642,0.0103721319590115,1,0.813642289407603,"hastings_powell_3sp_forced_cycle"
346.475,0.789225148017092,0.251999523179259,-Inf,0.0158582236639798,0.0102463135266135,1,0.800188852429709,"hastings_powell_3sp_forced_cycle"
348.235,0.772795782646052,0.271017318867612,NA,0.020427746819109,0.0121458942570388,1,0.791490087402279,"hastings_powell_3sp_forced_cycle"
349.995,0.751608501503084,0.293951070044832,NA,0.0250218992957715,0.0153666211913595,1,0.788164883871021,"hastings_powell_3sp_forced_cycle"
0,0.2445642,0.2500377,-0.148584662674821,0.113969230981327,0.0272314297331235,0.1,0.8477652,"hastings_powell_3sp_chaos"
1.8984,0.435009427490395,0.193858003839561,-0.444583560716105,0.118144432702785,0.017182025898172,0.1,0.831363219831422,"hastings_powell_3sp_chaos"
3.7968,0.672648399536362,0.175034808895532,-0.672230918746768,0.134562426511982,0.0295865758676337,0.1,0.802665521991123,"hastings_powell_3sp_chaos"
5.6952,0.801084967136138,0.17225437777035,-0.756304146866334,0.144598626606575,0.0385339684892132,0.1,0.771439486258634,"hastings_powell_3sp_chaos"
7.5978,0.83976683347074,0.176903783224965,-0.769392551266953,0.152409318757019,0.0460445660729403,0.1,0.741820260466986,"hastings_powell_3sp_chaos"
9.4962,0.844284168596641,0.186783706100031,-0.7556938370528,0.159875218882797,0.0534400295458107,0.1,0.715886992303096,"hastings_powell_3sp_chaos"
11.3946,0.8364205404677,0.201714620146979,-0.728389144290094,0.167356919069317,0.0609483445613083,0.1,0.69482007572395,"hastings_powell_3sp_chaos"
13.293,0.821610341455704,0.222083341374122,-0.689787000407148,0.174697258630534,0.0683973552093688,0.1,0.679641430758681,"hastings_powell_3sp_chaos"
15.1956,0.800426055072905,0.248473104535283,-0.639045701812235,0.181570315511596,0.0754838831029936,0.1,0.671281629737192,"hastings_powell_3sp_chaos"
17.094,0.772159197602492,0.281147744639039,-0.575019752176185,0.187480360067121,0.0817589282694568,0.1,0.670690068667486,"hastings_powell_3sp_chaos"
18.9924,0.735451446827353,0.320026433891756,-0.496806040565001,0.191850113581949,0.0867363153701725,0.1,0.678720365858518,"hastings_powell_3sp_chaos"
20.8908,0.688855635883661,0.363842050088301,-0.405675752857433,0.193975825301851,0.0898911846359236,0.1,0.696155476464483,"hastings_powell_3sp_chaos"
22.7934,0.631189756523207,0.409323821614886,-0.306994174600509,0.193220762829967,0.090909157898097,0.1,0.723579658223461,"hastings_powell_3sp_chaos"
24.6918,0.563208580145382,0.44958178940289,-0.21305128988035,0.189779089596082,0.0902548869020738,0.1,0.760763269824624,"hastings_powell_3sp_chaos"
26.5902,0.489090655363301,0.474119965860662,-0.139627302138556,0.185731328793496,0.0893862378630603,0.1,0.806415988998947,"hastings_powell_3sp_chaos"
28.4886,0.420289043160932,0.470864222473635,-0.100006187987526,0.181650116763363,0.0874130363406533,0.1,0.857112485848479,"hastings_powell_3sp_chaos"
30.3912,0.377315789549583,0.434833993852102,-0.106426504616197,0.168458351292014,0.0758386064017695,0.1,0.906853952940045,"hastings_powell_3sp_chaos"
32.2896,0.38509350872409,0.378472643602497,-0.178649896940676,0.142188526353703,0.0506559576167889,0.1,0.947794969632906,"hastings_powell_3sp_chaos"
34.188,0.457432762508213,0.324058504774494,-0.32402175966443,0.125554933387994,0.0313568687022017,0.1,0.974702026492796,"hastings_powell_3sp_chaos"
36.0864,0.573567593537569,0.283490481499591,-0.486934959212071,0.123019857661799,0.0251419610833235,0.1,0.987198705104964,"hastings_powell_3sp_chaos"
37.989,0.681155910508565,0.254613223858743,-0.608234906170612,0.123479320830324,0.0229271328652145,0.1,0.987822639906671,"hastings_powell_3sp_chaos"
39.8874,0.751044816325143,0.232254173785825,-0.682400470991957,0.123613121611534,0.021231099906578,0.1,0.978952767325952,"hastings_powell_3sp_chaos"
41.7858,0.791432104561076,0.213495957315174,-0.728011000667743,0.123859754549107,0.0201349175299393,0.1,0.962138852389243,"hastings_powell_3sp_chaos"
43.6842,0.816306528611432,0.197596631482488,-0.758460505313916,0.124809238252866,0.0200763956577935,0.1,0.938626643129727,"hastings_powell_3sp_chaos"
45.5868,0.833366623524929,0.184628119378584,-0.779680479909139,0.126748015931901,0.0212844504573156,0.1,0.909715935328024,"hastings_powell_3sp_chaos"
47.4852,0.845526080894944,0.174916602249708,-0.793688165676772,0.129765629004248,0.0238081718633617,0.1,0.877111879466587,"hastings_powell_3sp_chaos"
49.3836,0.853836825136041,0.168658796764839,-0.80123405879639,0.133870589296514,0.0276010980537314,0.1,0.84244654749418,"hastings_powell_3sp_chaos"
51.282,0.858626457240494,0.166032032690737,-0.802494532115815,0.139005779745681,0.0325499528661197,0.1,0.80739666889606,"hastings_powell_3sp_chaos"
53.1846,0.859973291593622,0.167220801154776,-0.797338063489932,0.145072205101776,0.0385085761825519,0.1,0.773451822192863,"hastings_powell_3sp_chaos"
55.083,0.857798357312603,0.17245661307196,-0.785394452234937,0.151876103477124,0.0452543323461345,0.1,0.742161443988794,"hastings_powell_3sp_chaos"
56.9814,0.851876129955321,0.182077659481878,-0.765944693618555,0.159214395491612,0.0525743121836137,0.1,0.714676710818044,"hastings_powell_3sp_chaos"
58.8798,0.841781005153207,0.196548702815979,-0.737910182161675,0.166826073693294,0.0602147356354266,0.1,0.692085010967162,"hastings_powell_3sp_chaos"
60.7824,0.826815325892029,0.216497728161836,-0.699741168225024,0.174416857334871,0.0679011430924985,0.1,0.67534772893076,"hastings_powell_3sp_chaos"
62.6808,0.806113039281662,0.242460829515608,-0.649842752613124,0.181574765074498,0.0752517197667087,0.1,0.665480986443182,"hastings_powell_3sp_chaos"
64.5792,0.778418758002817,0.274980440134073,-0.586324621196432,0.187840898904459,0.0818563636925246,0.1,0.663363534493442,"hastings_powell_3sp_chaos"
66.4776,0.742224174697459,0.31411062947688,-0.507947988246004,0.192605320760512,0.0871949006221639,0.1,0.669901966485048,"hastings_powell_3sp_chaos"
68.3802,0.695758559753517,0.358950349870112,-0.415195747658466,0.195113750745862,0.0906985761212636,0.1,0.685977538519549,"hastings_powell_3sp_chaos"
70.2786,0.6378370910723,0.406230491515155,-0.313486547362144,0.194577319924323,0.0919276907506029,0.1,0.71212386916701,"hastings_powell_3sp_chaos"
72.177,0.56829526186673,0.449555515955854,-0.214411302686633,0.190951644601994,0.0912431141593002,0.1,0.748400893729921,"hastings_powell_3sp_chaos"
74.0754,0.490618755061052,0.477990592909503,-0.135018056594074,0.186552721768645,0.090415545054602,0.1,0.793661082463761,"hastings_powell_3sp_chaos"
75.978,0.415439506619778,0.477918193068077,-0.0892199016707338,0.18353488797402,0.0896945952607011,0.1,0.844757594648578,"hastings_powell_3sp_chaos"
77.8764,0.364169030562667,0.44200287149894,-0.0882757305919566,0.172957150849274,0.0805457813581271,0.1,0.895253135561253,"hastings_powell_3sp_chaos"
79.7748,0.363821693510472,0.381915367786088,-0.152090417949616,0.14513881040895,0.0542753138400667,0.1,0.937028008165447,"hastings_powell_3sp_chaos"
81.6774,0.433432152700485,0.323005084827175,-0.298749825878384,0.125230416824488,0.0315745741172031,0.1,0.963987578990984,"hastings_powell_3sp_chaos"
83.5758,0.55631282977523,0.280429178348723,-0.47378461303359,0.122911141223146,0.0251078936016926,0.1,0.975581222077432,"hastings_powell_3sp_chaos"
85.4742,0.674197652989378,0.251881877093279,-0.604342128706947,0.124325180359535,0.0237304731043475,0.1,0.975097621270206,"hastings_powell_3sp_chaos"
87.3726,0.749878218393291,0.230900952753401,-0.681089794672568,0.125075790509857,0.0227213093757776,0.1,0.965541590201416,"hastings_powell_3sp_chaos"
89.2752,0.791371960927332,0.213843943303154,-0.725506153722583,0.125686463568835,0.0221114298371311,0.1,0.948719470498846,"hastings_powell_3sp_chaos"
91.1736,0.815266958735144,0.199705603186179,-0.753524639547021,0.126864177133658,0.0223969688383383,0.1,0.926038656747365,"hastings_powell_3sp_chaos"
93.072,0.830848804577221,0.18840469554339,-0.772247305422,0.128932657130792,0.0238203845628055,0.1,0.898789761737121,"hastings_powell_3sp_chaos"
94.9704,0.841614116704791,0.180161552218723,-0.78407468451476,0.131995400764737,0.0264399434470255,0.1,0.868423273127037,"hastings_powell_3sp_chaos"
96.873,0.848703308910162,0.175196389154643,-0.789720603416547,0.136061639757448,0.0302193690873286,0.1,0.83640019592537,"hastings_powell_3sp_chaos"
98.7714,0.852403925242986,0.173731172160632,-0.789267785929174,0.141048717641419,0.0350324350271387,0.1,0.804382331201492,"hastings_powell_3sp_chaos"
100.6698,0.852769313678413,0.175957220031586,-0.782545526088656,0.146847118959118,0.040732443384977,0.1,0.773724418650576,"hastings_powell_3sp_chaos"
102.5682,0.84967916892188,0.182130601412406,-0.769108557801066,0.153290782310059,0.0471313578263838,0.1,0.745717405634976,"hastings_powell_3sp_chaos"
104.4708,0.842846275507353,0.192616868617466,-0.748178534095729,0.160183944000618,0.0540273099522842,0.1,0.721466930974672,"hastings_powell_3sp_chaos"
106.3692,0.831859748634475,0.20779665986717,-0.718825966849054,0.167240180557752,0.0611413461244708,0.1,0.702121181439087,"hastings_powell_3sp_chaos"
108.2676,0.81606710228452,0.228173766591459,-0.679720192381738,0.174168972310988,0.0682012107227573,0.1,0.688580228694416,"hastings_powell_3sp_chaos"
110.166,0.794604802744144,0.254204186196113,-0.629415537470155,0.180600493953115,0.074866489988674,0.1,0.681754115942874,"hastings_powell_3sp_chaos"
112.0686,0.766321220071305,0.286203999504663,-0.566477941218528,0.186090649348014,0.0807418579797926,0.1,0.682532847547043,"hastings_powell_3sp_chaos"
113.967,0.730108104038946,0.323706036307499,-0.49076018944587,0.190063220664189,0.0853341575341798,0.1,0.691746973657993,"hastings_powell_3sp_chaos"
115.8654,0.684741269170722,0.365305375736796,-0.4038515708014,0.191923585766629,0.0882038054388085,0.1,0.7100989335653,"hastings_powell_3sp_chaos"
117.7638,0.629628376461902,0.407546138335636,-0.311451333380575,0.191210786336551,0.0891315108912866,0.1,0.737997579347023,"hastings_powell_3sp_chaos"
119.6664,0.565708672940654,0.444129674337776,-0.224381645886412,0.188185077105175,0.0885332137450664,0.1,0.775305507323317,"hastings_powell_3sp_chaos"
121.5648,0.498056829154186,0.465433791400854,-0.157408579090833,0.184218814489328,0.0872542879026669,0.1,0.820434166365186,"hastings_powell_3sp_chaos"
123.4632,0.437680893730408,0.461657830612531,-0.123267441871624,0.178595070550899,0.0836497711100951,0.1,0.870138657022614,"hastings_powell_3sp_chaos"
125.3616,0.403025002779779,0.429722143653028,-0.134771106250042,0.164341305127778,0.0710757534551782,0.1,0.918852787844384,"hastings_powell_3sp_chaos"
127.2642,0.414838127052106,0.380046527714845,-0.20856713858938,0.141450721019401,0.0490037262574258,0.1,0.959983037932834,"hastings_powell_3sp_chaos"
129.1626,0.482341314052441,0.330646357068446,-0.342915852033102,0.12681817030253,0.0323225666253063,0.1,0.98855402045303,"hastings_powell_3sp_chaos"
131.061,0.585136364665226,0.291221938717727,-0.489945771721613,0.122993590861884,0.0253460641078027,0.1,1.00374481682008,"hastings_powell_3sp_chaos"
132.9594,0.680938884064934,0.260879890531482,-0.603681292904333,0.1221178671009,0.021825251515856,0.1,1.00701002577313,"hastings_powell_3sp_chaos"
134.862,0.747263652670241,0.235845287649374,-0.67900300743869,0.121451799840563,0.0191223322111366,0.1,0.99989945527925,"hastings_powell_3sp_chaos"
136.7604,0.788793875677834,0.214191321599039,-0.72881842986209,0.121189603996691,0.0172717952843362,0.1,0.983600952640444,"hastings_powell_3sp_chaos"
138.6588,0.816279671909684,0.195465404457018,-0.763880693709915,0.12178047750302,0.0166447147978808,0.1,0.959250614513594,"hastings_powell_3sp_chaos"
140.5572,0.835961878028962,0.179924006652846,-0.789175231030488,0.123468404959624,0.0174562576099617,0.1,0.928295564913549,"hastings_powell_3sp_chaos"
142.4598,0.850473955918998,0.167872847586567,-0.806709471331713,0.126362489614737,0.0197705976314177,0.1,0.892429125334605,"hastings_powell_3sp_chaos"
144.3582,0.86073674822693,0.159586403149705,-0.817215937828531,0.130471339090145,0.0235305291751871,0.1,0.853768223332716,"hastings_powell_3sp_chaos"
146.2566,0.867194145933734,0.155161836075937,-0.821092041622456,0.135758828717734,0.0286212825772558,0.1,0.814184370856826,"hastings_powell_3sp_chaos"
148.155,0.870028459849337,0.154711690268104,-0.818393009610077,0.142121182042407,0.034872366048033,0.1,0.775472074413228,"hastings_powell_3sp_chaos"
150.0576,0.869259192496677,0.158428046625905,-0.808829164516957,0.149409442069333,0.0420913347698511,0.1,0.739127022676199,"hastings_powell_3sp_chaos"
151.956,0.864737249253466,0.166605358922473,-0.791800504452142,0.157369180037814,0.0500078063442522,0.1,0.706655826808488,"hastings_powell_3sp_chaos"
153.8544,0.856092763008875,0.179730053937574,-0.766204294606396,0.165745751320053,0.0583736982174751,0.1,0.679128349519599,"hastings_powell_3sp_chaos"
155.757,0.842647675044753,0.198518581099667,-0.730356405947978,0.174240631548061,0.0669128583198182,0.1,0.65752803896401,"hastings_powell_3sp_chaos"
157.6554,0.823488044330788,0.223711207378864,-0.682305968504733,0.182434176665125,0.0752383463365116,0.1,0.64291164225502,"hastings_powell_3sp_chaos"
159.5538,0.797225190615005,0.256202345020014,-0.619493540139669,0.18985744211617,0.0829295644444899,0.1,0.636175415741281,"hastings_powell_3sp_chaos"
161.4522,0.762048552677032,0.296610944836564,-0.539518531645394,0.195845874640712,0.0894109376604158,0.1,0.638290812321065,"hastings_powell_3sp_chaos"
163.3548,0.715594166539871,0.344847650565869,-0.441129083655479,0.199458342174066,0.0939456817922547,0.1,0.650265803401905,"hastings_powell_3sp_chaos"
165.2532,0.655593635638447,0.39855997733008,-0.328002415654773,0.19932898312195,0.0956565206531159,0.1,0.672898562834279,"hastings_powell_3sp_chaos"
167.1516,0.580056344362842,0.451905419823065,-0.212040374824343,0.194134155223627,0.0941739950683773,0.1,0.706631215565643,"hastings_powell_3sp_chaos"
169.05,0.489860872525671,0.492697647192681,-0.115736381382099,0.186187616068425,0.0917920667068129,0.1,0.750829583215934,"hastings_powell_3sp_chaos"
170.9526,0.39344846910111,0.501799947283155,-0.0568389794615069,0.184330853998863,0.0932327432930349,0.1,0.802729079350471,"hastings_powell_3sp_chaos"
172.851,0.314521811221574,0.462117611019027,-0.0408963087728439,0.185905314374559,0.0943061345113221,0.1,0.855305556488086,"hastings_powell_3sp_chaos"
174.7494,0.289002632646957,0.383093312541079,-0.0802453286573811,0.157743416326195,0.0689054344161131,0.1,0.897827581291993,"hastings_powell_3sp_chaos"
176.6478,0.350309698906491,0.304988503784884,-0.222379033750078,0.121645019215292,0.0303232629188727,0.1,0.920956011730348,"hastings_powell_3sp_chaos"
178.5504,0.501296862263027,0.254975228629357,-0.447185593326163,0.121272392458849,0.0229402024551787,0.1,0.924576655161692,"hastings_powell_3sp_chaos"
180.4488,0.663651956322954,0.22899197886458,-0.615114814688618,0.127739852394549,0.026065789358174,0.1,0.915356636356446,"hastings_powell_3sp_chaos"
182.3472,0.76084958741243,0.214904023291449,-0.69718893056852,0.131716554348209,0.0285931349308382,0.1,0.89914747012126,"hastings_powell_3sp_chaos"
184.2456,0.802987338381387,0.206322228699385,-0.731114804966291,0.13457468900639,0.0307428618238073,0.1,0.8790861950066,"hastings_powell_3sp_chaos"
186.1482,0.820141236694722,0.201135882609423,-0.744488643165035,0.137535963744038,0.0333005641657739,0.1,0.856873324256377,"hastings_powell_3sp_chaos"
188.0466,0.827248805017349,0.198904233564313,-0.748025656555857,0.141005269092103,0.0365246924498069,0.1,0.833900372583055,"hastings_powell_3sp_chaos"
189.945,0.829455946117677,0.199640301912489,-0.745011957626393,0.145054724598639,0.0404310690119444,0.1,0.811268871071364,"hastings_powell_3sp_chaos"
191.8434,0.828187925331156,0.203505441492623,-0.736150624194278,0.149613849610762,0.044924188621347,0.1,0.790054768461879,"hastings_powell_3sp_chaos"
193.746,0.823685332675311,0.210719872355337,-0.721284191459866,0.154558582220413,0.0498684444337602,0.1,0.771226650107768,"hastings_powell_3sp_chaos"
195.6444,0.815834997091494,0.221462283719702,-0.700063300895902,0.159688207085775,0.055060739216465,0.1,0.755803353558769,"hastings_powell_3sp_chaos"
197.5428,0.804335595944241,0.235934711528813,-0.671934883628028,0.164796929958537,0.0603006174714009,0.1,0.744603081466008,"hastings_powell_3sp_chaos"
199.4412,0.788800815851475,0.254250037911088,-0.636391985768422,0.169630689461102,0.0653466047193016,0.1,0.738421467609643,"hastings_powell_3sp_chaos"
201.3438,0.768751942057851,0.276396485475618,-0.59303602069993,0.173905922669652,0.0699361671682401,0.1,0.737991376431593,"hastings_powell_3sp_chaos"
203.2422,0.743883949243011,0.301873950920336,-0.542292994747776,0.177278540620986,0.0737532602589206,0.1,0.743956948916875,"hastings_powell_3sp_chaos"
205.1406,0.713950683421583,0.329764735976011,-0.485311966588062,0.17942310561397,0.076512673610822,0.1,0.756820495785443,"hastings_powell_3sp_chaos"
207.039,0.679195611944482,0.35828013434274,-0.42492263376107,0.180039000521957,0.0779590557683865,0.1,0.776873064901874,"hastings_powell_3sp_chaos"
208.9416,0.640652175797702,0.384642001940904,-0.365930831422252,0.178911947813013,0.0779105517964767,0.1,0.804110672845528,"hastings_powell_3sp_chaos"
210.84,0.601090876860303,0.404900916080325,-0.315659939986717,0.175903398165563,0.0761964534996573,0.1,0.837773776966343,"hastings_powell_3sp_chaos"
212.7384,0.565110452296814,0.414954191837081,-0.282372821647011,0.170691107045704,0.0723925827461773,0.1,0.876479117775516,"hastings_powell_3sp_chaos"
214.6368,0.539601787050475,0.41178747759593,-0.274490306022176,0.162597940221032,0.0656909051681206,0.1,0.917839389737009,"hastings_powell_3sp_chaos"
216.5394,0.532445825102112,0.39528415758984,-0.298704142297347,0.151540461848461,0.0558111822649313,0.1,0.958708437569783,"hastings_powell_3sp_chaos"
218.4378,0.549267683154527,0.368902936736481,-0.355954104360473,0.139719251665203,0.0444854293727782,0.1,0.995326396329455,"hastings_powell_3sp_chaos"
220.3362,0.5889996437967,0.337530098315262,-0.437359728042431,0.13011050007815,0.0342055522240176,0.1,1.02460119293043,"hastings_powell_3sp_chaos"
222.2346,0.642554269921927,0.304930018734711,-0.52648816199522,0.123607300838068,0.0259212401290613,0.1,1.04419695124115,"hastings_powell_3sp_chaos"
224.1372,0.697893518836405,0.272854976555602,-0.609270043231164,0.119392644253941,0.0193134915478819,0.1,1.05261136315401,"hastings_powell_3sp_chaos"
226.0356,0.746666907945551,0.242301846352402,-0.678976776386847,0.11674442193514,0.0141853821084948,0.1,1.0489740433803,"hastings_powell_3sp_chaos"
227.934,0.786684040090689,0.214016357278096,-0.735194409959401,0.115397089991891,0.0106324057484094,0.1,1.03320902856639,"hastings_powell_3sp_chaos"
229.8366,0.818661227565597,0.188878362624457,-0.779323024790908,0.11534343140291,0.00885074868108069,0.1,1.00602690850114,"hastings_powell_3sp_chaos"
231.735,0.843644196104505,0.167797492868669,-0.812621274314048,0.116652497123945,0.00897421715389825,0.1,0.969255591444227,"hastings_powell_3sp_chaos"
233.6334,0.862676274813786,0.151179502882308,-0.836464127796704,0.119402490183901,0.0110182753274407,0.1,0.925262414150481,"hastings_powell_3sp_chaos"
235.5318,0.876512707042019,0.13915100685303,-0.851942070973674,0.123646357246125,0.014911510092653,0.1,0.876795713634525,"hastings_powell_3sp_chaos"
237.4344,0.885792535912277,0.131617054708127,-0.859932313552503,0.129392889235541,0.0205195175727568,0.1,0.826445414013568,"hastings_powell_3sp_chaos"
239.3328,0.890960587687413,0.12848393283134,-0.86094203925046,0.136529406412921,0.0276060873151174,0.1,0.776828807557302,"hastings_powell_3sp_chaos"
241.2312,0.892341111436964,0.129701733496892,-0.855111788225399,0.144890201610335,0.0359244036283182,0.1,0.729803905317254,"hastings_powell_3sp_chaos"
243.1296,0.88999690938284,0.135441507488678,-0.842043300260626,0.154219405192585,0.0451885568991148,0.1,0.686926591152633,"hastings_powell_3sp_chaos"
245.0322,0.883688791529934,0.146172491796588,-0.820678066811607,0.164227127340429,0.0551206408557898,0.1,0.64934507784525,"hastings_powell_3sp_chaos"
246.9306,0.872883699677225,0.1626060537927,-0.78939171399264,0.1745180386308,0.0653631151450773,0.1,0.618230004443462,"hastings_powell_3sp_chaos"
248.829,0.856593748720874,0.185863838004925,-0.745583547035591,0.184719169237263,0.0755901213013554,0.1,0.594386368366412,"hastings_powell_3sp_chaos"
250.7274,0.833305129113527,0.217378513201945,-0.685733472984854,0.194340916019678,0.0853656316174582,0.1,0.578701140514347,"hastings_powell_3sp_chaos"
252.63,0.800718418746964,0.258881014538452,-0.605246981525392,0.202690924358891,0.0940805668754179,0.1,0.572128449864397,"hastings_powell_3sp_chaos"
254.5284,0.75584140338954,0.311593280753195,-0.500038266251031,0.20852369803259,0.100689860813452,0.1,0.575766110620883,"hastings_powell_3sp_chaos"
256.4268,0.694362927056795,0.37571163947188,-0.368593213095354,0.209340094693949,0.103364065512257,0.1,0.59072550682294,"hastings_powell_3sp_chaos"
258.3252,0.610971078092517,0.447647923914108,-0.221630842262735,0.198860221178522,0.0982485993813825,0.1,0.618009257071643,"hastings_powell_3sp_chaos"
260.2278,0.500342109457194,0.515244049294024,-0.101006786003183,0.170870752919583,0.0830924682932486,0.1,0.65801717566031,"hastings_powell_3sp_chaos"
262.1262,0.364384362695959,0.548989125879159,-0.053941588072039,0.148483158162515,0.0692781983231745,0.1,0.708725215088103,"hastings_powell_3sp_chaos"
264.0246,0.229166000535928,0.502365414423028,-0.0382655145899463,0.16523957651233,0.0795386263173139,0.1,0.762930200509311,"hastings_powell_3sp_chaos"
265.923,0.155167350053734,0.36699518200043,-0.0648416175717945,0.219430766526348,0.117782754761044,0.1,0.803645696240165,"hastings_powell_3sp_chaos"
267.8256,0.18578399583928,0.234959814673382,-0.106304614075677,0.127102180984776,0.0429832508688497,0.1,0.811772061371313,"hastings_powell_3sp_chaos"
269.724,0.362625404917463,0.169035340686661,-0.388078587804873,0.113385357424994,0.0123621830638901,0.1,0.7887364730664,"hastings_powell_3sp_chaos"
271.6224,0.639787194576546,0.149458798906852,-0.673466158102441,0.136030919850965,0.0295704785620732,0.1,0.752050015691322,"hastings_powell_3sp_chaos"
273.5208,0.807427865890166,0.149112289945199,-0.781335799105263,0.149791430866178,0.0420440240837679,0.1,0.71398339643728,"hastings_powell_3sp_chaos"
275.4234,0.856113322491555,0.157395992716679,-0.794899796028071,0.160149760881573,0.0520618771687748,0.1,0.679295881976973,"hastings_powell_3sp_chaos"
277.3218,0.859775324745817,0.171939745537629,-0.774257177117738,0.169798225558115,0.0616173524272074,0.1,0.650102160154512,"hastings_powell_3sp_chaos"
279.2202,0.848041915858093,0.192919819692021,-0.736262385515455,0.179210369460249,0.0710486776011336,0.1,0.627490243658104,"hastings_powell_3sp_chaos"
281.1186,0.82751834614121,0.221263000224517,-0.682766543881752,0.188143465204251,0.0801174857978115,0.1,0.612439423625724,"hastings_powell_3sp_chaos"
283.0212,0.798219031062496,0.258212151210686,-0.611338256809136,0.196073085855438,0.0883549448957315,0.1,0.60591781703013,"hastings_powell_3sp_chaos"
284.9196,0.758301420779348,0.304537741798472,-0.519257703419627,0.202094780526748,0.0949870509573424,0.1,0.608981474074056,"hastings_powell_3sp_chaos"
286.818,0.70469834608015,0.360205797620919,-0.40520303618822,0.204755684813999,0.0989243430643556,0.1,0.622660189368813,"hastings_powell_3sp_chaos"
288.7164,0.633780938417716,0.42242259699826,-0.274942472682159,0.201315125521902,0.0984981236930603,0.1,0.647879936245172,"hastings_powell_3sp_chaos"
290.619,0.542165936843119,0.482774580920581,-0.149753234884432,0.188475586193844,0.0925856123033181,0.1,0.685114908854059,"hastings_powell_3sp_chaos"
292.5174,0.431187261701582,0.522255974937201,-0.0657188699496715,0.174319029035325,0.0867368870832259,0.1,0.73307093741442,"hastings_powell_3sp_chaos"
294.4158,0.314989806203777,0.511131482171696,-0.0268258191168571,0.178144084657751,0.0908745470003851,0.1,0.787220798205826,"hastings_powell_3sp_chaos"
296.3142,0.23179076518885,0.430237520628764,-0.0357903966457714,0.195023819948027,0.101807939047591,0.1,0.836752409107213,"hastings_powell_3sp_chaos"
298.2168,0.228749084518815,0.317335522804972,-0.0840552560089643,0.144758847172581,0.0588568553670406,0.1,0.8661801899863,"hastings_powell_3sp_chaos"
300.1152,0.342979594044353,0.236789888866319,-0.288715997088433,0.112290294691645,0.0172971670255608,0.1,0.868018250636121,"hastings_powell_3sp_chaos"
302.0136,0.560352544424225,0.200281686039045,-0.558998170561146,0.125847947888807,0.023453801928012,0.1,0.850551351440694,"hastings_powell_3sp_chaos"
303.9162,0.738311268519729,0.187909859550301,-0.704644002842847,0.136589557291299,0.0319912394138708,0.1,0.825104614451554,"hastings_powell_3sp_chaos"
305.8146,0.813124305978443,0.185825541053941,-0.750498442872736,0.14354267303578,0.0382740468643638,0.1,0.798078269795906,"hastings_powell_3sp_chaos"
307.713,0.833879879980568,0.189198431907414,-0.754872608200526,0.149606181594081,0.0441289836031509,0.1,0.772233417644395,"hastings_powell_3sp_chaos"
309.6114,0.835104694931774,0.196886434241672,-0.742370175381408,0.15572057641624,0.0501947813112862,0.1,0.749132553488832,"hastings_powell_3sp_chaos"
311.514,0.828190181833987,0.2088635416141,-0.719735142502327,0.162002640231644,0.0565113877524678,0.1,0.72988659370029,"hastings_powell_3sp_chaos"
313.4124,0.815967039697951,0.225324560055367,-0.688190475416859,0.168254004009977,0.0628698490995983,0.1,0.71556422601226,"hastings_powell_3sp_chaos"
315.3108,0.798680111280499,0.246583009006285,-0.647223661848963,0.174208364557199,0.069017246231217,0.1,0.707013917316459,"hastings_powell_3sp_chaos"
317.2092,0.775814200303615,0.272800880298376,-0.596071193525675,0.17951244537982,0.0746285166690687,0.1,0.705074193384447,"hastings_powell_3sp_chaos"
319.1118,0.746535026538385,0.303850833358938,-0.534231484832388,0.18375575219256,0.0793410813722904,0.1,0.710544760709439,"hastings_powell_3sp_chaos"
321.0102,0.710230656805787,0.33867344854399,-0.462846508664754,0.186460487491423,0.0827504693497335,0.1,0.72407823133537,"hastings_powell_3sp_chaos"
322.9086,0.666482277215392,0.375190401186752,-0.384987201472618,0.187227009408564,0.0845679779967918,0.1,0.74614253562911,"hastings_powell_3sp_chaos"
324.807,0.615948244519726,0.409481941470898,-0.30727922514653,0.185887674435553,0.0847312987439037,0.1,0.776787759009854,"hastings_powell_3sp_chaos"
326.7096,0.561275922135771,0.435637253273046,-0.239725445696566,0.182666933451114,0.0834102218157068,0.1,0.81541526189124,"hastings_powell_3sp_chaos"
328.608,0.509088137321279,0.446421175196889,-0.194437787336666,0.177512883038788,0.0801910690482205,0.1,0.859982355823329,"hastings_powell_3sp_chaos"
330.5064,0.470293891706875,0.436709840890067,-0.182791826483501,0.168282796954316,0.0726714618357221,0.1,0.907156369269331,"hastings_powell_3sp_chaos"
332.4048,0.459105754143751,0.407731639374638,-0.215979728652359,0.152896910112742,0.0586833968421476,0.1,0.952163834359182,"hastings_powell_3sp_chaos"
334.3074,0.486780094619363,0.368119275920524,-0.299252479463632,0.136575480192201,0.042546158476897,0.1,0.990144186680205,"hastings_powell_3sp_chaos"
336.2058,0.550900877441148,0.328154058632422,-0.415505192054995,0.126608713323797,0.0309652361392086,0.1,1.01753485107457,"hastings_powell_3sp_chaos"
338.1042,0.630927088435448,0.292530587790957,-0.531061977671589,0.122005069786154,0.0238427990118588,0.1,1.03314973255805,"hastings_powell_3sp_chaos"
340.0026,0.702717672508555,0.261156199718283,-0.624220602989187,0.1194564758813,0.0187343633777009,0.1,1.03691473699656,"hastings_powell_3sp_chaos"
341.9052,0.756824144641803,0.23287124675266,-0.693559273417201,0.117831103273823,0.0148188570483982,0.1,1.02907831998449,"hastings_powell_3sp_chaos"
343.8036,0.795745636214768,0.207537429852456,-0.744848181580617,0.11716851419652,0.0122677237395703,0.1,1.01025401676515,"hastings_powell_3sp_chaos"
345.702,0.8245345617132,0.185507235214344,-0.783281472787405,0.117661257402409,0.011333606903008,0.1,0.981578316558626,"hastings_powell_3sp_chaos"
347.6004,0.846288839057043,0.167315173424877,-0.811610277733394,0.119450157246196,0.0121553015181991,0.1,0.944848090332704,"hastings_powell_3sp_chaos"
349.503,0.862566884203546,0.153276798641579,-0.83135336011014,0.122626963524673,0.0147537818974938,0.1,0.902252109673326,"hastings_powell_3sp_chaos"
351.4014,0.8741003528626,0.143564674745091,-0.84335975743556,0.127206730405424,0.0190357828269326,0.1,0.856460114497859,"hastings_powell_3sp_chaos"
353.2998,0.881441197089858,0.138121752627759,-0.848289446801533,0.133158134531058,0.0248511783602172,0.1,0.809762368246323,"hastings_powell_3sp_chaos"
355.1982,0.88492337700227,0.136926835075871,-0.846412711568811,0.140366865187785,0.0319907382971535,0.1,0.764253078497472,"hastings_powell_3sp_chaos"
357.1008,0.884690059013818,0.140083592128736,-0.837562438958823,0.148659681279701,0.0402249988354048,0.1,0.721583270059154,"hastings_powell_3sp_chaos"
358.9992,0.880662337365277,0.147865694339921,-0.821143903665326,0.157740911101502,0.0492435665791836,0.1,0.683352893127508,"hastings_powell_3sp_chaos"
360.8976,0.872487306489581,0.160813981504377,-0.795929335942255,0.167320397482554,0.0587729550474157,0.1,0.650615084752262,"hastings_powell_3sp_chaos"
362.796,0.859471322649734,0.179752151258275,-0.760018744827342,0.177049119980836,0.0684988541953722,0.1,0.624358427354229,"hastings_powell_3sp_chaos"
364.6986,0.840451258730103,0.205854945413487,-0.71060941175683,0.186536487974339,0.0780742248110518,0.1,0.605471361730732,"hastings_powell_3sp_chaos"
366.597,0.813861221138424,0.240327865660703,-0.644461681585494,0.195202255888253,0.0869748829839211,0.1,0.594974905220686,"hastings_powell_3sp_chaos"
368.4954,0.777343470917403,0.2845029042297,-0.557616631802429,0.202269658806551,0.0945295276950531,0.1,0.593823909881747,"hastings_powell_3sp_chaos"
370.3938,0.727757797226201,0.339009861943076,-0.447227658935669,0.206387340234726,0.0996659481242702,0.1,0.603095267986775,"hastings_powell_3sp_chaos"
372.2964,0.660959892783248,0.402593256038362,-0.315331696498604,0.204847577430648,0.100568340960204,0.1,0.623897206032012,"hastings_powell_3sp_chaos"
374.1948,0.572969521812026,0.468710877874397,-0.179537970664503,0.192588083660916,0.0946460558358851,0.1,0.656846391984034,"hastings_powell_3sp_chaos"
376.0932,0.46161610999234,0.521486380256597,-0.0801870204856737,0.172048166294151,0.0846635311793,0.1,0.701566369663058,"hastings_powell_3sp_chaos"
377.9958,0.334978756085633,0.530220671671445,-0.0344589241798593,0.16568866277077,0.0819705097131542,0.1,0.754907892201854,"hastings_powell_3sp_chaos"
0,0.2445642,0.2500377,-0.340790023892944,0.0433033083932946,-0.00577782062887712,0.2,0.8477652,"hastings_powell_3sp_chaos"
1.8984,0.435009427490395,0.193858003839561,-0.560675694737279,0.081154137446113,0.0251951302789004,0.2,0.831363219831422,"hastings_powell_3sp_chaos"
3.7968,0.672648399536362,0.175034808895532,-0.686914490062024,0.101307762087738,0.0433665389159425,0.2,0.802665521991123,"hastings_powell_3sp_chaos"
5.6952,0.801084967136138,0.17225437777035,-0.722411808640797,0.111509325008379,0.0531403232834476,0.2,0.771439486258634,"hastings_powell_3sp_chaos"
7.5978,0.83976683347074,0.176903783224965,-0.714020271752747,0.118853818046184,0.0604694322683976,0.2,0.741820260466986,"hastings_powell_3sp_chaos"
9.4962,0.844284168596641,0.186783706100031,-0.685674294906222,0.125126773727993,0.0668880517957941,0.2,0.715886992303096,"hastings_powell_3sp_chaos"
11.3946,0.8364205404677,0.201714620146979,-0.643545483094802,0.130414754263324,0.0724499682505065,0.2,0.69482007572395,"hastings_powell_3sp_chaos"
13.293,0.821610341455704,0.222083341374122,-0.587905787053781,0.134231656027392,0.0767015895639859,0.2,0.679641430758681,"hastings_powell_3sp_chaos"
15.1956,0.800426055072905,0.248473104535283,-0.517623862239019,0.135860195346548,0.078991655657089,0.2,0.671281629737192,"hastings_powell_3sp_chaos"
17.094,0.772159197602492,0.281147744639039,-0.433036889977122,0.134573419477616,0.078669402330427,0.2,0.670690068667486,"hastings_powell_3sp_chaos"
18.9924,0.735451446827353,0.320026433891756,-0.33739345923055,0.130252788546182,0.0756421729625555,0.2,0.678720365858518,"hastings_powell_3sp_chaos"
20.8908,0.688855635883661,0.363842050088301,-0.239567598449095,0.124212418588336,0.0710473420261533,0.2,0.696155476464483,"hastings_powell_3sp_chaos"
22.7934,0.631189756523207,0.409323821614886,-0.150615210212982,0.117388643985931,0.0657592181714587,0.2,0.723579658223461,"hastings_powell_3sp_chaos"
24.6918,0.563208580145382,0.44958178940289,-0.0781802648468732,0.10516792987881,0.0567236026738688,0.2,0.760763269824624,"hastings_powell_3sp_chaos"
26.5902,0.489090655363301,0.474119965860662,-0.0295555946467468,0.0791582299077548,0.0390979788003556,0.2,0.806415988998947,"hastings_powell_3sp_chaos"
28.4886,0.420289043160932,0.470864222473635,-0.0193110354937557,0.0444183287963899,0.0137653851054029,0.2,0.857112485848479,"hastings_powell_3sp_chaos"
30.3912,0.377315789549583,0.434833993852102,-0.10792173319789,0.0239344812092013,-0.0063975755735737,0.2,0.906853952940045,"hastings_powell_3sp_chaos"
32.2896,0.38509350872409,0.378472643602497,-0.248502424007061,0.0308753152414828,-0.00728385101449395,0.2,0.947794969632906,"hastings_powell_3sp_chaos"
34.188,0.457432762508213,0.324058504774494,-0.40808250187826,0.0546400268995749,0.00587542247960389,0.2,0.974702026492796,"hastings_powell_3sp_chaos"
36.0864,0.573567593537569,0.283490481499591,-0.540981756115152,0.070526403552309,0.0166759758582637,0.2,0.987198705104964,"hastings_powell_3sp_chaos"
37.989,0.681155910508565,0.254613223858743,-0.630602756998414,0.0780372533789649,0.0219278446138998,0.2,0.987822639906671,"hastings_powell_3sp_chaos"
39.8874,0.751044816325143,0.232254173785825,-0.685746577976186,0.0817030595875316,0.0244503076469277,0.2,0.978952767325952,"hastings_powell_3sp_chaos"
41.7858,0.791432104561076,0.213495957315174,-0.720710100810175,0.0843368883693366,0.0264258203466931,0.2,0.962138852389243,"hastings_powell_3sp_chaos"
43.6842,0.816306528611432,0.197596631482488,-0.743905182792933,0.0871595196963502,0.0288524001853581,0.2,0.938626643129727,"hastings_powell_3sp_chaos"
45.5868,0.833366623524929,0.184628119378584,-0.758868612653297,0.0906600631340417,0.0321224450477186,0.2,0.909715935328024,"hastings_powell_3sp_chaos"
47.4852,0.845526080894944,0.174916602249708,-0.76674169549411,0.0949836589746152,0.0363262559503983,0.2,0.877111879466587,"hastings_powell_3sp_chaos"
49.3836,0.853836825136041,0.168658796764839,-0.767854820851872,0.100132559340696,0.041427646826045,0.2,0.84244654749418,"hastings_powell_3sp_chaos"
51.282,0.858626457240494,0.166032032690737,-0.762059143618884,0.105987467759747,0.0472839388938057,0.2,0.80739666889606,"hastings_powell_3sp_chaos"
53.1846,0.859973291593622,0.167220801154776,-0.748828800852617,0.112345879798194,0.0536843421477616,0.2,0.773451822192863,"hastings_powell_3sp_chaos"
55.083,0.857798357312603,0.17245661307196,-0.727374980406323,0.118871890960841,0.0602991939887468,0.2,0.742161443988794,"hastings_powell_3sp_chaos"
56.9814,0.851876129955321,0.182077659481878,-0.696439753128185,0.125180988367486,0.0667639603558786,0.2,0.714676710818044,"hastings_powell_3sp_chaos"
58.8798,0.841781005153207,0.196548702815979,-0.654400920594434,0.130771088561386,0.0726093139377445,0.2,0.692085010967162,"hastings_powell_3sp_chaos"
60.7824,0.826815325892029,0.216497728161836,-0.599237655176434,0.135017402779798,0.0772594362777495,0.2,0.67534772893076,"hastings_powell_3sp_chaos"
62.6808,0.806113039281662,0.242460829515608,-0.52945719109991,0.137126897858748,0.0799877243636976,0.2,0.665480986443182,"hastings_powell_3sp_chaos"
64.5792,0.778418758002817,0.274980440134073,-0.444421921248716,0.136320163446584,0.0801003625114143,0.2,0.663363534493442,"hastings_powell_3sp_chaos"
66.4776,0.742224174697459,0.31411062947688,-0.347002017421951,0.132357724905283,0.0774001887116148,0.2,0.669901966485048,"hastings_powell_3sp_chaos"
68.3802,0.695758559753517,0.358950349870112,-0.245901039992053,0.126625783028087,0.073098679833589,0.2,0.685977538519549,"hastings_powell_3sp_chaos"
70.2786,0.6378370910723,0.406230491515155,-0.153754444761352,0.120780048552385,0.0686440347547635,0.2,0.71212386916701,"hastings_powell_3sp_chaos"
72.177,0.56829526186673,0.449555515955854,-0.0775873371577337,0.110459522633262,0.0611451575498482,0.2,0.748400893729921,"hastings_powell_3sp_chaos"
74.0754,0.490618755061052,0.477990592909503,-0.0254142800773479,0.0860624940524969,0.0451714212921425,0.2,0.793661082463761,"hastings_powell_3sp_chaos"
75.978,0.415439506619778,0.477918193068077,-0.00391326347487314,0.0479144014479679,0.0195047584989707,0.2,0.844757594648578,"hastings_powell_3sp_chaos"
77.8764,0.364169030562667,0.44200287149894,-0.0861609405061994,0.0255878521185137,-0.0041001848460352,0.2,0.895253135561253,"hastings_powell_3sp_chaos"
79.7748,0.363821693510472,0.381915367786088,-0.224588529504388,0.0274400914532491,-0.0092709210364086,0.2,0.937028008165447,"hastings_powell_3sp_chaos"
81.6774,0.433432152700485,0.323005084827175,-0.391483449437348,0.0522880372407376,0.00421505586250446,0.2,0.963987578990984,"hastings_powell_3sp_chaos"
83.5758,0.55631282977523,0.280429178348723,-0.53333974992272,0.0705046386762873,0.0168671844067996,0.2,0.975581222077432,"hastings_powell_3sp_chaos"
85.4742,0.674197652989378,0.251881877093279,-0.62722678755641,0.0791098747844716,0.0231475887718147,0.2,0.975097621270206,"hastings_powell_3sp_chaos"
87.3726,0.749878218393291,0.230900952753401,-0.682424279536963,0.0832152661465669,0.0261447162185157,0.2,0.965541590201416,"hastings_powell_3sp_chaos"
89.2752,0.791371960927332,0.213843943303154,-0.715486318549231,0.0860480999043056,0.0283631918030613,0.2,0.948719470498846,"hastings_powell_3sp_chaos"
91.1736,0.815266958735144,0.199705603186179,-0.736263286917805,0.088955735902418,0.0309080076846404,0.2,0.926038656747365,"hastings_powell_3sp_chaos"
93.072,0.830848804577221,0.18840469554339,-0.748912034763385,0.0924434107398925,0.0341859432121505,0.2,0.898789761737121,"hastings_powell_3sp_chaos"
94.9704,0.841614116704791,0.180161552218723,-0.754744611352626,0.0966579074233232,0.0382932612324305,0.2,0.868423273127037,"hastings_powell_3sp_chaos"
96.873,0.848703308910162,0.175196389154643,-0.754004340533743,0.101590360983035,0.0431894787068983,0.2,0.83640019592537,"hastings_powell_3sp_chaos"
98.7714,0.852403925242986,0.173731172160632,-0.746481189432074,0.107089579700111,0.0487055207517251,0.2,0.804382331201492,"hastings_powell_3sp_chaos"
100.6698,0.852769313678413,0.175957220031586,-0.731648838624449,0.112946282959256,0.0546272709534763,0.2,0.773724418650576,"hastings_powell_3sp_chaos"
102.5682,0.84967916892188,0.182130601412406,-0.708666218232033,0.118856613537206,0.0606592722708945,0.2,0.745717405634976,"hastings_powell_3sp_chaos"
104.4708,0.842846275507353,0.192616868617466,-0.676295995398593,0.124441297014584,0.0664435860400426,0.2,0.721466930974672,"hastings_powell_3sp_chaos"
106.3692,0.831859748634475,0.20779665986717,-0.633257780678965,0.129184328632984,0.0714967731809922,0.2,0.702121181439087,"hastings_powell_3sp_chaos"
108.2676,0.81606710228452,0.228173766591459,-0.577986862510712,0.132492042628089,0.0752738938888533,0.2,0.688580228694416,"hastings_powell_3sp_chaos"
110.166,0.794604802744144,0.254204186196113,-0.509366340980037,0.133656477784539,0.0771329038330042,0.2,0.681754115942874,"hastings_powell_3sp_chaos"
112.0686,0.766321220071305,0.286203999504663,-0.42748732178349,0.13201511116336,0.0764863509572754,0.2,0.682532847547043,"hastings_powell_3sp_chaos"
113.967,0.730108104038946,0.323706036307499,-0.336152464808986,0.127454073899447,0.0732334782738347,0.2,0.691746973657993,"hastings_powell_3sp_chaos"
115.8654,0.684741269170722,0.365305375736796,-0.243216463715312,0.120906883042487,0.068176104838998,0.2,0.7100989335653,"hastings_powell_3sp_chaos"
117.7638,0.629628376461902,0.407546138335636,-0.158786084375706,0.112722540224491,0.0616981105059659,0.2,0.737997579347023,"hastings_powell_3sp_chaos"
119.6664,0.565708672940654,0.444129674337776,-0.0903662379003236,0.0988435651380355,0.0510702035349885,0.2,0.775305507323317,"hastings_powell_3sp_chaos"
121.5648,0.498056829154186,0.465433791400854,-0.0460318329905744,0.073443800885866,0.0327055838444493,0.2,0.820434166365186,"hastings_powell_3sp_chaos"
123.4632,0.437680893730408,0.461657830612531,-0.0478820312665848,0.0433182877136978,0.00931036783856348,0.2,0.870138657022614,"hastings_powell_3sp_chaos"
125.3616,0.403025002779779,0.429722143653028,-0.132831852371178,0.024914785076714,-0.00641855256729731,0.2,0.918852787844384,"hastings_powell_3sp_chaos"
127.2642,0.414838127052106,0.380046527714845,-0.268175244214212,0.0345196311668938,-0.00468909257941252,0.2,0.959983037932834,"hastings_powell_3sp_chaos"
129.1626,0.482341314052441,0.330646357068446,-0.416133723492908,0.0556386532714133,0.0066644334280184,0.2,0.98855402045303,"hastings_powell_3sp_chaos"
131.061,0.585136364665226,0.291221938717727,-0.540527098490834,0.0693256077258468,0.0154674400513412,0.2,1.00374481682008,"hastings_powell_3sp_chaos"
132.9594,0.680938884064934,0.260879890531482,-0.628489430393418,0.0759598081578395,0.0197499825129737,0.2,1.00701002577313,"hastings_powell_3sp_chaos"
134.862,0.747263652670241,0.235845287649374,-0.686822974563987,0.0792808929829727,0.0217983324995709,0.2,0.99989945527925,"hastings_powell_3sp_chaos"
136.7604,0.788793875677834,0.214191321599039,-0.726161252110638,0.0816938187509508,0.0234592573760884,0.2,0.983600952640444,"hastings_powell_3sp_chaos"
138.6588,0.816279671909684,0.195465404457018,-0.753575486654443,0.0843629566791964,0.0256746457731866,0.2,0.959250614513594,"hastings_powell_3sp_chaos"
140.5572,0.835961878028962,0.179924006652846,-0.772202226505428,0.0877983579745912,0.0288491060098792,0.2,0.928295564913549,"hastings_powell_3sp_chaos"
142.4598,0.850473955918998,0.167872847586567,-0.783304501351422,0.0922152234281508,0.0331304324244037,0.2,0.892429125334605,"hastings_powell_3sp_chaos"
144.3582,0.86073674822693,0.159586403149705,-0.787276458279911,0.097624455319082,0.0384811419194428,0.2,0.853768223332716,"hastings_powell_3sp_chaos"
146.2566,0.867194145933734,0.155161836075937,-0.784161724934858,0.103935925646862,0.0447778482747757,0.2,0.814184370856826,"hastings_powell_3sp_chaos"
148.155,0.870028459849337,0.154711690268104,-0.773597160171528,0.110939386122496,0.0517952316364541,0.2,0.775472074413228,"hastings_powell_3sp_chaos"
150.0576,0.869259192496677,0.158428046625905,-0.754747707318962,0.118340630236149,0.0592421627047424,0.2,0.739127022676199,"hastings_powell_3sp_chaos"
151.956,0.864737249253466,0.166605358922473,-0.726421690221118,0.125700443557767,0.0666979076280717,0.2,0.706655826808488,"hastings_powell_3sp_chaos"
153.8544,0.856092763008875,0.179730053937574,-0.686774475794584,0.132524370167358,0.0736999018426689,0.2,0.679128349519599,"hastings_powell_3sp_chaos"
155.757,0.842647675044753,0.198518581099667,-0.633348043187316,0.138173773559198,0.0796563512481685,0.2,0.65752803896401,"hastings_powell_3sp_chaos"
157.6554,0.823488044330788,0.223711207378864,-0.563812484099777,0.14178625803815,0.0837710352602994,0.2,0.64291164225502,"hastings_powell_3sp_chaos"
159.5538,0.797225190615005,0.256202345020014,-0.476216526794008,0.142387501366719,0.0851684568912971,0.2,0.636175415741281,"hastings_powell_3sp_chaos"
161.4522,0.762048552677032,0.296610944836564,-0.37203129761174,0.139349230316246,0.0833201051182323,0.2,0.638290812321065,"hastings_powell_3sp_chaos"
163.3548,0.715594166539871,0.344847650565869,-0.260731886103233,0.134247702618445,0.0796535609158365,0.2,0.650265803401905,"hastings_powell_3sp_chaos"
165.2532,0.655593635638447,0.39855997733008,-0.159475299232114,0.131132399057257,0.0775220516501666,0.2,0.672898562834279,"hastings_powell_3sp_chaos"
167.1516,0.580056344362842,0.451905419823065,-0.0740380023383762,0.12596008691388,0.0740954495095058,0.2,0.706631215565643,"hastings_powell_3sp_chaos"
169.05,0.489860872525671,0.492697647192681,-0.0158836232242955,0.108061041684811,0.0639554820668236,0.2,0.750829583215934,"hastings_powell_3sp_chaos"
170.9526,0.39344846910111,0.501799947283155,-0.00594914221065196,0.0624947372053762,0.0409976753815149,0.2,0.802729079350471,"hastings_powell_3sp_chaos"
172.851,0.314521811221574,0.462117611019027,-0.0476971207233322,0.0433258877692164,0.0110276956876014,0.2,0.855305556488086,"hastings_powell_3sp_chaos"
174.7494,0.289002632646957,0.383093312541079,-0.171978875415346,0.0276230151125204,-0.00996922494904807,0.2,0.897827581291993,"hastings_powell_3sp_chaos"
176.6478,0.350309698906491,0.304988503784884,-0.353453062271375,0.046022728935642,-0.000998066655412212,0.2,0.920956011730348,"hastings_powell_3sp_chaos"
178.5504,0.501296862263027,0.254975228629357,-0.528468780682096,0.0728131996566731,0.0189963229024823,0.2,0.924576655161692,"hastings_powell_3sp_chaos"
180.4488,0.663651956322954,0.22899197886458,-0.636234579431364,0.0857598207736412,0.0296394220339805,0.2,0.915356636356446,"hastings_powell_3sp_chaos"
182.3472,0.76084958741243,0.214904023291449,-0.686010932854103,0.0917883463712708,0.0348711280543888,0.2,0.89914747012126,"hastings_powell_3sp_chaos"
184.2456,0.802987338381387,0.206322228699385,-0.705373684366699,0.0957744188829019,0.0385500475189083,0.2,0.8790861950066,"hastings_powell_3sp_chaos"
186.1482,0.820141236694722,0.201135882609423,-0.710581128105323,0.099471904461917,0.0421322660619126,0.2,0.856873324256377,"hastings_powell_3sp_chaos"
188.0466,0.827248805017349,0.198904233564313,-0.707546562308118,0.103333457458909,0.0459805216620007,0.2,0.833900372583055,"hastings_powell_3sp_chaos"
189.945,0.829455946117677,0.199640301912489,-0.697870905650153,0.107388791913212,0.0500966953820137,0.2,0.811268871071364,"hastings_powell_3sp_chaos"
191.8434,0.828187925331156,0.203505441492623,-0.681654581277699,0.11148666694385,0.0543252747642311,0.2,0.790054768461879,"hastings_powell_3sp_chaos"
193.746,0.823685332675311,0.210719872355337,-0.658442764683602,0.115391805441543,0.0584398809941738,0.2,0.771226650107768,"hastings_powell_3sp_chaos"
195.6444,0.815834997091494,0.221462283719702,-0.627783336012051,0.118772273575716,0.0621261084986272,0.2,0.755803353558769,"hastings_powell_3sp_chaos"
197.5428,0.804335595944241,0.235934711528813,-0.589117152252947,0.121258372245898,0.0650429974302969,0.2,0.744603081466008,"hastings_powell_3sp_chaos"
199.4412,0.788800815851475,0.254250037911088,-0.54220605798623,0.122417117302866,0.0667962192736758,0.2,0.738421467609643,"hastings_powell_3sp_chaos"
201.3438,0.768751942057851,0.276396485475618,-0.487326580694674,0.121790770184082,0.0669773899211202,0.2,0.737991376431593,"hastings_powell_3sp_chaos"
203.2422,0.743883949243011,0.301873950920336,-0.426281665298491,0.118980207811837,0.065232090133525,0.2,0.743956948916875,"hastings_powell_3sp_chaos"
205.1406,0.713950683421583,0.329764735976011,-0.362196492120073,0.113727890498843,0.0613400013603035,0.2,0.756820495785443,"hastings_powell_3sp_chaos"
207.039,0.679195611944482,0.35828013434274,-0.300212406571506,0.105889886119599,0.055187594736073,0.2,0.776873064901874,"hastings_powell_3sp_chaos"
208.9416,0.640652175797702,0.384642001940904,-0.246970035138957,0.0951794299694901,0.0465883471843361,0.2,0.804110672845528,"hastings_powell_3sp_chaos"
210.84,0.601090876860303,0.404900916080325,-0.210815157436656,0.0814299212434947,0.0355615878728419,0.2,0.837773776966343,"hastings_powell_3sp_chaos"
212.7384,0.565110452296814,0.414954191837081,-0.201431118147457,0.065928053998718,0.023406374790497,0.2,0.876479117775516,"hastings_powell_3sp_chaos"
214.6368,0.539601787050475,0.41178747759593,-0.22812479238986,0.0531465514217162,0.013571536078476,0.2,0.917839389737009,"hastings_powell_3sp_chaos"
216.5394,0.532445825102112,0.39528415758984,-0.291242747081994,0.0498181690778509,0.00922721911674846,0.2,0.958708437569783,"hastings_powell_3sp_chaos"
218.4378,0.549267683154527,0.368902936736481,-0.378087842715547,0.0557079531899652,0.00988028681885081,0.2,0.995326396329455,"hastings_powell_3sp_chaos"
220.3362,0.5889996437967,0.337530098315262,-0.472018590814879,0.0633186700464569,0.0123992550354238,0.2,1.02460119293043,"hastings_powell_3sp_chaos"
222.2346,0.642554269921927,0.304930018734711,-0.559780144981779,0.0689153550650965,0.0144371222141027,0.2,1.04419695124115,"hastings_powell_3sp_chaos"
224.1372,0.697893518836405,0.272854976555602,-0.634635990868483,0.0722687500767534,0.0154899962400874,0.2,1.05261136315401,"hastings_powell_3sp_chaos"
226.0356,0.746666907945551,0.242301846352402,-0.694797596924236,0.0743206676903706,0.0160887482076232,0.2,1.0489740433803,"hastings_powell_3sp_chaos"
227.934,0.786684040090689,0.214016357278096,-0.741669236495379,0.0761085217930838,0.0169770809273086,0.2,1.03320902856639,"hastings_powell_3sp_chaos"
229.8366,0.818661227565597,0.188878362624457,-0.777088309962291,0.0784174619091994,0.0187578423493361,0.2,1.00602690850114,"hastings_powell_3sp_chaos"
231.735,0.843644196104505,0.167797492868669,-0.80243040069983,0.08174693048055,0.0218090605573297,0.2,0.969255591444227,"hastings_powell_3sp_chaos"
233.6334,0.862676274813786,0.151179502882308,-0.818970876381717,0.0863824610304447,0.0263212908440156,0.2,0.925262414150481,"hastings_powell_3sp_chaos"
235.5318,0.876512707042019,0.13915100685303,-0.827558432439801,0.0924165549147599,0.0323129250256681,0.2,0.876795713634525,"hastings_powell_3sp_chaos"
237.4344,0.885792535912277,0.131617054708127,-0.828655618730889,0.0997942942872263,0.0396749766001179,0.2,0.826445414013568,"hastings_powell_3sp_chaos"
239.3328,0.890960587687413,0.12848393283134,-0.822264417502712,0.108261453756388,0.0481245184209705,0.2,0.776828807557302,"hastings_powell_3sp_chaos"
241.2312,0.892341111436964,0.129701733496892,-0.807846328310324,0.117483185406826,0.05732521676817,0.2,0.729803905317254,"hastings_powell_3sp_chaos"
243.1296,0.88999690938284,0.135441507488678,-0.784187694957464,0.127005548025125,0.0668440831534671,0.2,0.686926591152633,"hastings_powell_3sp_chaos"
245.0322,0.883688791529934,0.146172491796588,-0.749187189200181,0.136300730760378,0.0761886539077785,0.2,0.64934507784525,"hastings_powell_3sp_chaos"
246.9306,0.872883699677225,0.1626060537927,-0.700050910536806,0.144653897906271,0.0846890061019752,0.2,0.618230004443462,"hastings_powell_3sp_chaos"
248.829,0.856593748720874,0.185863838004925,-0.632809587853312,0.15118988639166,0.0915316079851672,0.2,0.594386368366412,"hastings_powell_3sp_chaos"
250.7274,0.833305129113527,0.217378513201945,-0.543117088717222,0.154628295415853,0.0955403137906045,0.2,0.578701140514347,"hastings_powell_3sp_chaos"
252.63,0.800718418746964,0.258881014538452,-0.428600914237588,0.153284144526924,0.0952376461336353,0.2,0.572128449864397,"hastings_powell_3sp_chaos"
254.5284,0.75584140338954,0.311593280753195,-0.299736177250388,0.147100831666527,0.0907457854954419,0.2,0.575766110620883,"hastings_powell_3sp_chaos"
256.4268,0.694362927056795,0.37571163947188,-0.190138010354482,0.145205139234133,0.0893522060648528,0.2,0.59072550682294,"hastings_powell_3sp_chaos"
258.3252,0.610971078092517,0.447647923914108,-0.0985507056498515,0.137118560570948,0.0817323882317883,0.2,0.618009257071643,"hastings_powell_3sp_chaos"
260.2278,0.500342109457194,0.515244049294024,-0.0186991080308135,0.117352964419479,0.0693627605049928,0.2,0.65801717566031,"hastings_powell_3sp_chaos"
262.1262,0.364384362695959,0.548989125879159,-0.0210025041521332,0.0983521787778122,0.0646096044733233,0.2,0.708725215088103,"hastings_powell_3sp_chaos"
264.0246,0.229166000535928,0.502365414423028,-0.0382620809686867,0.0734158785833488,0.0327534141815265,0.2,0.762930200509311,"hastings_powell_3sp_chaos"
265.923,0.155167350053734,0.36699518200043,-0.146925298738498,0.0689885678050421,0.0154637557396382,0.2,0.803645696240165,"hastings_powell_3sp_chaos"
267.8256,0.18578399583928,0.234959814673382,-0.302777987606718,0.0399473475340157,-0.00981395472507052,0.2,0.811772061371313,"hastings_powell_3sp_chaos"
269.724,0.362625404917463,0.169035340686661,-0.544392369790547,0.0801340444254452,0.0235771784631696,0.2,0.7887364730664,"hastings_powell_3sp_chaos"
271.6224,0.639787194576546,0.149458798906852,-0.70155041382796,0.107256037132839,0.0483121437315906,0.2,0.752050015691322,"hastings_powell_3sp_chaos"
273.5208,0.807427865890166,0.149112289945199,-0.745228450496446,0.120764328669653,0.06131937275347,0.2,0.71398339643728,"hastings_powell_3sp_chaos"
275.4234,0.856113322491555,0.157395992716679,-0.731110690764933,0.130293521161013,0.0708033406754994,0.2,0.679295881976973,"hastings_powell_3sp_chaos"
277.3218,0.859775324745817,0.171939745537629,-0.690905782194879,0.138157066510055,0.0788024531189856,0.2,0.650102160154512,"hastings_powell_3sp_chaos"
279.2202,0.848041915858093,0.192919819692021,-0.63170090822692,0.144321414494429,0.0852669145117157,0.2,0.627490243658104,"hastings_powell_3sp_chaos"
281.1186,0.82751834614121,0.221263000224517,-0.552594326930189,0.147926800574085,0.0894040844073958,0.2,0.612439423625724,"hastings_powell_3sp_chaos"
283.0212,0.798219031062496,0.258212151210686,-0.451803188080069,0.147766703921616,0.0901414881005589,0.2,0.60591781703013,"hastings_powell_3sp_chaos"
284.9196,0.758301420779348,0.304537741798472,-0.334057728693059,0.143424566233824,0.087193649463744,0.2,0.608981474074056,"hastings_powell_3sp_chaos"
286.818,0.70469834608015,0.360205797620919,-0.21810070475076,0.139265259813332,0.0843320242493302,0.2,0.622660189368813,"hastings_powell_3sp_chaos"
288.7164,0.633780938417716,0.42242259699826,-0.121272564353124,0.13844660945475,0.0837398393799182,0.2,0.647879936245172,"hastings_powell_3sp_chaos"
290.619,0.542165936843119,0.482774580920581,-0.037196815313212,0.128791539023916,0.077428441208139,0.2,0.685114908854059,"hastings_powell_3sp_chaos"
292.5174,0.431187261701582,0.522255974937201,-0.00788856275837203,0.107125219901612,0.0684241176914397,0.2,0.73307093741442,"hastings_powell_3sp_chaos"
294.4158,0.314989806203777,0.511131482171696,-0.0181176628214953,0.0699128114072184,0.0417063797826418,0.2,0.787220798205826,"hastings_powell_3sp_chaos"
296.3142,0.23179076518885,0.430237520628764,-0.0923442791767303,0.0600514686518087,0.0139168657698918,0.2,0.836752409107213,"hastings_powell_3sp_chaos"
298.2168,0.228749084518815,0.317335522804972,-0.234303235014934,0.0348353158261753,-0.0100045071464325,0.2,0.8661801899863,"hastings_powell_3sp_chaos"
300.1152,0.342979594044353,0.236789888866319,-0.445144367782286,0.061141919269539,0.00885207403231287,0.2,0.868018250636121,"hastings_powell_3sp_chaos"
302.0136,0.560352544424225,0.200281686039045,-0.617823406464951,0.0885276801841733,0.0320072227550192,0.2,0.850551351440694,"hastings_powell_3sp_chaos"
303.9162,0.738311268519729,0.187909859550301,-0.695580639587456,0.100973992011809,0.0433733129071369,0.2,0.825104614451554,"hastings_powell_3sp_chaos"
305.8146,0.813124305978443,0.185825541053941,-0.712172895454971,0.108138651255251,0.0503152895027412,0.2,0.798078269795906,"hastings_powell_3sp_chaos"
307.713,0.833879879980568,0.189198431907414,-0.701984284518341,0.113865433450902,0.0560805910023314,0.2,0.772233417644395,"hastings_powell_3sp_chaos"
309.6114,0.835104694931774,0.196886434241672,-0.67817329009578,0.119011026242275,0.0613885745244912,0.2,0.749132553488832,"hastings_powell_3sp_chaos"
311.514,0.828190181833987,0.2088635416141,-0.643778386685988,0.123506728239099,0.0661561703470902,0.2,0.72988659370029,"hastings_powell_3sp_chaos"
313.4124,0.815967039697951,0.225324560055367,-0.598991817125657,0.126936526829544,0.0699917583687445,0.2,0.71556422601226,"hastings_powell_3sp_chaos"
315.3108,0.798680111280499,0.246583009006285,-0.54317590304645,0.128768447214407,0.0724106595249544,0.2,0.707013917316459,"hastings_powell_3sp_chaos"
317.2092,0.775814200303615,0.272800880298376,-0.476285026890899,0.128406925915388,0.072877880845129,0.2,0.705074193384447,"hastings_powell_3sp_chaos"
319.1118,0.746535026538385,0.303850833358938,-0.39969121192352,0.12537616998695,0.0709741414704178,0.2,0.710544760709439,"hastings_powell_3sp_chaos"
321.0102,0.710230656805787,0.33867344854399,-0.318020496756332,0.119642415029467,0.0666601818754508,0.2,0.72407823133537,"hastings_powell_3sp_chaos"
322.9086,0.666482277215392,0.375190401186752,-0.238346766733061,0.111454152758035,0.0601471418829593,0.2,0.74614253562911,"hastings_powell_3sp_chaos"
324.807,0.615948244519726,0.409481941470898,-0.169068219427613,0.0999870097644858,0.0508576625163799,0.2,0.776787759009854,"hastings_powell_3sp_chaos"
326.7096,0.561275922135771,0.435637253273046,-0.118601867363352,0.0826283579980115,0.0370097749846477,0.2,0.81541526189124,"hastings_powell_3sp_chaos"
328.608,0.509088137321279,0.446421175196889,-0.100027237938034,0.0597213717478614,0.0190009429732127,0.2,0.859982355823329,"hastings_powell_3sp_chaos"
330.5064,0.470293891706875,0.436709840890067,-0.135164663904958,0.0392367813617958,0.00335964824237581,0.2,0.907156369269331,"hastings_powell_3sp_chaos"
332.4048,0.459105754143751,0.407731639374638,-0.226253828774836,0.0339732267302633,-0.00161295458805423,0.2,0.952163834359182,"hastings_powell_3sp_chaos"
334.3074,0.486780094619363,0.368119275920524,-0.347457047751904,0.0477924494525686,0.00332806242564793,0.2,0.990144186680205,"hastings_powell_3sp_chaos"
336.2058,0.550900877441148,0.328154058632422,-0.468583904717979,0.0615089547795067,0.0103525230310015,0.2,1.01753485107457,"hastings_powell_3sp_chaos"
338.1042,0.630927088435448,0.292530587790957,-0.570422226688075,0.0697719896086543,0.0148870622004684,0.2,1.03314973255805,"hastings_powell_3sp_chaos"
340.0026,0.702717672508555,0.261156199718283,-0.64776920741717,0.073991922706324,0.0170081689794398,0.2,1.03691473699656,"hastings_powell_3sp_chaos"
341.9052,0.756824144641803,0.23287124675266,-0.70462519395545,0.076397203461602,0.0181637867597108,0.2,1.02907831998449,"hastings_powell_3sp_chaos"
343.8036,0.795745636214768,0.207537429852456,-0.746242265949337,0.0784990102245346,0.0195121654120058,0.2,1.01025401676515,"hastings_powell_3sp_chaos"
345.702,0.8245345617132,0.185507235214344,-0.776505468629934,0.081162552177471,0.0217374027627675,0.2,0.981578316558626,"hastings_powell_3sp_chaos"
347.6004,0.846288839057043,0.167315173424877,-0.797473746712415,0.0848436702065736,0.0251866183531533,0.2,0.944848090332704,"hastings_powell_3sp_chaos"
349.503,0.862566884203546,0.153276798641579,-0.81029662802176,0.0897638927029153,0.0300014192311909,0.2,0.902252109673326,"hastings_powell_3sp_chaos"
351.4014,0.8741003528626,0.143564674745091,-0.815531618314363,0.0959332453742203,0.0361309698959038,0.2,0.856460114497859,"hastings_powell_3sp_chaos"
353.2998,0.881441197089858,0.138121752627759,-0.813412025270951,0.103243992402937,0.0434259363636983,0.2,0.809762368246323,"hastings_powell_3sp_chaos"
355.1982,0.88492337700227,0.136926835075871,-0.803679805997762,0.111447351485222,0.0516198506029667,0.2,0.764253078497472,"hastings_powell_3sp_chaos"
357.1008,0.884690059013818,0.140083592128736,-0.785487675518122,0.120200714828622,0.0603757786240029,0.2,0.721583270059154,"hastings_powell_3sp_chaos"
358.9992,0.880662337365277,0.147865694339921,-0.75747255595254,0.129004070118632,0.0692176626755839,0.2,0.683352893127508,"hastings_powell_3sp_chaos"
360.8976,0.872487306489581,0.160813981504377,-0.717408326640584,0.137311711737985,0.0776362922291931,0.2,0.650615084752262,"hastings_powell_3sp_chaos"
362.796,0.859471322649734,0.179752151258275,-0.662278036708646,0.144406312892049,0.0849632489862942,0.2,0.624358427354229,"hastings_powell_3sp_chaos"
364.6986,0.840451258730103,0.205854945413487,-0.588223066612113,0.149325877951227,0.0903102451933166,0.2,0.605471361730732,"hastings_powell_3sp_chaos"
366.597,0.813861221138424,0.240327865660703,-0.492283393596466,0.150747106883455,0.0924758913603196,0.2,0.594974905220686,"hastings_powell_3sp_chaos"
368.4954,0.777343470917403,0.2845029042297,-0.375378143934764,0.147528728661483,0.0905118934095638,0.2,0.593823909881747,"hastings_powell_3sp_chaos"
370.3938,0.727757797226201,0.339009861943076,-0.253047245798351,0.142162276471923,0.0866973421685656,0.2,0.603095267986775,"hastings_powell_3sp_chaos"
372.2964,0.660959892783248,0.402593256038362,-0.151055071793764,0.141680611761755,0.086368096563427,0.2,0.623897206032012,"hastings_powell_3sp_chaos"
374.1948,0.572969521812026,0.468710877874397,-0.0600924569306289,0.133143396541157,0.0796066893944551,0.2,0.656846391984034,"hastings_powell_3sp_chaos"
376.0932,0.46161610999234,0.521486380256597,-0.0105407324504268,0.116638549184087,0.0727641453564763,0.2,0.701566369663058,"hastings_powell_3sp_chaos"
377.9958,0.334978756085633,0.530220671671445,-0.0172169389524088,0.0765191514273607,0.0539821042098012,0.2,0.754907892201854,"hastings_powell_3sp_chaos"
0,0.2445642,0.2500377,-0.458934496434814,0.041528734272362,0.00789509253280275,0.3,0.8477652,"hastings_powell_3sp_chaos"
1.8984,0.435009427490395,0.193858003839561,-0.600265842299495,0.0692962086706654,0.0316399049889219,0.3,0.831363219831422,"hastings_powell_3sp_chaos"
3.7968,0.672648399536362,0.175034808895532,-0.673779883199097,0.0849602084150465,0.0461246542188958,0.3,0.802665521991123,"hastings_powell_3sp_chaos"
5.6952,0.801084967136138,0.17225437777035,-0.682151260972562,0.0932883031138685,0.0543050811792451,0.3,0.771439486258634,"hastings_powell_3sp_chaos"
7.5978,0.83976683347074,0.176903783224965,-0.656311865410986,0.0988852967170087,0.0600989387193639,0.3,0.741820260466986,"hastings_powell_3sp_chaos"
9.4962,0.844284168596641,0.186783706100031,-0.611689955673302,0.102538388773422,0.064194489977387,0.3,0.715886992303096,"hastings_powell_3sp_chaos"
11.3946,0.8364205404677,0.201714620146979,-0.551953398587742,0.103774755961667,0.0661985680459805,0.3,0.69482007572395,"hastings_powell_3sp_chaos"
13.293,0.821610341455704,0.222083341374122,-0.477813870970263,0.101746496815646,0.0654421052645373,0.3,0.679641430758681,"hastings_powell_3sp_chaos"
15.1956,0.800426055072905,0.248473104535283,-0.391104327816441,0.0959345856692389,0.061619815307042,0.3,0.671281629737192,"hastings_powell_3sp_chaos"
17.094,0.772159197602492,0.281147744639039,-0.29784677403162,0.0870249032377989,0.0554158171036751,0.3,0.670690068667486,"hastings_powell_3sp_chaos"
18.9924,0.735451446827353,0.320026433891756,-0.206419458638143,0.0758833380278153,0.047733170690874,0.3,0.678720365858518,"hastings_powell_3sp_chaos"
20.8908,0.688855635883661,0.363842050088301,-0.131967680566,0.0640573374951115,0.0412728614590519,0.3,0.696155476464483,"hastings_powell_3sp_chaos"
22.7934,0.631189756523207,0.409323821614886,-0.0916686174752728,0.0660203271710143,0.0398634267690958,0.3,0.723579658223461,"hastings_powell_3sp_chaos"
24.6918,0.563208580145382,0.44958178940289,-0.0814424726256323,0.0673977344944357,0.034952383905624,0.3,0.760763269824624,"hastings_powell_3sp_chaos"
26.5902,0.489090655363301,0.474119965860662,-0.103697982674832,0.0549363399396324,0.021093544046958,0.3,0.806415988998947,"hastings_powell_3sp_chaos"
28.4886,0.420289043160932,0.470864222473635,-0.156875800088003,0.0327647122149773,0.00150322304166782,0.3,0.857112485848479,"hastings_powell_3sp_chaos"
30.3912,0.377315789549583,0.434833993852102,-0.23995595615718,0.0127242613757704,-0.0131969665203456,0.3,0.906853952940045,"hastings_powell_3sp_chaos"
32.2896,0.38509350872409,0.378472643602497,-0.361144491121939,0.0160352228059795,-0.00987906031425939,0.3,0.947794969632906,"hastings_powell_3sp_chaos"
34.188,0.457432762508213,0.324058504774494,-0.488664466892036,0.0376267585692022,0.00387774149829456,0.3,0.974702026492796,"hastings_powell_3sp_chaos"
36.0864,0.573567593537569,0.283490481499591,-0.589953459978075,0.0508782175801968,0.0137988129312477,0.3,0.987198705104964,"hastings_powell_3sp_chaos"
37.989,0.681155910508565,0.254613223858743,-0.657828806264486,0.0572678752582572,0.0188838831855147,0.3,0.987822639906671,"hastings_powell_3sp_chaos"
39.8874,0.751044816325143,0.232254173785825,-0.699699014010235,0.0608728739389224,0.021911483478304,0.3,0.978952767325952,"hastings_powell_3sp_chaos"
41.7858,0.791432104561076,0.213495957315174,-0.725609248561253,0.0639444794990276,0.0247005866370896,0.3,0.962138852389243,"hastings_powell_3sp_chaos"
43.6842,0.816306528611432,0.197596631482488,-0.741295247212857,0.0674220516024671,0.0280387312394744,0.3,0.938626643129727,"hastings_powell_3sp_chaos"
45.5868,0.833366623524929,0.184628119378584,-0.749065374170524,0.0716450093505088,0.0322011896694441,0.3,0.909715935328024,"hastings_powell_3sp_chaos"
47.4852,0.845526080894944,0.174916602249708,-0.749514062994342,0.0766306053161563,0.0371744888474724,0.3,0.877111879466587,"hastings_powell_3sp_chaos"
49.3836,0.853836825136041,0.168658796764839,-0.742543528547918,0.0822444903559503,0.0428124301852807,0.3,0.84244654749418,"hastings_powell_3sp_chaos"
51.282,0.858626457240494,0.166032032690737,-0.727584799524727,0.088202833652056,0.0488365439746146,0.3,0.80739666889606,"hastings_powell_3sp_chaos"
53.1846,0.859973291593622,0.167220801154776,-0.70361844670613,0.0941042829797638,0.0548684828363721,0.3,0.773451822192863,"hastings_powell_3sp_chaos"
55.083,0.857798357312603,0.17245661307196,-0.669414247017085,0.0993731032651874,0.0603739848200119,0.3,0.742161443988794,"hastings_powell_3sp_chaos"
56.9814,0.851876129955321,0.182077659481878,-0.623291741226093,0.103317695971883,0.0647305354126554,0.3,0.714676710818044,"hastings_powell_3sp_chaos"
58.8798,0.841781005153207,0.196548702815979,-0.563588085577463,0.105055519313889,0.0671690089323172,0.3,0.692085010967162,"hastings_powell_3sp_chaos"
60.7824,0.826815325892029,0.216497728161836,-0.489185138365747,0.103601245973748,0.0668873980703054,0.3,0.67534772893076,"hastings_powell_3sp_chaos"
62.6808,0.806113039281662,0.242460829515608,-0.401808747621001,0.0983870949090848,0.0635192149091402,0.3,0.665480986443182,"hastings_powell_3sp_chaos"
64.5792,0.778418758002817,0.274980440134073,-0.306983123924746,0.0901945373347839,0.0578384771151303,0.3,0.663363534493442,"hastings_powell_3sp_chaos"
66.4776,0.742224174697459,0.31411062947688,-0.213604658539635,0.079968492434782,0.0508766908471503,0.3,0.669901966485048,"hastings_powell_3sp_chaos"
68.3802,0.695758559753517,0.358950349870112,-0.136007487727404,0.0673545267991926,0.0448888390189552,0.3,0.685977538519549,"hastings_powell_3sp_chaos"
70.2786,0.6378370910723,0.406230491515155,-0.0926121223127997,0.0697176787741486,0.0446999186434698,0.3,0.71212386916701,"hastings_powell_3sp_chaos"
72.177,0.56829526186673,0.449555515955854,-0.0786518199699657,0.0741548525622464,0.0413476312766079,0.3,0.748400893729921,"hastings_powell_3sp_chaos"
74.0754,0.490618755061052,0.477990592909503,-0.0980865959938444,0.063316089789594,0.028443126240441,0.3,0.793661082463761,"hastings_powell_3sp_chaos"
75.978,0.415439506619778,0.477918193068077,-0.151570437012527,0.0413096876764235,0.00873961544413392,0.3,0.844757594648578,"hastings_powell_3sp_chaos"
77.8764,0.364169030562667,0.44200287149894,-0.230299217340583,0.0182532294327104,-0.00905072813456313,0.3,0.895253135561253,"hastings_powell_3sp_chaos"
79.7748,0.363821693510472,0.381915367786088,-0.345000816576379,0.01492041875628,-0.0104621607461697,0.3,0.937028008165447,"hastings_powell_3sp_chaos"
81.6774,0.433432152700485,0.323005084827175,-0.476452770908954,0.0363790703907309,0.00327222027413081,0.3,0.963987578990984,"hastings_powell_3sp_chaos"
83.5758,0.55631282977523,0.280429178348723,-0.582911293756705,0.0513378597701794,0.0145416835512563,0.3,0.975581222077432,"hastings_powell_3sp_chaos"
85.4742,0.674197652989378,0.251881877093279,-0.652740381571446,0.0585296309394069,0.0203544402048469,0.3,0.975097621270206,"hastings_powell_3sp_chaos"
87.3726,0.749878218393291,0.230900952753401,-0.693856760035613,0.062464238574213,0.0237093959108998,0.3,0.965541590201416,"hastings_powell_3sp_chaos"
89.2752,0.791371960927332,0.213843943303154,-0.717802329168925,0.0656671407426584,0.0266407891268234,0.3,0.948719470498846,"hastings_powell_3sp_chaos"
91.1736,0.815266958735144,0.199705603186179,-0.731236355942291,0.0691415306051444,0.0299879758266085,0.3,0.926038656747365,"hastings_powell_3sp_chaos"
93.072,0.830848804577221,0.18840469554339,-0.736865893427847,0.0732233241868792,0.0340224487062327,0.3,0.898789761737121,"hastings_powell_3sp_chaos"
94.9704,0.841614116704791,0.180161552218723,-0.735371384541358,0.0779326064279206,0.0387372054683655,0.3,0.868423273127037,"hastings_powell_3sp_chaos"
96.873,0.848703308910162,0.175196389154643,-0.726576637759932,0.0831271270806102,0.0439826720112778,0.3,0.83640019592537,"hastings_powell_3sp_chaos"
98.7714,0.852403925242986,0.173731172160632,-0.709932779915663,0.0884973052076545,0.0494579529092151,0.3,0.804382331201492,"hastings_powell_3sp_chaos"
100.6698,0.852769313678413,0.175957220031586,-0.684507869178909,0.0936460598654274,0.0547919048781057,0.3,0.773724418650576,"hastings_powell_3sp_chaos"
102.5682,0.84967916892188,0.182130601412406,-0.649095809398158,0.0980370912790951,0.0594945772760115,0.3,0.745717405634976,"hastings_powell_3sp_chaos"
104.4708,0.842846275507353,0.192616868617466,-0.602207095624187,0.100991568325859,0.0629648840470074,0.3,0.721466930974672,"hastings_powell_3sp_chaos"
106.3692,0.831859748634475,0.20779665986717,-0.542826934157772,0.101656120053423,0.0644725959305354,0.3,0.702121181439087,"hastings_powell_3sp_chaos"
108.2676,0.81606710228452,0.228173766591459,-0.470502641412212,0.0991372817069817,0.063319970310658,0.3,0.688580228694416,"hastings_powell_3sp_chaos"
110.166,0.794604802744144,0.254204186196113,-0.386938856509885,0.0928562588180962,0.0591570319025456,0.3,0.681754115942874,"hastings_powell_3sp_chaos"
112.0686,0.766321220071305,0.286203999504663,-0.296746027983054,0.083103283150243,0.0523353740053207,0.3,0.682532847547043,"hastings_powell_3sp_chaos"
113.967,0.730108104038946,0.323706036307499,-0.207873023670785,0.0710846293263968,0.0436285663050212,0.3,0.691746973657993,"hastings_powell_3sp_chaos"
115.8654,0.684741269170722,0.365305375736796,-0.13419632538231,0.0609128367819348,0.0356315364723601,0.3,0.7100989335653,"hastings_powell_3sp_chaos"
117.7638,0.629628376461902,0.407546138335636,-0.0937901764513551,0.0594441309718907,0.0316619858850064,0.3,0.737997579347023,"hastings_powell_3sp_chaos"
119.6664,0.565708672940654,0.444129674337776,-0.0849123101746295,0.0570436064666202,0.0251611756504319,0.3,0.775305507323317,"hastings_powell_3sp_chaos"
121.5648,0.498056829154186,0.465433791400854,-0.106260434169767,0.04391254302842,0.0110120130737918,0.3,0.820434166365186,"hastings_powell_3sp_chaos"
123.4632,0.437680893730408,0.461657830612531,-0.157475731101139,0.0240049685989097,-0.00707768842321909,0.3,0.870138657022614,"hastings_powell_3sp_chaos"
125.3616,0.403025002779779,0.429722143653028,-0.247642926632158,0.00822368191555757,-0.0167571606243515,0.3,0.918852787844384,"hastings_powell_3sp_chaos"
127.2642,0.414838127052106,0.380046527714845,-0.37252734865266,0.0168477210870285,-0.00954452120503546,0.3,0.959983037932834,"hastings_powell_3sp_chaos"
129.1626,0.482341314052441,0.330646357068446,-0.494382909002772,0.037463228132701,0.00331213488613898,0.3,0.98855402045303,"hastings_powell_3sp_chaos"
131.061,0.585136364665226,0.291221938717727,-0.591742954136429,0.0492336659942928,0.011920095613902,0.3,1.00374481682008,"hastings_powell_3sp_chaos"
132.9594,0.680938884064934,0.260879890531482,-0.66001787055694,0.0549732455185883,0.0163479460591413,0.3,1.00701002577313,"hastings_powell_3sp_chaos"
134.862,0.747263652670241,0.235845287649374,-0.705300848865512,0.0582809037781702,0.0190412447177073,0.3,0.99989945527925,"hastings_powell_3sp_chaos"
136.7604,0.788793875677834,0.214191321599039,-0.735210569081651,0.0611756201447448,0.0216261149907809,0.3,0.983600952640444,"hastings_powell_3sp_chaos"
138.6588,0.816279671909684,0.195465404457018,-0.754683020485001,0.0645998090325281,0.0248926690231579,0.3,0.959250614513594,"hastings_powell_3sp_chaos"
140.5572,0.835961878028962,0.179924006652846,-0.765833042977264,0.0689279041471653,0.0291451343430608,0.3,0.928295564913549,"hastings_powell_3sp_chaos"
142.4598,0.850473955918998,0.167872847586567,-0.769362813878235,0.0742521509891632,0.0344370095526735,0.3,0.892429125334605,"hastings_powell_3sp_chaos"
144.3582,0.86073674822693,0.159586403149705,-0.76526017150622,0.080433308034555,0.040610239898837,0.3,0.853768223332716,"hastings_powell_3sp_chaos"
146.2566,0.867194145933734,0.155161836075937,-0.753071120933431,0.0872070183405126,0.0474000645956395,0.3,0.814184370856826,"hastings_powell_3sp_chaos"
148.155,0.870028459849337,0.154711690268104,-0.731866311611556,0.0941539729084489,0.0544053424309466,0.3,0.775472074413228,"hastings_powell_3sp_chaos"
150.0576,0.869259192496677,0.158428046625905,-0.700133958114132,0.10072663858273,0.0611152929639189,0.3,0.739127022676199,"hastings_powell_3sp_chaos"
151.956,0.864737249253466,0.166605358922473,-0.656082373255396,0.106171930593853,0.0668346729244438,0.3,0.706655826808488,"hastings_powell_3sp_chaos"
153.8544,0.856092763008875,0.179730053937574,-0.597407230384624,0.109580311193891,0.0707489713991517,0.3,0.679128349519599,"hastings_powell_3sp_chaos"
155.757,0.842647675044753,0.198518581099667,-0.522060438269238,0.109852026960292,0.0719173084363542,0.3,0.65752803896401,"hastings_powell_3sp_chaos"
157.6554,0.823488044330788,0.223711207378864,-0.430917320383106,0.106257757990092,0.0697961861569276,0.3,0.64291164225502,"hastings_powell_3sp_chaos"
159.5538,0.797225190615005,0.256202345020014,-0.330519247938167,0.100207658201781,0.0656622474533496,0.3,0.636175415741281,"hastings_powell_3sp_chaos"
161.4522,0.762048552677032,0.296610944836564,-0.231928548135529,0.0937107194461098,0.0612334468490529,0.3,0.638290812321065,"hastings_powell_3sp_chaos"
163.3548,0.715594166539871,0.344847650565869,-0.146166721090051,0.0829324800081025,0.0564835520778472,0.3,0.650265803401905,"hastings_powell_3sp_chaos"
165.2532,0.655593635638447,0.39855997733008,-0.0948119180774431,0.0844278570030088,0.0601299392104536,0.3,0.672898562834279,"hastings_powell_3sp_chaos"
167.1516,0.580056344362842,0.451905419823065,-0.0703746253148849,0.0953274440336681,0.0608742702549968,0.3,0.706631215565643,"hastings_powell_3sp_chaos"
169.05,0.489860872525671,0.492697647192681,-0.080311199970679,0.0877637061694982,0.0497214530647813,0.3,0.750829583215934,"hastings_powell_3sp_chaos"
170.9526,0.39344846910111,0.501799947283155,-0.140306309649054,0.0691607750828592,0.0317795972414076,0.3,0.802729079350471,"hastings_powell_3sp_chaos"
172.851,0.314521811221574,0.462117611019027,-0.224188239753757,0.0453050338978111,0.0114303741429033,0.3,0.855305556488086,"hastings_powell_3sp_chaos"
174.7494,0.289002632646957,0.383093312541079,-0.321537041346736,0.0245127897606692,-0.00437174801212336,0.3,0.897827581291993,"hastings_powell_3sp_chaos"
176.6478,0.350309698906491,0.304988503784884,-0.452972504315149,0.0353228475694401,0.00338458322375839,0.3,0.920956011730348,"hastings_powell_3sp_chaos"
178.5504,0.501296862263027,0.254975228629357,-0.575810331173992,0.0559048619872411,0.019563839415249,0.3,0.924576655161692,"hastings_powell_3sp_chaos"
180.4488,0.663651956322954,0.22899197886458,-0.649146172766033,0.0661496646226682,0.0283892867698166,0.3,0.915356636356446,"hastings_powell_3sp_chaos"
182.3472,0.76084958741243,0.214904023291449,-0.681048842571177,0.0714642721807603,0.0332800516655532,0.3,0.89914747012126,"hastings_powell_3sp_chaos"
184.2456,0.802987338381387,0.206322228699385,-0.690363761843838,0.0753656163029862,0.0370822162465191,0.3,0.8790861950066,"hastings_powell_3sp_chaos"
186.1482,0.820141236694722,0.201135882609423,-0.687897326433055,0.0790245941119637,0.040779090912749,0.3,0.856873324256377,"hastings_powell_3sp_chaos"
188.0466,0.827248805017349,0.198904233564313,-0.67744199194938,0.0826382973102503,0.0445205827285594,0.3,0.833900372583055,"hastings_powell_3sp_chaos"
189.945,0.829455946117677,0.199640301912489,-0.6598163414711,0.0860742273217152,0.0481752995818234,0.3,0.811268871071364,"hastings_powell_3sp_chaos"
191.8434,0.828187925331156,0.203505441492623,-0.634841668600003,0.089029638834108,0.0514662139857628,0.3,0.790054768461879,"hastings_powell_3sp_chaos"
193.746,0.823685332675311,0.210719872355337,-0.601991058905715,0.0910957584105531,0.0540339825760307,0.3,0.771226650107768,"hastings_powell_3sp_chaos"
195.6444,0.815834997091494,0.221462283719702,-0.561036235589171,0.0917538029913604,0.0554353734188003,0.3,0.755803353558769,"hastings_powell_3sp_chaos"
197.5428,0.804335595944241,0.235934711528813,-0.511911069646914,0.0904144905419202,0.0552033130424693,0.3,0.744603081466008,"hastings_powell_3sp_chaos"
199.4412,0.788800815851475,0.254250037911088,-0.455331467888408,0.0864294124078215,0.052871883861418,0.3,0.738421467609643,"hastings_powell_3sp_chaos"
201.3438,0.768751942057851,0.276396485475618,-0.392922360098855,0.0791607518893301,0.0480470902247298,0.3,0.737991376431593,"hastings_powell_3sp_chaos"
203.2422,0.743883949243011,0.301873950920336,-0.3279130769433,0.0683848137545169,0.0405444044019487,0.3,0.743956948916875,"hastings_powell_3sp_chaos"
205.1406,0.713950683421583,0.329764735976011,-0.264212201230494,0.0562290969003097,0.0305164677235524,0.3,0.756820495785443,"hastings_powell_3sp_chaos"
207.039,0.679195611944482,0.35828013434274,-0.207251232653768,0.0482021807228801,0.0189215927404073,0.3,0.776873064901874,"hastings_powell_3sp_chaos"
208.9416,0.640652175797702,0.384642001940904,-0.165293456356312,0.0417295702901991,0.00737713884901195,0.3,0.804110672845528,"hastings_powell_3sp_chaos"
210.84,0.601090876860303,0.404900916080325,-0.154314365930592,0.0335769360875811,-0.00280739581848347,0.3,0.837773776966343,"hastings_powell_3sp_chaos"
212.7384,0.565110452296814,0.414954191837081,-0.192518681031696,0.0235464717465409,-0.0100012370161352,0.3,0.876479117775516,"hastings_powell_3sp_chaos"
214.6368,0.539601787050475,0.41178747759593,-0.266686323057852,0.012689089480254,-0.0114047688879727,0.3,0.917839389737009,"hastings_powell_3sp_chaos"
216.5394,0.532445825102112,0.39528415758984,-0.35595368031656,0.016374330360323,-0.00687773868233093,0.3,0.958708437569783,"hastings_powell_3sp_chaos"
218.4378,0.549267683154527,0.368902936736481,-0.44787492367188,0.0316117284154736,-0.000146465930272622,0.3,0.995326396329455,"hastings_powell_3sp_chaos"
220.3362,0.5889996437967,0.337530098315262,-0.534620160690483,0.0415469626642333,0.00549421680061231,0.3,1.02460119293043,"hastings_powell_3sp_chaos"
222.2346,0.642554269921927,0.304930018734711,-0.610468844964155,0.0472743236914509,0.00906404120218575,0.3,1.04419695124115,"hastings_powell_3sp_chaos"
224.1372,0.697893518836405,0.272854976555602,-0.672837831898867,0.050469471374989,0.011131602730829,0.3,1.05261136315401,"hastings_powell_3sp_chaos"
226.0356,0.746666907945551,0.242301846352402,-0.721563018744252,0.0526647939138155,0.0127244276640385,0.3,1.0489740433803,"hastings_powell_3sp_chaos"
227.934,0.786684040090689,0.214016357278096,-0.758274806605527,0.0550229384574429,0.0147633611508566,0.3,1.03320902856639,"hastings_powell_3sp_chaos"
229.8366,0.818661227565597,0.188878362624457,-0.784607413606282,0.0583007012828622,0.0178811595091814,0.3,1.00602690850114,"hastings_powell_3sp_chaos"
231.735,0.843644196104505,0.167797492868669,-0.801665646877312,0.0629001638348349,0.0224045244479733,0.3,0.969255591444227,"hastings_powell_3sp_chaos"
233.6334,0.862676274813786,0.151179502882308,-0.810307838761736,0.0689768408269218,0.0284358654011101,0.3,0.925262414150481,"hastings_powell_3sp_chaos"
235.5318,0.876512707042019,0.13915100685303,-0.81088615549315,0.0764509206954445,0.0358626621501764,0.3,0.876795713634525,"hastings_powell_3sp_chaos"
237.4344,0.885792535912277,0.131617054708127,-0.803231374196303,0.0850537974369131,0.0444072879209036,0.3,0.826445414013568,"hastings_powell_3sp_chaos"
239.3328,0.890960587687413,0.12848393283134,-0.786637028724738,0.0942735120104424,0.0535733372006383,0.3,0.776828807557302,"hastings_powell_3sp_chaos"
241.2312,0.892341111436964,0.129701733496892,-0.75963637417278,0.103498542982993,0.0627825701411478,0.3,0.729803905317254,"hastings_powell_3sp_chaos"
243.1296,0.88999690938284,0.135441507488678,-0.719924821918692,0.111946986749471,0.0712995068573084,0.3,0.686926591152633,"hastings_powell_3sp_chaos"
245.0322,0.883688791529934,0.146172491796588,-0.664170945508915,0.118638188200367,0.0782101197510206,0.3,0.64934507784525,"hastings_powell_3sp_chaos"
246.9306,0.872883699677225,0.1626060537927,-0.58895945921434,0.122230698484173,0.0822846513291796,0.3,0.618230004443462,"hastings_powell_3sp_chaos"
248.829,0.856593748720874,0.185863838004925,-0.492366105734263,0.121350454847344,0.0823350101355783,0.3,0.594386368366412,"hastings_powell_3sp_chaos"
250.7274,0.833305129113527,0.217378513201945,-0.382724307364609,0.11762263867778,0.0797990451965636,0.3,0.578701140514347,"hastings_powell_3sp_chaos"
252.63,0.800718418746964,0.258881014538452,-0.281403062960105,0.116865141660868,0.0790368974171512,0.3,0.572128449864397,"hastings_powell_3sp_chaos"
254.5284,0.75584140338954,0.311593280753195,-0.180652801309073,0.102538846382769,0.067014032660581,0.3,0.575766110620883,"hastings_powell_3sp_chaos"
256.4268,0.694362927056795,0.37571163947188,-0.115468054630405,0.0953746562265844,0.068966494728256,0.3,0.59072550682294,"hastings_powell_3sp_chaos"
258.3252,0.610971078092517,0.447647923914108,-0.0778990802769234,0.110189968611726,0.0767297947809826,0.3,0.618009257071643,"hastings_powell_3sp_chaos"
260.2278,0.500342109457194,0.515244049294024,-0.0587838443474508,0.0972180840753187,0.0585209516943449,0.3,0.65801717566031,"hastings_powell_3sp_chaos"
262.1262,0.364384362695959,0.548989125879159,-0.122790269009315,0.0836242165242303,0.0433232118528392,0.3,0.708725215088103,"hastings_powell_3sp_chaos"
264.0246,0.229166000535928,0.502365414423028,-0.235174525262682,0.0732321882890351,0.033553960390237,0.3,0.762930200509311,"hastings_powell_3sp_chaos"
265.923,0.155167350053734,0.36699518200043,-0.344868254132207,0.0671850210881548,0.0281364683465395,0.3,0.803645696240165,"hastings_powell_3sp_chaos"
267.8256,0.18578399583928,0.234959814673382,-0.443744461597825,0.0439576535763563,0.00898225934047436,0.3,0.811772061371313,"hastings_powell_3sp_chaos"
269.724,0.362625404917463,0.169035340686661,-0.595749138268162,0.0728897035009976,0.0344628838071795,0.3,0.7887364730664,"hastings_powell_3sp_chaos"
271.6224,0.639787194576546,0.149458798906852,-0.685600824656914,0.0939535928997779,0.0541379194359204,0.3,0.752050015691322,"hastings_powell_3sp_chaos"
273.5208,0.807427865890166,0.149112289945199,-0.693401837932212,0.104854188734193,0.0648394249585801,0.3,0.71398339643728,"hastings_powell_3sp_chaos"
275.4234,0.856113322491555,0.157395992716679,-0.655303009641278,0.111730293128152,0.0718967494777304,0.3,0.679295881976973,"hastings_powell_3sp_chaos"
277.3218,0.859775324745817,0.171939745537629,-0.591341916646137,0.115450301739051,0.0761000411226738,0.3,0.650102160154512,"hastings_powell_3sp_chaos"
279.2202,0.848041915858093,0.192919819692021,-0.506204686871025,0.115268704675539,0.0768365502208146,0.3,0.627490243658104,"hastings_powell_3sp_chaos"
281.1186,0.82751834614121,0.221263000224517,-0.40447967876339,0.111270526445035,0.0742756155323559,0.3,0.612439423625724,"hastings_powell_3sp_chaos"
283.0212,0.798219031062496,0.258212151210686,-0.29986897435941,0.10767521221992,0.0718256381397135,0.3,0.60591781703013,"hastings_powell_3sp_chaos"
284.9196,0.758301420779348,0.304537741798472,-0.201360655663633,0.101794291054773,0.0674264502479172,0.3,0.608981474074056,"hastings_powell_3sp_chaos"
286.818,0.70469834608015,0.360205797620919,-0.123578236585733,0.0899350751255744,0.0643721104157795,0.3,0.622660189368813,"hastings_powell_3sp_chaos"
288.7164,0.633780938417716,0.42242259699826,-0.0822636057988559,0.104809813416872,0.0738244319091626,0.3,0.647879936245172,"hastings_powell_3sp_chaos"
290.619,0.542165936843119,0.482774580920581,-0.0608768564334496,0.104687973276497,0.067090171378822,0.3,0.685114908854059,"hastings_powell_3sp_chaos"
292.5174,0.431187261701582,0.522255974937201,-0.0930139737808285,0.0924477842509047,0.0525100013845397,0.3,0.73307093741442,"hastings_powell_3sp_chaos"
294.4158,0.314989806203777,0.511131482171696,-0.182074743324152,0.0748387296974666,0.0358808169544123,0.3,0.787220798205826,"hastings_powell_3sp_chaos"
296.3142,0.23179076518885,0.430237520628764,-0.283221152595843,0.0573839637590591,0.0204918802796138,0.3,0.836752409107213,"hastings_powell_3sp_chaos"
298.2168,0.228749084518815,0.317335522804972,-0.382932374737791,0.0347725928569261,0.00254088960544771,0.3,0.8661801899863,"hastings_powell_3sp_chaos"
300.1152,0.342979594044353,0.236789888866319,-0.523185311719323,0.0518919027438638,0.0166731496241297,0.3,0.868018250636121,"hastings_powell_3sp_chaos"
302.0136,0.560352544424225,0.200281686039045,-0.633752721988411,0.0725395828310186,0.0346743558160011,0.3,0.850551351440694,"hastings_powell_3sp_chaos"
303.9162,0.738311268519729,0.187909859550301,-0.676714829601498,0.0825114673557833,0.0440522002898258,0.3,0.825104614451554,"hastings_powell_3sp_chaos"
305.8146,0.813124305978443,0.185825541053941,-0.675282488696692,0.0884917616268059,0.0500318900684321,0.3,0.798078269795906,"hastings_powell_3sp_chaos"
307.713,0.833879879980568,0.189198431907414,-0.652180805728574,0.0929101324908238,0.0546887748949872,0.3,0.772233417644395,"hastings_powell_3sp_chaos"
309.6114,0.835104694931774,0.196886434241672,-0.615815382219706,0.0960380540387269,0.0582536625331319,0.3,0.749132553488832,"hastings_powell_3sp_chaos"
311.514,0.828190181833987,0.2088635416141,-0.567908351123943,0.0974296295319218,0.0603492872415202,0.3,0.72988659370029,"hastings_powell_3sp_chaos"
313.4124,0.815967039697951,0.225324560055367,-0.508902396582676,0.0963554390229082,0.0603844236880862,0.3,0.71556422601226,"hastings_powell_3sp_chaos"
315.3108,0.798680111280499,0.246583009006285,-0.439405803963698,0.0920337569743698,0.0577983439309098,0.3,0.707013917316459,"hastings_powell_3sp_chaos"
317.2092,0.775814200303615,0.272800880298376,-0.361681014257659,0.0838901007413828,0.0522653962445127,0.3,0.705074193384447,"hastings_powell_3sp_chaos"
319.1118,0.746535026538385,0.303850833358938,-0.279649009769176,0.0720876466039936,0.0437896048781513,0.3,0.710544760709439,"hastings_powell_3sp_chaos"
321.0102,0.710230656805787,0.33867344854399,-0.19960772299504,0.0602782129625719,0.0330191013590397,0.3,0.72407823133537,"hastings_powell_3sp_chaos"
322.9086,0.666482277215392,0.375190401186752,-0.132280370031477,0.0536594702765449,0.022346269470499,0.3,0.74614253562911,"hastings_powell_3sp_chaos"
324.807,0.615948244519726,0.409481941470898,-0.092444567554772,0.0480504067067335,0.0133541052537184,0.3,0.776787759009854,"hastings_powell_3sp_chaos"
326.7096,0.561275922135771,0.435637253273046,-0.0842985614933454,0.038904795675176,0.00257218417566354,0.3,0.81541526189124,"hastings_powell_3sp_chaos"
328.608,0.509088137321279,0.446421175196889,-0.117514457893868,0.0257559544765158,-0.0106969235245804,0.3,0.859982355823329,"hastings_powell_3sp_chaos"
330.5064,0.470293891706875,0.436709840890067,-0.201967332475412,0.0121262220201375,-0.0188371089806694,0.3,0.907156369269331,"hastings_powell_3sp_chaos"
332.4048,0.459105754143751,0.407731639374638,-0.316620782620295,0.00581821240765622,-0.0145486202071317,0.3,0.952163834359182,"hastings_powell_3sp_chaos"
334.3074,0.486780094619363,0.368119275920524,-0.432900388481123,0.0271743262890595,-0.00377601156344194,0.3,0.990144186680205,"hastings_powell_3sp_chaos"
336.2058,0.550900877441148,0.328154058632422,-0.536048050212269,0.0412735467455242,0.00522839817289038,0.3,1.01753485107457,"hastings_powell_3sp_chaos"
338.1042,0.630927088435448,0.292530587790957,-0.61908282780594,0.0487056736199778,0.010460202784838,0.3,1.03314973255805,"hastings_powell_3sp_chaos"
340.0026,0.702717672508555,0.261156199718283,-0.681196036806215,0.0525394056658607,0.0132554573298136,0.3,1.03691473699656,"hastings_powell_3sp_chaos"
341.9052,0.756824144641803,0.23287124675266,-0.726211014420346,0.0551295364416314,0.0153179505759177,0.3,1.02907831998449,"hastings_powell_3sp_chaos"
343.8036,0.795745636214768,0.207537429852456,-0.758155549007284,0.0578694232976097,0.0177863919651907,0.3,1.01025401676515,"hastings_powell_3sp_chaos"
345.702,0.8245345617132,0.185507235214344,-0.779921630630162,0.0615061228573996,0.0212879719838918,0.3,0.981578316558626,"hastings_powell_3sp_chaos"
347.6004,0.846288839057043,0.167315173424877,-0.792970863092654,0.06637779265793,0.0260932535135422,0.3,0.944848090332704,"hastings_powell_3sp_chaos"
349.503,0.862566884203546,0.153276798641579,-0.7979614238973,0.0725698371756273,0.0322442001050314,0.3,0.902252109673326,"hastings_powell_3sp_chaos"
351.4014,0.8741003528626,0.143564674745091,-0.794979015494196,0.0799124876050539,0.0395484347673869,0.3,0.856460114497859,"hastings_powell_3sp_chaos"
353.2998,0.881441197089858,0.138121752627759,-0.783637041579433,0.0880892311141574,0.047689046698372,0.3,0.809762368246323,"hastings_powell_3sp_chaos"
355.1982,0.88492337700227,0.136926835075871,-0.76294642832766,0.0966070231535714,0.056193761961301,0.3,0.764253078497472,"hastings_powell_3sp_chaos"
357.1008,0.884690059013818,0.140083592128736,-0.731149845274903,0.104840133272545,0.0644745880025598,0.3,0.721583270059154,"hastings_powell_3sp_chaos"
358.9992,0.880662337365277,0.147865694339921,-0.685952454418127,0.111938578129601,0.0717358794056146,0.3,0.683352893127508,"hastings_powell_3sp_chaos"
360.8976,0.872487306489581,0.160813981504377,-0.624220277481724,0.116870906318686,0.0770313757390669,0.3,0.650615084752262,"hastings_powell_3sp_chaos"
362.796,0.859471322649734,0.179752151258275,-0.54306312512491,0.118327903799947,0.0791986223320073,0.3,0.624358427354229,"hastings_powell_3sp_chaos"
364.6986,0.840451258730103,0.205854945413487,-0.442840784255887,0.115511720501709,0.0776110096495255,0.3,0.605471361730732,"hastings_powell_3sp_chaos"
366.597,0.813861221138424,0.240327865660703,-0.335937130025461,0.111910939507032,0.075181991209362,0.3,0.594974905220686,"hastings_powell_3sp_chaos"
368.4954,0.777343470917403,0.2845029042297,-0.235776668686775,0.108663588668494,0.0724530147346129,0.3,0.593823909881747,"hastings_powell_3sp_chaos"
370.3938,0.727757797226201,0.339009861943076,-0.144885642158093,0.0951156992247469,0.0644709740431349,0.3,0.603095267986775,"hastings_powell_3sp_chaos"
372.2964,0.660959892783248,0.402593256038362,-0.094940596228347,0.102387298435331,0.0739616980129474,0.3,0.623897206032012,"hastings_powell_3sp_chaos"
374.1948,0.572969521812026,0.468710877874397,-0.0644999680812498,0.108129847255221,0.0722455029936842,0.3,0.656846391984034,"hastings_powell_3sp_chaos"
376.0932,0.46161610999234,0.521486380256597,-0.071717209348835,0.0970803691396278,0.0571416359006926,0.3,0.701566369663058,"hastings_powell_3sp_chaos"
377.9958,0.334978756085633,0.530220671671445,-0.155821429738987,0.0815594630850493,0.041731430803082,0.3,0.754907892201854,"hastings_powell_3sp_chaos"
0,0.2445642,0.2500377,-0.503916276041002,0.0413205746299655,0.0173154614732025,0.4,0.8477652,"hastings_powell_3sp_chaos"
1.8984,0.435009427490395,0.193858003839561,-0.59768968549559,0.0592347924214091,0.0333759247046239,0.4,0.831363219831422,"hastings_powell_3sp_chaos"
3.7968,0.672648399536362,0.175034808895532,-0.636839267525558,0.0705794261291716,0.0439435555214749,0.4,0.802665521991123,"hastings_powell_3sp_chaos"
5.6952,0.801084967136138,0.17225437777035,-0.6228948554434,0.0760367550531401,0.0497082145281179,0.4,0.771439486258634,"hastings_powell_3sp_chaos"
7.5978,0.83976683347074,0.176903783224965,-0.578778088820786,0.0781173053839448,0.052786447825488,0.4,0.741820260466986,"hastings_powell_3sp_chaos"
9.4962,0.844284168596641,0.186783706100031,-0.516808300293109,0.0768817877454544,0.0534185017360003,0.4,0.715886992303096,"hastings_powell_3sp_chaos"
11.3946,0.8364205404677,0.201714620146979,-0.442123946755492,0.0718727110417997,0.0516565744073233,0.4,0.69482007572395,"hastings_powell_3sp_chaos"
13.293,0.821610341455704,0.222083341374122,-0.359760744431632,0.0628314217344693,0.048158649331503,0.4,0.679641430758681,"hastings_powell_3sp_chaos"
15.1956,0.800426055072905,0.248473104535283,-0.276314483444872,0.0628363173857144,0.0447799056645429,0.4,0.671281629737192,"hastings_powell_3sp_chaos"
17.094,0.772159197602492,0.281147744639039,-0.207866257812431,0.0695729843166726,0.0458635584743863,0.4,0.670690068667486,"hastings_powell_3sp_chaos"
18.9924,0.735451446827353,0.320026433891756,-0.163218922201583,0.0733509731103238,0.0472436896022994,0.4,0.678720365858518,"hastings_powell_3sp_chaos"
20.8908,0.688855635883661,0.363842050088301,-0.134153799607723,0.0689453040647702,0.0411144482667507,0.4,0.696155476464483,"hastings_powell_3sp_chaos"
22.7934,0.631189756523207,0.409323821614886,-0.129466190781579,0.0622096255520655,0.0329358507290938,0.4,0.723579658223461,"hastings_powell_3sp_chaos"
24.6918,0.563208580145382,0.44958178940289,-0.160032518792693,0.0557891195056961,0.0263577474813927,0.4,0.760763269824624,"hastings_powell_3sp_chaos"
26.5902,0.489090655363301,0.474119965860662,-0.212043750625129,0.0458533382111157,0.0173123726792664,0.4,0.806415988998947,"hastings_powell_3sp_chaos"
28.4886,0.420289043160932,0.470864222473635,-0.271946840156936,0.0310923101106238,0.00413817019935161,0.4,0.857112485848479,"hastings_powell_3sp_chaos"
30.3912,0.377315789549583,0.434833993852102,-0.345468894240449,0.0183943557838215,-0.00650156710126061,0.4,0.906853952940045,"hastings_powell_3sp_chaos"
32.2896,0.38509350872409,0.378472643602497,-0.444291999067948,0.0168110959116829,-0.00550325056276931,0.4,0.947794969632906,"hastings_powell_3sp_chaos"
34.188,0.457432762508213,0.324058504774494,-0.545487493837372,0.0277319622708285,0.00328120011909201,0.4,0.974702026492796,"hastings_powell_3sp_chaos"
36.0864,0.573567593537569,0.283490481499591,-0.624892738812565,0.0368391633862086,0.0103374799861733,0.4,0.987198705104964,"hastings_powell_3sp_chaos"
37.989,0.681155910508565,0.254613223858743,-0.677383371639939,0.041912633496547,0.0145444360844531,0.4,0.987822639906671,"hastings_powell_3sp_chaos"
39.8874,0.751044816325143,0.232254173785825,-0.708578197038682,0.0453882860994982,0.0176880551612191,0.4,0.978952767325952,"hastings_powell_3sp_chaos"
41.7858,0.791432104561076,0.213495957315174,-0.725966251121637,0.0488007734361287,0.0209895455991514,0.4,0.962138852389243,"hastings_powell_3sp_chaos"
43.6842,0.816306528611432,0.197596631482488,-0.733696315598219,0.0527624397721792,0.0249382186588779,0.4,0.938626643129727,"hastings_powell_3sp_chaos"
45.5868,0.833366623524929,0.184628119378584,-0.733223736722312,0.057416065486164,0.0296298614403563,0.4,0.909715935328024,"hastings_powell_3sp_chaos"
47.4852,0.845526080894944,0.174916602249708,-0.724642389145627,0.0626007189686283,0.0348964904693026,0.4,0.877111879466587,"hastings_powell_3sp_chaos"
49.3836,0.853836825136041,0.168658796764839,-0.707372021918213,0.0679860833306195,0.0404340096918114,0.4,0.84244654749418,"hastings_powell_3sp_chaos"
51.282,0.858626457240494,0.166032032690737,-0.680390197748704,0.0730517072937452,0.0457837676653402,0.4,0.80739666889606,"hastings_powell_3sp_chaos"
53.1846,0.859973291593622,0.167220801154776,-0.642284257433751,0.0771024868887493,0.0503614580054275,0.4,0.773451822192863,"hastings_powell_3sp_chaos"
55.083,0.857798357312603,0.17245661307196,-0.591865274862026,0.0792356306237005,0.0534494927973281,0.4,0.742161443988794,"hastings_powell_3sp_chaos"
56.9814,0.851876129955321,0.182077659481878,-0.528313178170859,0.0784869405591363,0.054401240546145,0.4,0.714676710818044,"hastings_powell_3sp_chaos"
58.8798,0.841781005153207,0.196548702815979,-0.45277727137578,0.0741709149750863,0.0530032353676885,0.4,0.692085010967162,"hastings_powell_3sp_chaos"
60.7824,0.826815325892029,0.216497728161836,-0.369298322326106,0.0661890336513247,0.04988151794793,0.4,0.67534772893076,"hastings_powell_3sp_chaos"
62.6808,0.806113039281662,0.242460829515608,-0.284802914809796,0.0626758517239928,0.0466779283177175,0.4,0.665480986443182,"hastings_powell_3sp_chaos"
64.5792,0.778418758002817,0.274980440134073,-0.21388555062233,0.0707243963913728,0.0481701989963734,0.4,0.663363534493442,"hastings_powell_3sp_chaos"
66.4776,0.742224174697459,0.31411062947688,-0.166423853923845,0.0769471591665399,0.0511611954435576,0.4,0.669901966485048,"hastings_powell_3sp_chaos"
68.3802,0.695758559753517,0.358950349870112,-0.133364886344335,0.0734666505913485,0.0455900770637378,0.4,0.685977538519549,"hastings_powell_3sp_chaos"
70.2786,0.6378370910723,0.406230491515155,-0.123606756209039,0.0668054487198609,0.0372018034978759,0.4,0.71212386916701,"hastings_powell_3sp_chaos"
72.177,0.56829526186673,0.449555515955854,-0.152379587130677,0.0609687540211992,0.0310669034123751,0.4,0.748400893729921,"hastings_powell_3sp_chaos"
74.0754,0.490618755061052,0.477990592909503,-0.206024587520965,0.0519696299636236,0.022903902446116,0.4,0.793661082463761,"hastings_powell_3sp_chaos"
75.978,0.415439506619778,0.477918193068077,-0.267513516574901,0.0371703948026096,0.00983322884338493,0.4,0.844757594648578,"hastings_powell_3sp_chaos"
77.8764,0.364169030562667,0.44200287149894,-0.337495771733088,0.0224176947646789,-0.00274888584399651,0.4,0.895253135561253,"hastings_powell_3sp_chaos"
79.7748,0.363821693510472,0.381915367786088,-0.430604782736676,0.0176291627133976,-0.00487995684546903,0.4,0.937028008165447,"hastings_powell_3sp_chaos"
81.6774,0.433432152700485,0.323005084827175,-0.534077949625589,0.0275901409027341,0.00366502168289076,0.4,0.963987578990984,"hastings_powell_3sp_chaos"
83.5758,0.55631282977523,0.280429178348723,-0.616778740964323,0.0377417735105838,0.0115862424237211,0.4,0.975581222077432,"hastings_powell_3sp_chaos"
85.4742,0.674197652989378,0.251881877093279,-0.670217370132361,0.0433918685053621,0.0162941656275006,0.4,0.975097621270206,"hastings_powell_3sp_chaos"
87.3726,0.749878218393291,0.230900952753401,-0.700377755523298,0.0470880423457982,0.0196461184785404,0.4,0.965541590201416,"hastings_powell_3sp_chaos"
89.2752,0.791371960927332,0.213843943303154,-0.715837939133706,0.0505303251196449,0.0229864618443787,0.4,0.948719470498846,"hastings_powell_3sp_chaos"
91.1736,0.815266958735144,0.199705603186179,-0.721440090919401,0.0543585068029669,0.0268224313725846,0.4,0.926038656747365,"hastings_powell_3sp_chaos"
93.072,0.830848804577221,0.18840469554339,-0.718951312071949,0.0587045235062747,0.0312409793320875,0.4,0.898789761737121,"hastings_powell_3sp_chaos"
94.9704,0.841614116704791,0.180161552218723,-0.708531289869898,0.063416190472278,0.0360886880671972,0.4,0.868423273127037,"hastings_powell_3sp_chaos"
96.873,0.848703308910162,0.175196389154643,-0.689572085066303,0.0681621442072676,0.0410671053156818,0.4,0.83640019592537,"hastings_powell_3sp_chaos"
98.7714,0.852403925242986,0.173731172160632,-0.66122895039453,0.0724118294200481,0.0457142518054256,0.4,0.804382331201492,"hastings_powell_3sp_chaos"
100.6698,0.852769313678413,0.175957220031586,-0.622352570313551,0.0754989106637633,0.0494868435883222,0.4,0.773724418650576,"hastings_powell_3sp_chaos"
102.5682,0.84967916892188,0.182130601412406,-0.571927277494912,0.0765793567094026,0.0517540866194008,0.4,0.745717405634976,"hastings_powell_3sp_chaos"
104.4708,0.842846275507353,0.192616868617466,-0.509461605092562,0.0746960293946843,0.0519384951965717,0.4,0.721466930974672,"hastings_powell_3sp_chaos"
106.3692,0.831859748634475,0.20779665986717,-0.436477530587774,0.0689891735374486,0.0498214150508542,0.4,0.702121181439087,"hastings_powell_3sp_chaos"
108.2676,0.81606710228452,0.228173766591459,-0.356213483227472,0.0589931643626017,0.0458719940329047,0.4,0.688580228694416,"hastings_powell_3sp_chaos"
110.166,0.794604802744144,0.254204186196113,-0.2744505419619,0.0618946972012901,0.0418736017297043,0.4,0.681754115942874,"hastings_powell_3sp_chaos"
112.0686,0.766321220071305,0.286203999504663,-0.206152143268441,0.0663780578582557,0.0412966367835414,0.4,0.682532847547043,"hastings_powell_3sp_chaos"
113.967,0.730108104038946,0.323706036307499,-0.163500176132633,0.0674001955584942,0.0408035461722995,0.4,0.691746973657993,"hastings_powell_3sp_chaos"
115.8654,0.684741269170722,0.365305375736796,-0.138782641928625,0.0621059782709456,0.0345080152127579,0.4,0.7100989335653,"hastings_powell_3sp_chaos"
117.7638,0.629628376461902,0.407546138335636,-0.137419774632818,0.0549069076833794,0.0263048951839595,0.4,0.737997579347023,"hastings_powell_3sp_chaos"
119.6664,0.565708672940654,0.444129674337776,-0.166177706754862,0.0476216987493886,0.0189069365677715,0.4,0.775305507323317,"hastings_powell_3sp_chaos"
121.5648,0.498056829154186,0.465433791400854,-0.213903577879805,0.0372664972018579,0.0092399296395331,0.4,0.820434166365186,"hastings_powell_3sp_chaos"
123.4632,0.437680893730408,0.461657830612531,-0.271656793589625,0.0239337650813483,-0.00308529521313117,0.4,0.870138657022614,"hastings_powell_3sp_chaos"
125.3616,0.403025002779779,0.429722143653028,-0.351464467876696,0.0142403525319965,-0.0104400691623866,0.4,0.918852787844384,"hastings_powell_3sp_chaos"
127.2642,0.414838127052106,0.380046527714845,-0.454627677721023,0.0156872964793028,-0.00663333587891076,0.4,0.959983037932834,"hastings_powell_3sp_chaos"
129.1626,0.482341314052441,0.330646357068446,-0.552700438871158,0.0267120664909835,0.00176078753967729,0.4,0.98855402045303,"hastings_powell_3sp_chaos"
131.061,0.585136364665226,0.291221938717727,-0.630078312727436,0.0347881001803624,0.00791474456457138,0.4,1.00374481682008,"hastings_powell_3sp_chaos"
132.9594,0.680938884064934,0.260879890531482,-0.68365805867354,0.0393280371938775,0.0116188470974804,0.4,1.00701002577313,"hastings_powell_3sp_chaos"
134.862,0.747263652670241,0.235845287649374,-0.718135966738848,0.0425737837192623,0.0145218407076769,0.4,0.99989945527925,"hastings_powell_3sp_chaos"
136.7604,0.788793875677834,0.214191321599039,-0.739218501695396,0.0459220593937301,0.0177409448877812,0.4,0.983600952640444,"hastings_powell_3sp_chaos"
138.6588,0.816279671909684,0.195465404457018,-0.750495075294531,0.0500088470105724,0.0217888675591187,0.4,0.959250614513594,"hastings_powell_3sp_chaos"
140.5572,0.835961878028962,0.179924006652846,-0.753294919086603,0.055012799688331,0.0267884110647309,0.4,0.928295564913549,"hastings_powell_3sp_chaos"
142.4598,0.850473955918998,0.167872847586567,-0.747750932665522,0.0608448979774329,0.0326331965368682,0.4,0.892429125334605,"hastings_powell_3sp_chaos"
144.3582,0.86073674822693,0.159586403149705,-0.733323251037033,0.0671535575000889,0.0389883808120441,0.4,0.853768223332716,"hastings_powell_3sp_chaos"
146.2566,0.867194145933734,0.155161836075937,-0.708951502360365,0.0734210805959998,0.0453879119481942,0.4,0.814184370856826,"hastings_powell_3sp_chaos"
148.155,0.870028459849337,0.154711690268104,-0.673110040736182,0.07891647986586,0.0511920122974759,0.4,0.775472074413228,"hastings_powell_3sp_chaos"
150.0576,0.869259192496677,0.158428046625905,-0.623875055768017,0.0827120813032482,0.0556251335743904,0.4,0.739127022676199,"hastings_powell_3sp_chaos"
151.956,0.864737249253466,0.166605358922473,-0.560019450203026,0.0837440920538104,0.0578645393606515,0.4,0.706655826808488,"hastings_powell_3sp_chaos"
153.8544,0.856092763008875,0.179730053937574,-0.48214193081622,0.0814633304180156,0.0576369323307498,0.4,0.679128349519599,"hastings_powell_3sp_chaos"
155.757,0.842647675044753,0.198518581099667,-0.395531428472878,0.0768779417216625,0.0559410197114191,0.4,0.65752803896401,"hastings_powell_3sp_chaos"
157.6554,0.823488044330788,0.223711207378864,-0.307844045483742,0.0696751197360201,0.0535353976146034,0.4,0.64291164225502,"hastings_powell_3sp_chaos"
159.5538,0.797225190615005,0.256202345020014,-0.230462904440731,0.0739555273565551,0.0555385403796229,0.4,0.636175415741281,"hastings_powell_3sp_chaos"
161.4522,0.762048552677032,0.296610944836564,-0.176168000164224,0.0893447909689383,0.0640677040834676,0.4,0.638290812321065,"hastings_powell_3sp_chaos"
163.3548,0.715594166539871,0.344847650565869,-0.132331455666677,0.0878029541459151,0.0596938997035388,0.4,0.650265803401905,"hastings_powell_3sp_chaos"
165.2532,0.655593635638447,0.39855997733008,-0.106263923979097,0.0799728080038443,0.0494024432141442,0.4,0.672898562834279,"hastings_powell_3sp_chaos"
167.1516,0.580056344362842,0.451905419823065,-0.130257876514549,0.0756647176037914,0.0444734910262329,0.4,0.706631215565643,"hastings_powell_3sp_chaos"
169.05,0.489860872525671,0.492697647192681,-0.193091443550297,0.0699262708733487,0.0393457678103472,0.4,0.750829583215934,"hastings_powell_3sp_chaos"
170.9526,0.39344846910111,0.501799947283155,-0.262824905180207,0.0573819223689936,0.0282503548780406,0.4,0.802729079350471,"hastings_powell_3sp_chaos"
172.851,0.314521811221574,0.462117611019027,-0.333635130907993,0.0407714717726164,0.0141029233308464,0.4,0.855305556488086,"hastings_powell_3sp_chaos"
174.7494,0.289002632646957,0.383093312541079,-0.409371140084957,0.0269306294348604,0.00317960269106802,0.4,0.897827581291993,"hastings_powell_3sp_chaos"
176.6478,0.350309698906491,0.304988503784884,-0.508379200143853,0.030283331370051,0.00754046555116557,0.4,0.920956011730348,"hastings_powell_3sp_chaos"
178.5504,0.501296862263027,0.254975228629357,-0.599176152368986,0.0437069202347873,0.01858562348933,0.4,0.924576655161692,"hastings_powell_3sp_chaos"
180.4488,0.663651956322954,0.22899197886458,-0.651125092345848,0.0515799880783507,0.0254185125888351,0.4,0.915356636356446,"hastings_powell_3sp_chaos"
182.3472,0.76084958741243,0.214904023291449,-0.67022670093596,0.0561703511696068,0.0297836667096671,0.4,0.89914747012126,"hastings_powell_3sp_chaos"
184.2456,0.802987338381387,0.206322228699385,-0.670471371919883,0.0597239455385748,0.033429467268716,0.4,0.8790861950066,"hastings_powell_3sp_chaos"
186.1482,0.820141236694722,0.201135882609423,-0.659758884432688,0.0629185966787225,0.0368918767896343,0.4,0.856873324256377,"hastings_powell_3sp_chaos"
188.0466,0.827248805017349,0.198904233564313,-0.64079300975761,0.06571211284471,0.0401216689241893,0.4,0.833900372583055,"hastings_powell_3sp_chaos"
189.945,0.829455946117677,0.199640301912489,-0.614052134616594,0.0677922721624462,0.0428674454388908,0.4,0.811268871071364,"hastings_powell_3sp_chaos"
191.8434,0.828187925331156,0.203505441492623,-0.579437905507347,0.068679055631627,0.0447691250725489,0.4,0.790054768461879,"hastings_powell_3sp_chaos"
193.746,0.823685332675311,0.210719872355337,-0.536833780232751,0.0677621704265863,0.045426967686532,0.4,0.771226650107768,"hastings_powell_3sp_chaos"
195.6444,0.815834997091494,0.221462283719702,-0.48688134574713,0.0643163310966847,0.0444627769613758,0.4,0.755803353558769,"hastings_powell_3sp_chaos"
197.5428,0.804335595944241,0.235934711528813,-0.430647730807544,0.057540482605941,0.0416220831920624,0.4,0.744603081466008,"hastings_powell_3sp_chaos"
199.4412,0.788800815851475,0.254250037911088,-0.369974099909081,0.0524880315161031,0.0368996984060161,0.4,0.738421467609643,"hastings_powell_3sp_chaos"
201.3438,0.768751942057851,0.276396485475618,-0.307049104370333,0.0529909889874899,0.0306912988411024,0.4,0.737991376431593,"hastings_powell_3sp_chaos"
203.2422,0.743883949243011,0.301873950920336,-0.245097727221786,0.0513307445327483,0.0236684761252776,0.4,0.743956948916875,"hastings_powell_3sp_chaos"
205.1406,0.713950683421583,0.329764735976011,-0.188444120392026,0.046561413881407,0.015882795387933,0.4,0.756820495785443,"hastings_powell_3sp_chaos"
207.039,0.679195611944482,0.35828013434274,-0.14373331247657,0.0390302640637419,0.00713166822581244,0.4,0.776873064901874,"hastings_powell_3sp_chaos"
208.9416,0.640652175797702,0.384642001940904,-0.131383892550083,0.0304293677953951,-0.00170482511778432,0.4,0.804110672845528,"hastings_powell_3sp_chaos"
210.84,0.601090876860303,0.404900916080325,-0.188546549634719,0.022316909216075,-0.00899386560078188,0.4,0.837773776966343,"hastings_powell_3sp_chaos"
212.7384,0.565110452296814,0.414954191837081,-0.266016740298,0.0150761207247917,-0.0131103459895861,0.4,0.876479117775516,"hastings_powell_3sp_chaos"
214.6368,0.539601787050475,0.41178747759593,-0.349869841626917,0.00979082867975981,-0.0126277737618588,0.4,0.917839389737009,"hastings_powell_3sp_chaos"
216.5394,0.532445825102112,0.39528415758984,-0.434707739459617,0.0124964511488146,-0.00842132663411353,0.4,0.958708437569783,"hastings_powell_3sp_chaos"
218.4378,0.549267683154527,0.368902936736481,-0.516005687990128,0.0209821016518364,-0.00335035583788986,0.4,0.995326396329455,"hastings_powell_3sp_chaos"
220.3362,0.5889996437967,0.337530098315262,-0.589796107094061,0.0273551395823769,0.000661168490775844,0.4,1.02460119293043,"hastings_powell_3sp_chaos"
222.2346,0.642554269921927,0.304930018734711,-0.652637361401254,0.0312532692100482,0.0033179412830889,0.4,1.04419695124115,"hastings_powell_3sp_chaos"
224.1372,0.697893518836405,0.272854976555602,-0.703075267478274,0.033824019129378,0.00526949134677343,0.4,1.05261136315401,"hastings_powell_3sp_chaos"
226.0356,0.746666907945551,0.242301846352402,-0.741248900369074,0.036219798749809,0.00737594597894115,0.4,1.0489740433803,"hastings_powell_3sp_chaos"
227.934,0.786684040090689,0.214016357278096,-0.768511279659599,0.0393168278963925,0.0103493601055533,0.4,1.03320902856639,"hastings_powell_3sp_chaos"
229.8366,0.818661227565597,0.188878362624457,-0.786049545055934,0.0436662482466277,0.0146402544413481,0.4,1.00602690850114,"hastings_powell_3sp_chaos"
231.735,0.843644196104505,0.167797492868669,-0.794517257561442,0.0494906913870608,0.0204036553817403,0.4,0.969255591444227,"hastings_powell_3sp_chaos"
233.6334,0.862676274813786,0.151179502882308,-0.794152663842131,0.0567573568278704,0.0275714957451711,0.4,0.925262414150481,"hastings_powell_3sp_chaos"
235.5318,0.876512707042019,0.13915100685303,-0.784611585330291,0.0651412032520952,0.0358256444147642,0.4,0.876795713634525,"hastings_powell_3sp_chaos"
237.4344,0.885792535912277,0.131617054708127,-0.764866121388764,0.0740637542477167,0.0446348841530555,0.4,0.826445414013568,"hastings_powell_3sp_chaos"
239.3328,0.890960587687413,0.12848393283134,-0.733236514138018,0.082642694757291,0.0531924284964276,0.4,0.776828807557302,"hastings_powell_3sp_chaos"
241.2312,0.892341111436964,0.129701733496892,-0.687211801504797,0.0898259193953948,0.0605453780881319,0.4,0.729803905317254,"hastings_powell_3sp_chaos"
243.1296,0.88999690938284,0.135441507488678,-0.623931522735893,0.0943372517326321,0.0655635457056165,0.4,0.686926591152633,"hastings_powell_3sp_chaos"
245.0322,0.883688791529934,0.146172491796588,-0.542333964376851,0.0953349962238087,0.0675363573621801,0.4,0.64934507784525,"hastings_powell_3sp_chaos"
246.9306,0.872883699677225,0.1626060537927,-0.451256440517701,0.0957182096885994,0.0686287768148664,0.4,0.618230004443462,"hastings_powell_3sp_chaos"
248.829,0.856593748720874,0.185863838004925,-0.363653145708756,0.0944551130124598,0.0678094097061794,0.4,0.594386368366412,"hastings_powell_3sp_chaos"
250.7274,0.833305129113527,0.217378513201945,-0.272271809438154,0.0798670561707877,0.0588985162380176,0.4,0.578701140514347,"hastings_powell_3sp_chaos"
252.63,0.800718418746964,0.258881014538452,-0.210816625247668,0.101923931692957,0.0758696142954962,0.4,0.572128449864397,"hastings_powell_3sp_chaos"
254.5284,0.75584140338954,0.311593280753195,-0.155807064656398,0.104852157578688,0.0767325120315387,0.4,0.575766110620883,"hastings_powell_3sp_chaos"
256.4268,0.694362927056795,0.37571163947188,-0.103744562460456,0.0839211159056336,0.0537057504410686,0.4,0.59072550682294,"hastings_powell_3sp_chaos"
258.3252,0.610971078092517,0.447647923914108,-0.098251700020149,0.0784008986566912,0.0463917008633057,0.4,0.618009257071643,"hastings_powell_3sp_chaos"
260.2278,0.500342109457194,0.515244049294024,-0.184940148570391,0.0775519736970642,0.046021878537145,0.4,0.65801717566031,"hastings_powell_3sp_chaos"
262.1262,0.364384362695959,0.548989125879159,-0.273380675718124,0.0716722628627514,0.0410457413773417,0.4,0.708725215088103,"hastings_powell_3sp_chaos"
264.0246,0.229166000535928,0.502365414423028,-0.357076024596797,0.0648938065002235,0.0352593706732607,0.4,0.762930200509311,"hastings_powell_3sp_chaos"
265.923,0.155167350053734,0.36699518200043,-0.431514551876571,0.0618531775335373,0.0329491976056761,0.4,0.803645696240165,"hastings_powell_3sp_chaos"
267.8256,0.18578399583928,0.234959814673382,-0.493258562187534,0.0472426704593641,0.0214039777046858,0.4,0.811772061371313,"hastings_powell_3sp_chaos"
269.724,0.362625404917463,0.169035340686661,-0.590163917299497,0.0658937188381416,0.0387433391149387,0.4,0.7887364730664,"hastings_powell_3sp_chaos"
271.6224,0.639787194576546,0.149458798906852,-0.634801676264165,0.0808395217192235,0.05276573769482,0.4,0.752050015691322,"hastings_powell_3sp_chaos"
273.5208,0.807427865890166,0.149112289945199,-0.611365907298217,0.0873033443612298,0.0595317461202241,0.4,0.71398339643728,"hastings_powell_3sp_chaos"
275.4234,0.856113322491555,0.157395992716679,-0.547367205634236,0.0887989739368819,0.0621057436439544,0.4,0.679295881976973,"hastings_powell_3sp_chaos"
277.3218,0.859775324745817,0.171939745537629,-0.463331274716384,0.0872826238951993,0.0621831386140179,0.4,0.650102160154512,"hastings_powell_3sp_chaos"
279.2202,0.848041915858093,0.192919819692021,-0.374539751085003,0.0854823782768543,0.0618015722780168,0.4,0.627490243658104,"hastings_powell_3sp_chaos"
281.1186,0.82751834614121,0.221263000224517,-0.285698571386355,0.0775779027789687,0.058354451481818,0.4,0.612439423625724,"hastings_powell_3sp_chaos"
283.0212,0.798219031062496,0.258212151210686,-0.215357079412413,0.0882019778710052,0.0662663352477973,0.4,0.60591781703013,"hastings_powell_3sp_chaos"
284.9196,0.758301420779348,0.304537741798472,-0.162692854734096,0.102005437740454,0.0748053393966228,0.4,0.608981474074056,"hastings_powell_3sp_chaos"
286.818,0.70469834608015,0.360205797620919,-0.115071194304109,0.0907787703844575,0.0613799962273218,0.4,0.622660189368813,"hastings_powell_3sp_chaos"
288.7164,0.633780938417716,0.42242259699826,-0.0937008425292827,0.0832310293078253,0.051550374772496,0.4,0.647879936245172,"hastings_powell_3sp_chaos"
290.619,0.542165936843119,0.482774580920581,-0.15026378461728,0.0811084073054058,0.0494872719735602,0.4,0.685114908854059,"hastings_powell_3sp_chaos"
292.5174,0.431187261701582,0.522255974937201,-0.229599698754399,0.075320168141613,0.0444812075279883,0.4,0.73307093741442,"hastings_powell_3sp_chaos"
294.4158,0.314989806203777,0.511131482171696,-0.307166788069814,0.0631454776292062,0.0337353536438756,0.4,0.787220798205826,"hastings_powell_3sp_chaos"
296.3142,0.23179076518885,0.430237520628764,-0.38230777218726,0.0507077447703292,0.0232530379852434,0.4,0.836752409107213,"hastings_powell_3sp_chaos"
298.2168,0.228749084518815,0.317335522804972,-0.452471727055764,0.0360088224353703,0.0118756237913622,0.4,0.8661801899863,"hastings_powell_3sp_chaos"
300.1152,0.342979594044353,0.236789888866319,-0.55036285497346,0.0450810229374213,0.0210185350249924,0.4,0.868018250636121,"hastings_powell_3sp_chaos"
302.0136,0.560352544424225,0.200281686039045,-0.623340807803684,0.0595942890145667,0.0337623182838225,0.4,0.850551351440694,"hastings_powell_3sp_chaos"
303.9162,0.738311268519729,0.187909859550301,-0.642660488581994,0.0670456871194697,0.0409327228212095,0.4,0.825104614451554,"hastings_powell_3sp_chaos"
305.8146,0.813124305978443,0.185825541053941,-0.62551332267605,0.0710667496204293,0.0453760822297312,0.4,0.798078269795906,"hastings_powell_3sp_chaos"
307.713,0.833879879980568,0.189198431907414,-0.588781322375455,0.0729312363047392,0.0481689083824474,0.4,0.772233417644395,"hastings_powell_3sp_chaos"
309.6114,0.835104694931774,0.196886434241672,-0.53902147248086,0.0723851589772462,0.0492280876652188,0.4,0.749132553488832,"hastings_powell_3sp_chaos"
311.514,0.828190181833987,0.2088635416141,-0.478436127949657,0.0686222255154125,0.0482131643393728,0.4,0.72988659370029,"hastings_powell_3sp_chaos"
313.4124,0.815967039697951,0.225324560055367,-0.409299507271894,0.0606374923345847,0.0449890661339676,0.4,0.71556422601226,"hastings_powell_3sp_chaos"
315.3108,0.798680111280499,0.246583009006285,-0.334199097748379,0.0569019541316971,0.0399822923177428,0.4,0.707013917316459,"hastings_powell_3sp_chaos"
317.2092,0.775814200303615,0.272800880298376,-0.257633908003619,0.0592170239135091,0.0347734378680109,0.4,0.705074193384447,"hastings_powell_3sp_chaos"
319.1118,0.746535026538385,0.303850833358938,-0.192958627270345,0.059152232928424,0.0308512562728014,0.4,0.710544760709439,"hastings_powell_3sp_chaos"
321.0102,0.710230656805787,0.33867344854399,-0.156963698579994,0.0546739665907112,0.0257644398027906,0.4,0.72407823133537,"hastings_powell_3sp_chaos"
322.9086,0.666482277215392,0.375190401186752,-0.144493659013981,0.0464486797679964,0.0177014609238937,0.4,0.74614253562911,"hastings_powell_3sp_chaos"
324.807,0.615948244519726,0.409481941470898,-0.153286785452515,0.0377248473672571,0.00891314204370371,0.4,0.776787759009854,"hastings_powell_3sp_chaos"
326.7096,0.561275922135771,0.435637253273046,-0.1819830455844,0.0291847149155089,0.000116516038656593,0.4,0.81541526189124,"hastings_powell_3sp_chaos"
328.608,0.509088137321279,0.446421175196889,-0.227958127909109,0.020042959081739,-0.00911760044341389,0.4,0.859982355823329,"hastings_powell_3sp_chaos"
330.5064,0.470293891706875,0.436709840890067,-0.306740591398636,0.0119831933376968,-0.0147144760939855,0.4,0.907156369269331,"hastings_powell_3sp_chaos"
332.4048,0.459105754143751,0.407731639374638,-0.407734880163476,0.0100406407016399,-0.0120104276916771,0.4,0.952163834359182,"hastings_powell_3sp_chaos"
334.3074,0.486780094619363,0.368119275920524,-0.505609535557313,0.0190072507577266,-0.00483049343265084,0.4,0.990144186680205,"hastings_powell_3sp_chaos"
336.2058,0.550900877441148,0.328154058632422,-0.590329115560878,0.0278268587581791,0.00137026856281908,0.4,1.01753485107457,"hastings_powell_3sp_chaos"
338.1042,0.630927088435448,0.292530587790957,-0.657460643226232,0.0330504880930102,0.00527644957341139,0.4,1.03314973255805,"hastings_powell_3sp_chaos"
340.0026,0.702717672508555,0.261156199718283,-0.706780528780364,0.0362640909838645,0.00789219483243728,0.4,1.03691473699656,"hastings_powell_3sp_chaos"
341.9052,0.756824144641803,0.23287124675266,-0.741340556984335,0.039107012052323,0.0104760572568395,0.4,1.02907831998449,"hastings_powell_3sp_chaos"
343.8036,0.795745636214768,0.207537429852456,-0.764200723965267,0.0425802277646661,0.0138449377733985,0.4,1.01025401676515,"hastings_powell_3sp_chaos"
345.702,0.8245345617132,0.185507235214344,-0.777424632768461,0.0471960124006245,0.0184111557133178,0.4,0.981578316558626,"hastings_powell_3sp_chaos"
347.6004,0.846288839057043,0.167315173424877,-0.781853529335033,0.0531080047323625,0.0242717981474771,0.4,0.944848090332704,"hastings_powell_3sp_chaos"
349.503,0.862566884203546,0.153276798641579,-0.777507586084341,0.0602037003442725,0.031294038906623,0.4,0.902252109673326,"hastings_powell_3sp_chaos"
351.4014,0.8741003528626,0.143564674745091,-0.763846687854877,0.0680606628331239,0.0390752966703714,0.4,0.856460114497859,"hastings_powell_3sp_chaos"
353.2998,0.881441197089858,0.138121752627759,-0.739622824479826,0.0760594225529173,0.0470515349825689,0.4,0.809762368246323,"hastings_powell_3sp_chaos"
355.1982,0.88492337700227,0.136926835075871,-0.702969704129987,0.0833390952541562,0.0544478372419012,0.4,0.764253078497472,"hastings_powell_3sp_chaos"
357.1008,0.884690059013818,0.140083592128736,-0.651312343239287,0.0888231637470853,0.0603159118871073,0.4,0.721583270059154,"hastings_powell_3sp_chaos"
358.9992,0.880662337365277,0.147865694339921,-0.582709443344215,0.0913018011333273,0.0636332001247582,0.4,0.683352893127508,"hastings_powell_3sp_chaos"
360.8976,0.872487306489581,0.160813981504377,-0.49830418919547,0.0906811814334243,0.0643476090094804,0.4,0.650615084752262,"hastings_powell_3sp_chaos"
362.796,0.859471322649734,0.179752151258275,-0.408358349916275,0.0901740306119934,0.0647838875449422,0.4,0.624358427354229,"hastings_powell_3sp_chaos"
364.6986,0.840451258730103,0.205854945413487,-0.318590022403744,0.0847216182268447,0.0615863976375857,0.4,0.605471361730732,"hastings_powell_3sp_chaos"
366.597,0.813861221138424,0.240327865660703,-0.238103521770161,0.0816042726405852,0.0624519356856813,0.4,0.594974905220686,"hastings_powell_3sp_chaos"
368.4954,0.777343470917403,0.2845029042297,-0.18261292424867,0.104590860711335,0.0777521590359624,0.4,0.593823909881747,"hastings_powell_3sp_chaos"
370.3938,0.727757797226201,0.339009861943076,-0.130597370865955,0.0962694367690558,0.0678535427796702,0.4,0.603095267986775,"hastings_powell_3sp_chaos"
372.2964,0.660959892783248,0.402593256038362,-0.0909681463789483,0.0841143205305421,0.0527168437782776,0.4,0.623897206032012,"hastings_powell_3sp_chaos"
374.1948,0.572969521812026,0.468710877874397,-0.126473546880769,0.0816513863841579,0.0497906919304787,0.4,0.656846391984034,"hastings_powell_3sp_chaos"
376.0932,0.46161610999234,0.521486380256597,-0.209583916809695,0.0786104991190763,0.0473745066536104,0.4,0.701566369663058,"hastings_powell_3sp_chaos"
377.9958,0.334978756085633,0.530220671671445,-0.291232790545425,0.0689132115642714,0.0388084726129636,0.4,0.754907892201854,"hastings_powell_3sp_chaos"
0,0.2445642,0.2500377,-0.50519627929452,0.040676032110064,0.0243036281978422,0.5,0.8477652,"hastings_powell_3sp_chaos"
1.8984,0.435009427490395,0.193858003839561,-0.563277668366889,0.0484222128641514,0.034753658165287,0.5,0.831363219831422,"hastings_powell_3sp_chaos"
3.7968,0.672648399536362,0.175034808895532,-0.57412324178342,0.0565514672113507,0.0420008698543035,0.5,0.802665521991123,"hastings_powell_3sp_chaos"
5.6952,0.801084967136138,0.17225437777035,-0.539712231203655,0.0609702406336572,0.0457921887915596,0.5,0.771439486258634,"hastings_powell_3sp_chaos"
7.5978,0.83976683347074,0.176903783224965,-0.480655710372891,0.0644005299912241,0.0476698974729725,0.5,0.741820260466986,"hastings_powell_3sp_chaos"
9.4962,0.844284168596641,0.186783706100031,-0.410712745388519,0.0679322712544818,0.0486456528207129,0.5,0.715886992303096,"hastings_powell_3sp_chaos"
11.3946,0.8364205404677,0.201714620146979,-0.338645729836314,0.0722715770550912,0.0502863965978613,0.5,0.69482007572395,"hastings_powell_3sp_chaos"
13.293,0.821610341455704,0.222083341374122,-0.278804317928098,0.0754757148877011,0.0524982942904934,0.5,0.679641430758681,"hastings_powell_3sp_chaos"
15.1956,0.800426055072905,0.248473104535283,-0.232819582838159,0.0712396543952678,0.0487983694856942,0.5,0.671281629737192,"hastings_powell_3sp_chaos"
17.094,0.772159197602492,0.281147744639039,-0.193399166173771,0.0600698435541564,0.0377897867108982,0.5,0.670690068667486,"hastings_powell_3sp_chaos"
18.9924,0.735451446827353,0.320026433891756,-0.166457009076804,0.0519200486990367,0.0280464415005832,0.5,0.678720365858518,"hastings_powell_3sp_chaos"
20.8908,0.688855635883661,0.363842050088301,-0.167146616451809,0.0482964103085754,0.0235692793402374,0.5,0.696155476464483,"hastings_powell_3sp_chaos"
22.7934,0.631189756523207,0.409323821614886,-0.199864071436402,0.0464334302466482,0.0218644150091137,0.5,0.723579658223461,"hastings_powell_3sp_chaos"
24.6918,0.563208580145382,0.44958178940289,-0.249074336636699,0.0438680438023753,0.0198683595717951,0.5,0.760763269824624,"hastings_powell_3sp_chaos"
26.5902,0.489090655363301,0.474119965860662,-0.302773071964597,0.0379914063936713,0.0146885562999221,0.5,0.806415988998947,"hastings_powell_3sp_chaos"
28.4886,0.420289043160932,0.470864222473635,-0.357366553360071,0.0291038835487239,0.00637493593729903,0.5,0.857112485848479,"hastings_powell_3sp_chaos"
30.3912,0.377315789549583,0.434833993852102,-0.420314439030138,0.0217722118837697,-0.000347453505194098,0.5,0.906853952940045,"hastings_powell_3sp_chaos"
32.2896,0.38509350872409,0.378472643602497,-0.501776939447223,0.0187675356465946,-0.000726201963592109,0.5,0.947794969632906,"hastings_powell_3sp_chaos"
34.188,0.457432762508213,0.324058504774494,-0.583684670348505,0.0207844428034555,0.00393031232104186,0.5,0.974702026492796,"hastings_powell_3sp_chaos"
36.0864,0.573567593537569,0.283490481499591,-0.646723161763017,0.0256190360599478,0.00871158188707176,0.5,0.987198705104964,"hastings_powell_3sp_chaos"
37.989,0.681155910508565,0.254613223858743,-0.686637163783631,0.0297227227125521,0.012431144646378,0.5,0.987822639906671,"hastings_powell_3sp_chaos"
39.8874,0.751044816325143,0.232254173785825,-0.707687740353966,0.0332747981062227,0.0158958003109815,0.5,0.978952767325952,"hastings_powell_3sp_chaos"
41.7858,0.791432104561076,0.213495957315174,-0.715767599472921,0.037030884673921,0.0197416786228967,0.5,0.962138852389243,"hastings_powell_3sp_chaos"
43.6842,0.816306528611432,0.197596631482488,-0.71436663518666,0.0412742817174983,0.0241579045173252,0.5,0.938626643129727,"hastings_powell_3sp_chaos"
45.5868,0.833366623524929,0.184628119378584,-0.703749823813644,0.0459457230137955,0.0290616485279276,0.5,0.909715935328024,"hastings_powell_3sp_chaos"
47.4852,0.845526080894944,0.174916602249708,-0.684121505490065,0.0507178503267866,0.0341541077577425,0.5,0.877111879466587,"hastings_powell_3sp_chaos"
49.3836,0.853836825136041,0.168658796764839,-0.653594803250595,0.0551394670316817,0.0390361006665205,0.5,0.84244654749418,"hastings_powell_3sp_chaos"
51.282,0.858626457240494,0.166032032690737,-0.611493833084337,0.0587705773550795,0.0432248793964849,0.5,0.80739666889606,"hastings_powell_3sp_chaos"
53.1846,0.859973291593622,0.167220801154776,-0.557286479064828,0.0616629546888724,0.0463080796563601,0.5,0.773451822192863,"hastings_powell_3sp_chaos"
55.083,0.857798357312603,0.17245661307196,-0.492499762641085,0.0645452890438086,0.0481689460482315,0.5,0.742161443988794,"hastings_powell_3sp_chaos"
56.9814,0.851876129955321,0.182077659481878,-0.420665705585246,0.0678684889752348,0.049262408272341,0.5,0.714676710818044,"hastings_powell_3sp_chaos"
58.8798,0.841781005153207,0.196548702815979,-0.347359201318103,0.0724876235887259,0.0511098305005672,0.5,0.692085010967162,"hastings_powell_3sp_chaos"
60.7824,0.826815325892029,0.216497728161836,-0.285510694608301,0.077155779608911,0.0544862628026796,0.5,0.67534772893076,"hastings_powell_3sp_chaos"
62.6808,0.806113039281662,0.242460829515608,-0.237665527686903,0.0745777818119553,0.0522878692633197,0.5,0.665480986443182,"hastings_powell_3sp_chaos"
64.5792,0.778418758002817,0.274980440134073,-0.195314477598765,0.0635194046807076,0.0413552862622388,0.5,0.663363534493442,"hastings_powell_3sp_chaos"
66.4776,0.742224174697459,0.31411062947688,-0.163627285847798,0.0551215907162304,0.0310943260588865,0.5,0.669901966485048,"hastings_powell_3sp_chaos"
68.3802,0.695758559753517,0.358950349870112,-0.159379253149449,0.0514836542943172,0.0264772461271192,0.5,0.685977538519549,"hastings_powell_3sp_chaos"
70.2786,0.6378370910723,0.406230491515155,-0.191273509088278,0.0497488103374549,0.0248903714299389,0.5,0.71212386916701,"hastings_powell_3sp_chaos"
72.177,0.56829526186673,0.449555515955854,-0.241841325088575,0.047589923988726,0.0233517273276309,0.5,0.748400893729921,"hastings_powell_3sp_chaos"
74.0754,0.490618755061052,0.477990592909503,-0.29701401515545,0.0421306372266793,0.018729033285513,0.5,0.793661082463761,"hastings_powell_3sp_chaos"
75.978,0.415439506619778,0.477918193068077,-0.352412282176154,0.0327727852386465,0.0102934353840248,0.5,0.844757594648578,"hastings_powell_3sp_chaos"
77.8764,0.364169030562667,0.44200287149894,-0.412018816593383,0.0242449094074357,0.00241245605374348,0.5,0.895253135561253,"hastings_powell_3sp_chaos"
79.7748,0.363821693510472,0.381915367786088,-0.488467734453676,0.02030092348967,0.000548540342236857,0.5,0.937028008165447,"hastings_powell_3sp_chaos"
81.6774,0.433432152700485,0.323005084827175,-0.571797050248287,0.0217403313199233,0.00510783104123612,0.5,0.963987578990984,"hastings_powell_3sp_chaos"
83.5758,0.55631282977523,0.280429178348723,-0.637104549776755,0.0268993467044053,0.0104214264649114,0.5,0.975581222077432,"hastings_powell_3sp_chaos"
85.4742,0.674197652989378,0.251881877093279,-0.677447649176871,0.0313792841259399,0.0144505249870463,0.5,0.975097621270206,"hastings_powell_3sp_chaos"
87.3726,0.749878218393291,0.230900952753401,-0.697525401483044,0.0350482854842368,0.0180030663449314,0.5,0.965541590201416,"hastings_powell_3sp_chaos"
89.2752,0.791371960927332,0.213843943303154,-0.703895448266441,0.0387340693712141,0.0217843933615299,0.5,0.948719470498846,"hastings_powell_3sp_chaos"
91.1736,0.815266958735144,0.199705603186179,-0.700625009789111,0.0427339503950101,0.0259883234868267,0.5,0.926038656747365,"hastings_powell_3sp_chaos"
93.072,0.830848804577221,0.18840469554339,-0.688133733676437,0.0469920098338126,0.030532639555983,0.5,0.898789761737121,"hastings_powell_3sp_chaos"
94.9704,0.841614116704791,0.180161552218723,-0.666620597816991,0.0512265088486348,0.0351521710184572,0.5,0.868423273127037,"hastings_powell_3sp_chaos"
96.873,0.848703308910162,0.175196389154643,-0.63501224111514,0.0550658972358353,0.0394780737560739,0.5,0.83640019592537,"hastings_powell_3sp_chaos"
98.7714,0.852403925242986,0.173731172160632,-0.592611695204849,0.058248402114044,0.0430643984957232,0.5,0.804382331201492,"hastings_powell_3sp_chaos"
100.6698,0.852769313678413,0.175957220031586,-0.539336729778628,0.0610833713212824,0.0455688402842652,0.5,0.773724418650576,"hastings_powell_3sp_chaos"
102.5682,0.84967916892188,0.182130601412406,-0.476382519421288,0.0641308607639179,0.0469086556153455,0.5,0.745717405634976,"hastings_powell_3sp_chaos"
104.4708,0.842846275507353,0.192616868617466,-0.406369318937716,0.0674575802081862,0.0474956485773777,0.5,0.721466930974672,"hastings_powell_3sp_chaos"
106.3692,0.831859748634475,0.20779665986717,-0.334815053109048,0.0709414728665547,0.0483599133027593,0.5,0.702121181439087,"hastings_powell_3sp_chaos"
108.2676,0.81606710228452,0.228173766591459,-0.275044203861879,0.0723688073373902,0.048872371892613,0.5,0.688580228694416,"hastings_powell_3sp_chaos"
110.166,0.794604802744144,0.254204186196113,-0.231277520467224,0.0670530464630253,0.0441218998940894,0.5,0.681754115942874,"hastings_powell_3sp_chaos"
112.0686,0.766321220071305,0.286203999504663,-0.19588225323684,0.0558707611175856,0.0334229385884256,0.5,0.682532847547043,"hastings_powell_3sp_chaos"
113.967,0.730108104038946,0.323706036307499,-0.173947836560737,0.0471417482957375,0.0237168996719493,0.5,0.691746973657993,"hastings_powell_3sp_chaos"
115.8654,0.684741269170722,0.365305375736796,-0.177261069202816,0.0430165522796659,0.0188172292960182,0.5,0.7100989335653,"hastings_powell_3sp_chaos"
117.7638,0.629628376461902,0.407546138335636,-0.207852876933654,0.0408780640161736,0.0167218404466662,0.5,0.737997579347023,"hastings_powell_3sp_chaos"
119.6664,0.565708672940654,0.444129674337776,-0.253927587033116,0.0380665842545187,0.0142746100773595,0.5,0.775305507323317,"hastings_powell_3sp_chaos"
121.5648,0.498056829154186,0.465433791400854,-0.30492264133523,0.0324474323217667,0.00897747635630377,0.5,0.820434166365186,"hastings_powell_3sp_chaos"
123.4632,0.437680893730408,0.461657830612531,-0.35881362066795,0.024872457052619,0.00150311905548685,0.5,0.870138657022614,"hastings_powell_3sp_chaos"
125.3616,0.403025002779779,0.429722143653028,-0.427619340440908,0.0189838692087234,-0.00348637259940027,0.5,0.918852787844384,"hastings_powell_3sp_chaos"
127.2642,0.414838127052106,0.380046527714845,-0.513262001639483,0.0167666959834455,-0.00267536738789528,0.5,0.959983037932834,"hastings_powell_3sp_chaos"
129.1626,0.482341314052441,0.330646357068446,-0.593288041523476,0.0189719746597794,0.00162299224862785,0.5,0.98855402045303,"hastings_powell_3sp_chaos"
131.061,0.585136364665226,0.291221938717727,-0.655268420738419,0.023225829496053,0.00575560037651444,0.5,1.00374481682008,"hastings_powell_3sp_chaos"
132.9594,0.680938884064934,0.260879890531482,-0.696647531582846,0.0268966104395036,0.00910977653172183,0.5,1.00701002577313,"hastings_powell_3sp_chaos"
134.862,0.747263652670241,0.235845287649374,-0.720692901037446,0.0303097663117796,0.0124538576121314,0.5,0.99989945527925,"hastings_powell_3sp_chaos"
136.7604,0.788793875677834,0.214191321599039,-0.73203181006117,0.0341389594268658,0.0163575384193441,0.5,0.983600952640444,"hastings_powell_3sp_chaos"
138.6588,0.816279671909684,0.195465404457018,-0.733505033959219,0.0386883719186659,0.0210283360574776,0.5,0.959250614513594,"hastings_powell_3sp_chaos"
140.5572,0.835961878028962,0.179924006652846,-0.726529150038232,0.0439182138309074,0.0263911628321466,0.5,0.928295564913549,"hastings_powell_3sp_chaos"
142.4598,0.850473955918998,0.167872847586567,-0.709281537560516,0.049534379139927,0.0321823492950266,0.5,0.892429125334605,"hastings_powell_3sp_chaos"
144.3582,0.86073674822693,0.159586403149705,-0.681587470660381,0.0549753318921909,0.0379296125707582,0.5,0.853768223332716,"hastings_powell_3sp_chaos"
146.2566,0.867194145933734,0.155161836075937,-0.641228275866888,0.0595900370286949,0.0430764140004671,0.5,0.814184370856826,"hastings_powell_3sp_chaos"
148.155,0.870028459849337,0.154711690268104,-0.587217074099825,0.0629611964838003,0.0470794337806787,0.5,0.775472074413228,"hastings_powell_3sp_chaos"
150.0576,0.869259192496677,0.158428046625905,-0.520757427295136,0.0655928083246734,0.0497723003410567,0.5,0.739127022676199,"hastings_powell_3sp_chaos"
151.956,0.864737249253466,0.166605358922473,-0.447169922412392,0.0680212634901841,0.051510520222043,0.5,0.706655826808488,"hastings_powell_3sp_chaos"
153.8544,0.856092763008875,0.179730053937574,-0.37157215855696,0.0722336152622069,0.0535145500295705,0.5,0.679128349519599,"hastings_powell_3sp_chaos"
155.757,0.842647675044753,0.198518581099667,-0.305074962874896,0.0817480715030312,0.0602760963047174,0.5,0.65752803896401,"hastings_powell_3sp_chaos"
157.6554,0.823488044330788,0.223711207378864,-0.252349851298998,0.085773149162856,0.0637146740417756,0.5,0.64291164225502,"hastings_powell_3sp_chaos"
159.5538,0.797225190615005,0.256202345020014,-0.201815896200604,0.0742854056346805,0.0523888360974286,0.5,0.636175415741281,"hastings_powell_3sp_chaos"
161.4522,0.762048552677032,0.296610944836564,-0.155559748468684,0.0644808953342852,0.0399106598159726,0.5,0.638290812321065,"hastings_powell_3sp_chaos"
163.3548,0.715594166539871,0.344847650565869,-0.13132604427945,0.0610663863742783,0.0353073799015458,0.5,0.650265803401905,"hastings_powell_3sp_chaos"
165.2532,0.655593635638447,0.39855997733008,-0.165265528777329,0.0598458939473179,0.0342039532043619,0.5,0.672898562834279,"hastings_powell_3sp_chaos"
167.1516,0.580056344362842,0.451905419823065,-0.225085241005053,0.0591141862596802,0.0341081307476489,0.5,0.706631215565643,"hastings_powell_3sp_chaos"
169.05,0.489860872525671,0.492697647192681,-0.286353304664992,0.0557108231260086,0.0316732679124052,0.5,0.750829583215934,"hastings_powell_3sp_chaos"
170.9526,0.39344846910111,0.501799947283155,-0.344907067135898,0.0467046294313394,0.0242233805244918,0.5,0.802729079350471,"hastings_powell_3sp_chaos"
172.851,0.314521811221574,0.462117611019027,-0.401730379463596,0.0354800725438433,0.0150063094313815,0.5,0.855305556488086,"hastings_powell_3sp_chaos"
174.7494,0.289002632646957,0.383093312541079,-0.46096130046349,0.0280174071225279,0.00878260909464513,0.5,0.897827581291993,"hastings_powell_3sp_chaos"
176.6478,0.350309698906491,0.304988503784884,-0.537427704815162,0.0276025047301285,0.011704046554352,0.5,0.920956011730348,"hastings_powell_3sp_chaos"
178.5504,0.501296862263027,0.254975228629357,-0.605879015738589,0.0338574701811302,0.0192137263090553,0.5,0.924576655161692,"hastings_powell_3sp_chaos"
180.4488,0.663651956322954,0.22899197886458,-0.641684431286502,0.0400804189959318,0.0246975608331655,0.5,0.915356636356446,"hastings_powell_3sp_chaos"
182.3472,0.76084958741243,0.214904023291449,-0.64948454524688,0.0442702540905222,0.0287388596842349,0.5,0.89914747012126,"hastings_powell_3sp_chaos"
184.2456,0.802987338381387,0.206322228699385,-0.640402190447234,0.0476075791035921,0.0322601011273096,0.5,0.8790861950066,"hastings_powell_3sp_chaos"
186.1482,0.820141236694722,0.201135882609423,-0.620605464058738,0.0505503141391739,0.035486329543737,0.5,0.856873324256377,"hastings_powell_3sp_chaos"
188.0466,0.827248805017349,0.198904233564313,-0.592348603867074,0.0531749760811961,0.0382771499493319,0.5,0.833900372583055,"hastings_powell_3sp_chaos"
189.945,0.829455946117677,0.199640301912489,-0.556336979254529,0.0555973134825317,0.0403983455681048,0.5,0.811268871071364,"hastings_powell_3sp_chaos"
191.8434,0.828187925331156,0.203505441492623,-0.513146621101532,0.0579370449402259,0.041602789954539,0.5,0.790054768461879,"hastings_powell_3sp_chaos"
193.746,0.823685332675311,0.210719872355337,-0.46362625202098,0.0600170006440253,0.0417000870592885,0.5,0.771226650107768,"hastings_powell_3sp_chaos"
195.6444,0.815834997091494,0.221462283719702,-0.409376437753024,0.0613129434229429,0.0405635811961753,0.5,0.755803353558769,"hastings_powell_3sp_chaos"
197.5428,0.804335595944241,0.235934711528813,-0.351930233959752,0.0610313935229752,0.0379888870916569,0.5,0.744603081466008,"hastings_powell_3sp_chaos"
199.4412,0.788800815851475,0.254250037911088,-0.293333691491821,0.0580967381967728,0.0334214093677903,0.5,0.738421467609643,"hastings_powell_3sp_chaos"
201.3438,0.768751942057851,0.276396485475618,-0.236681375697712,0.05175288146278,0.0261996811930598,0.5,0.737991376431593,"hastings_powell_3sp_chaos"
203.2422,0.743883949243011,0.301873950920336,-0.187445559960138,0.0427342652616313,0.0168061083641911,0.5,0.743956948916875,"hastings_powell_3sp_chaos"
205.1406,0.713950683421583,0.329764735976011,-0.150910761625301,0.0334605566537431,0.00739345835632654,0.5,0.756820495785443,"hastings_powell_3sp_chaos"
207.039,0.679195611944482,0.35828013434274,-0.150179532457904,0.026565910970745,0.000479716955038313,0.5,0.776873064901874,"hastings_powell_3sp_chaos"
208.9416,0.640652175797702,0.384642001940904,-0.205756295557707,0.0225764711617193,-0.00338422876108684,0.5,0.804110672845528,"hastings_powell_3sp_chaos"
210.84,0.601090876860303,0.404900916080325,-0.274890070412677,0.0199990970212041,-0.00551280206711635,0.5,0.837773776966343,"hastings_powell_3sp_chaos"
212.7384,0.565110452296814,0.414954191837081,-0.349729634709569,0.0174914099085815,-0.006869356244114,0.5,0.876479117775516,"hastings_powell_3sp_chaos"
214.6368,0.539601787050475,0.41178747759593,-0.425761902843162,0.0150706546930006,-0.00719894291843045,0.5,0.917839389737009,"hastings_powell_3sp_chaos"
216.5394,0.532445825102112,0.39528415758984,-0.500042196201409,0.0137355882165118,-0.00620724984355641,0.5,0.958708437569783,"hastings_powell_3sp_chaos"
218.4378,0.549267683154527,0.368902936736481,-0.569406736455153,0.0143212149938468,-0.00439068636418883,0.5,0.995326396329455,"hastings_powell_3sp_chaos"
220.3362,0.5889996437967,0.337530098315262,-0.630993089467411,0.0162120325168213,-0.00242130138319889,0.5,1.02460119293043,"hastings_powell_3sp_chaos"
222.2346,0.642554269921927,0.304930018734711,-0.68216680639037,0.0183590180665055,-0.000493209047260098,0.5,1.04419695124115,"hastings_powell_3sp_chaos"
224.1372,0.697893518836405,0.272854976555602,-0.721597168848523,0.0206532146966952,0.00169578807588401,0.5,1.05261136315401,"hastings_powell_3sp_chaos"
226.0356,0.746666907945551,0.242301846352402,-0.749016331201109,0.0235256048928672,0.00459978270951838,0.5,1.0489740433803,"hastings_powell_3sp_chaos"
227.934,0.786684040090689,0.214016357278096,-0.765038818659262,0.0274392842563187,0.00859019351646605,0.5,1.03320902856639,"hastings_powell_3sp_chaos"
229.8366,0.818661227565597,0.188878362624457,-0.77035176035722,0.0326867266874243,0.0138531374280675,0.5,1.00602690850114,"hastings_powell_3sp_chaos"
231.735,0.843644196104505,0.167797492868669,-0.766010770909744,0.0392781578968999,0.0203254767755824,0.5,0.969255591444227,"hastings_powell_3sp_chaos"
233.6334,0.862676274813786,0.151179502882308,-0.756356839764312,0.0469356823261645,0.0277463722766072,0.5,0.925262414150481,"hastings_powell_3sp_chaos"
235.5318,0.876512707042019,0.13915100685303,-0.735075461763786,0.0549953170294031,0.0355837890961722,0.5,0.876795713634525,"hastings_powell_3sp_chaos"
237.4344,0.885792535912277,0.131617054708127,-0.69950581830397,0.0624803585401796,0.0430618415024315,0.5,0.826445414013568,"hastings_powell_3sp_chaos"
239.3328,0.890960587687413,0.12848393283134,-0.647029526296313,0.0682971590425455,0.0492390683281378,0.5,0.776828807557302,"hastings_powell_3sp_chaos"
241.2312,0.892341111436964,0.129701733496892,-0.57840558890572,0.0724243339338129,0.0537649830443985,0.5,0.729803905317254,"hastings_powell_3sp_chaos"
243.1296,0.88999690938284,0.135441507488678,-0.503011029796079,0.076483874457639,0.0575754022346093,0.5,0.686926591152633,"hastings_powell_3sp_chaos"
245.0322,0.883688791529934,0.146172491796588,-0.427486119777134,0.0734213714783818,0.0566679897262443,0.5,0.64934507784525,"hastings_powell_3sp_chaos"
246.9306,0.872883699677225,0.1626060537927,-0.350265676668095,0.0775057976516059,0.0589263833188894,0.5,0.618230004443462,"hastings_powell_3sp_chaos"
248.829,0.856593748720874,0.185863838004925,-0.294439410259534,0.101523397108162,0.0782436708380223,0.5,0.594386368366412,"hastings_powell_3sp_chaos"
250.7274,0.833305129113527,0.217378513201945,-0.235704074841794,0.0915711399264929,0.0690748096798572,0.5,0.578701140514347,"hastings_powell_3sp_chaos"
252.63,0.800718418746964,0.258881014538452,-0.17258525949721,0.0671264458241228,0.0434056534388518,0.5,0.572128449864397,"hastings_powell_3sp_chaos"
254.5284,0.75584140338954,0.311593280753195,-0.115861289391417,0.0624038623882042,0.0364223461131617,0.5,0.575766110620883,"hastings_powell_3sp_chaos"
256.4268,0.694362927056795,0.37571163947188,-0.138040106672601,0.0613097994647358,0.0352879374127155,0.5,0.59072550682294,"hastings_powell_3sp_chaos"
258.3252,0.610971078092517,0.447647923914108,-0.215366787926563,0.062345373352703,0.0367834666388846,0.5,0.618009257071643,"hastings_powell_3sp_chaos"
260.2278,0.500342109457194,0.515244049294024,-0.290765230260693,0.0643388808276292,0.0397418456738936,0.5,0.65801717566031,"hastings_powell_3sp_chaos"
262.1262,0.364384362695959,0.548989125879159,-0.355098445146519,0.0615488942783725,0.03821358011357,0.5,0.708725215088103,"hastings_powell_3sp_chaos"
264.0246,0.229166000535928,0.502365414423028,-0.411478834189888,0.0569096635957411,0.035171932922206,0.5,0.762930200509311,"hastings_powell_3sp_chaos"
265.923,0.155167350053734,0.36699518200043,-0.456475602819526,0.0552258703968455,0.0347222716271632,0.5,0.803645696240165,"hastings_powell_3sp_chaos"
267.8256,0.18578399583928,0.234959814673382,-0.486564371262383,0.047596952531936,0.0292349340731114,0.5,0.811772061371313,"hastings_powell_3sp_chaos"
269.724,0.362625404917463,0.169035340686661,-0.539524620321371,0.0553834048393907,0.0397136960113866,0.5,0.7887364730664,"hastings_powell_3sp_chaos"
271.6224,0.639787194576546,0.149458798906852,-0.546264532219666,0.0644261442628501,0.0483039013560319,0.5,0.752050015691322,"hastings_powell_3sp_chaos"
273.5208,0.807427865890166,0.149112289945199,-0.499729247162893,0.0690316915928701,0.0525939111473507,0.5,0.71398339643728,"hastings_powell_3sp_chaos"
275.4234,0.856113322491555,0.157395992716679,-0.431026915187527,0.0702137242219215,0.0545937102829838,0.5,0.679295881976973,"hastings_powell_3sp_chaos"
277.3218,0.859775324745817,0.171939745537629,-0.356058122735542,0.0746577368261254,0.056915956309597,0.5,0.650102160154512,"hastings_powell_3sp_chaos"
279.2202,0.848041915858093,0.192919819692021,-0.295700525203742,0.0915279735926789,0.0696353133636631,0.5,0.627490243658104,"hastings_powell_3sp_chaos"
281.1186,0.82751834614121,0.221263000224517,-0.241170336185753,0.0918520938051405,0.069604635894235,0.5,0.612439423625724,"hastings_powell_3sp_chaos"
283.0212,0.798219031062496,0.258212151210686,-0.184482941616151,0.0734410622025091,0.0507233780413135,0.5,0.60591781703013,"hastings_powell_3sp_chaos"
284.9196,0.758301420779348,0.304537741798472,-0.128626214201215,0.066411802601254,0.040689471490935,0.5,0.608981474074056,"hastings_powell_3sp_chaos"
286.818,0.70469834608015,0.360205797620919,-0.110418600240616,0.0646766312561623,0.0386193490209897,0.5,0.622660189368813,"hastings_powell_3sp_chaos"
288.7164,0.633780938417716,0.42242259699826,-0.182828279379763,0.0645786875166842,0.0388348723101006,0.5,0.647879936245172,"hastings_powell_3sp_chaos"
290.619,0.542165936843119,0.482774580920581,-0.254367273800847,0.0649816625480239,0.0400123695417885,0.5,0.685114908854059,"hastings_powell_3sp_chaos"
292.5174,0.431187261701582,0.522255974937201,-0.318684874890015,0.0614133267187061,0.0376025756650012,0.5,0.73307093741442,"hastings_powell_3sp_chaos"
294.4158,0.314989806203777,0.511131482171696,-0.376870531849847,0.0523722409623505,0.0305539560176973,0.5,0.787220798205826,"hastings_powell_3sp_chaos"
296.3142,0.23179076518885,0.430237520628764,-0.430743286025199,0.043584448811232,0.024224736978148,0.5,0.836752409107213,"hastings_powell_3sp_chaos"
298.2168,0.228749084518815,0.317335522804972,-0.478418115591158,0.0362872732380344,0.0186126738451454,0.5,0.8661801899863,"hastings_powell_3sp_chaos"
300.1152,0.342979594044353,0.236789888866319,-0.545906690916433,0.0388625761782601,0.0250842405428086,0.5,0.868018250636121,"hastings_powell_3sp_chaos"
302.0136,0.560352544424225,0.200281686039045,-0.590866318591676,0.0479709443055074,0.0340042080940104,0.5,0.850551351440694,"hastings_powell_3sp_chaos"
303.9162,0.738311268519729,0.187909859550301,-0.5902088935112,0.0540096920941778,0.0393914911236064,0.5,0.825104614451554,"hastings_powell_3sp_chaos"
305.8146,0.813124305978443,0.185825541053941,-0.558057829888409,0.0576688054313155,0.0426145896545315,0.5,0.798078269795906,"hastings_powell_3sp_chaos"
307.713,0.833879879980568,0.189198431907414,-0.508802822104958,0.0607206522340491,0.0443714519091096,0.5,0.772233417644395,"hastings_powell_3sp_chaos"
309.6114,0.835104694931774,0.196886434241672,-0.449266934847495,0.0636259653020858,0.0448946005285929,0.5,0.749132553488832,"hastings_powell_3sp_chaos"
311.514,0.828190181833987,0.2088635416141,-0.382916532235064,0.0661053326581143,0.044502247555507,0.5,0.72988659370029,"hastings_powell_3sp_chaos"
313.4124,0.815967039697951,0.225324560055367,-0.314568412715952,0.0671906803922577,0.0433547905268079,0.5,0.71556422601226,"hastings_powell_3sp_chaos"
315.3108,0.798680111280499,0.246583009006285,-0.256937354171617,0.0646267172884944,0.0400173767935094,0.5,0.707013917316459,"hastings_powell_3sp_chaos"
317.2092,0.775814200303615,0.272800880298376,-0.219377870758099,0.056560696038883,0.0322837153474287,0.5,0.705074193384447,"hastings_powell_3sp_chaos"
319.1118,0.746535026538385,0.303850833358938,-0.195325520213161,0.045243128862135,0.0215327584572595,0.5,0.710544760709439,"hastings_powell_3sp_chaos"
321.0102,0.710230656805787,0.33867344854399,-0.186890746148938,0.0361827822909134,0.0125095143101765,0.5,0.72407823133537,"hastings_powell_3sp_chaos"
322.9086,0.666482277215392,0.375190401186752,-0.199454985738788,0.0314977635031285,0.00755763395056434,0.5,0.74614253562911,"hastings_powell_3sp_chaos"
324.807,0.615948244519726,0.409481941470898,-0.230447071787254,0.0290580431617649,0.0048802068500694,0.5,0.776787759009854,"hastings_powell_3sp_chaos"
326.7096,0.561275922135771,0.435637253273046,-0.271713883427839,0.0261857178455792,0.00169985356679685,0.5,0.81541526189124,"hastings_powell_3sp_chaos"
328.608,0.509088137321279,0.446421175196889,-0.320693356409612,0.0218660311889822,-0.00285814454166821,0.5,0.859982355823329,"hastings_powell_3sp_chaos"
330.5064,0.470293891706875,0.436709840890067,-0.391687517408601,0.0172990426689292,-0.00658451629248527,0.5,0.907156369269331,"hastings_powell_3sp_chaos"
332.4048,0.459105754143751,0.407731639374638,-0.477824314953734,0.01438232832376,-0.0068126650119345,0.5,0.952163834359182,"hastings_powell_3sp_chaos"
334.3074,0.486780094619363,0.368119275920524,-0.559613637315311,0.0145409345972015,-0.00412450643342015,0.5,0.990144186680205,"hastings_powell_3sp_chaos"
336.2058,0.550900877441148,0.328154058632422,-0.629224952119321,0.0173439124791036,-0.000810771496787321,0.5,1.01753485107457,"hastings_powell_3sp_chaos"
338.1042,0.630927088435448,0.292530587790957,-0.68315464673063,0.0204974396515812,0.00208006663649732,0.5,1.03314973255805,"hastings_powell_3sp_chaos"
340.0026,0.702717672508555,0.261156199718283,-0.72114074227453,0.0234361418862716,0.00486827242209962,0.5,1.03691473699656,"hastings_powell_3sp_chaos"
341.9052,0.756824144641803,0.23287124675266,-0.745001504714543,0.0267512217842671,0.00819860888657686,0.5,1.02907831998449,"hastings_powell_3sp_chaos"
343.8036,0.795745636214768,0.207537429852456,-0.756356839764312,0.030957208807163,0.0124754522006403,0.5,1.01025401676515,"hastings_powell_3sp_chaos"
345.702,0.8245345617132,0.185507235214344,-0.757717754379549,0.0362933848343573,0.0178402511931967,0.5,0.981578316558626,"hastings_powell_3sp_chaos"
347.6004,0.846288839057043,0.167315173424877,-0.753848256058173,0.042694237496207,0.0241847554382458,0.5,0.944848090332704,"hastings_powell_3sp_chaos"
349.503,0.862566884203546,0.153276798641579,-0.736183081183664,0.0497932999375556,0.0311888673221676,0.5,0.902252109673326,"hastings_powell_3sp_chaos"
351.4014,0.8741003528626,0.143564674745091,-0.710025645739185,0.0568521043858454,0.0382547220698475,0.5,0.856460114497859,"hastings_powell_3sp_chaos"
353.2998,0.881441197089858,0.138121752627759,-0.668263285233347,0.0629506363303022,0.0446415287788,0.5,0.809762368246323,"hastings_powell_3sp_chaos"
355.1982,0.88492337700227,0.136926835075871,-0.610525256600581,0.0673449250118974,0.0496327676434186,0.5,0.764253078497472,"hastings_powell_3sp_chaos"
357.1008,0.884690059013818,0.140083592128736,-0.53916244259592,0.0706271978987055,0.0532500571439365,0.5,0.721583270059154,"hastings_powell_3sp_chaos"
358.9992,0.880662337365277,0.147865694339921,-0.463890530835546,0.0726154154522073,0.055766363778782,0.5,0.683352893127508,"hastings_powell_3sp_chaos"
360.8976,0.872487306489581,0.160813981504377,-0.386126252633944,0.0708225004545649,0.055452697847874,0.5,0.650615084752262,"hastings_powell_3sp_chaos"
362.796,0.859471322649734,0.179752151258275,-0.318583096610329,0.0872281005820722,0.0662517594443737,0.5,0.624358427354229,"hastings_powell_3sp_chaos"
364.6986,0.840451258730103,0.205854945413487,-0.263539120650114,0.0983468223686796,0.0755051270740682,0.5,0.605471361730732,"hastings_powell_3sp_chaos"
366.597,0.813861221138424,0.240327865660703,-0.20554081957463,0.0795744375029206,0.0578142458876385,0.5,0.594974905220686,"hastings_powell_3sp_chaos"
368.4954,0.777343470917403,0.2845029042297,-0.145673418835551,0.0671953943065789,0.0419479816661703,0.5,0.593823909881747,"hastings_powell_3sp_chaos"
370.3938,0.727757797226201,0.339009861943076,-0.0911689225710918,0.0647129402212825,0.0386367379027472,0.5,0.603095267986775,"hastings_powell_3sp_chaos"
372.2964,0.660959892783248,0.402593256038362,-0.159712085466673,0.0642681836164535,0.0383372302916499,0.5,0.623897206032012,"hastings_powell_3sp_chaos"
374.1948,0.572969521812026,0.468710877874397,-0.236627276300731,0.0653591694237098,0.0400814350885322,0.5,0.656846391984034,"hastings_powell_3sp_chaos"
376.0932,0.46161610999234,0.521486380256597,-0.305098250757231,0.0644847641113095,0.0402279394085363,0.5,0.701566369663058,"hastings_powell_3sp_chaos"
377.9958,0.334978756085633,0.530220671671445,-0.3653752037748,0.057651681833937,0.0350515690204494,0.5,0.754907892201854,"hastings_powell_3sp_chaos"
0,0.2445642,0.2500377,-0.470915835404751,0.0424006420668218,0.0298466190967394,0.6,0.8477652,"hastings_powell_3sp_chaos"
1.8984,0.435009427490395,0.193858003839561,-0.499610237118916,0.0551917534955538,0.0396423505313887,0.6,0.831363219831422,"hastings_powell_3sp_chaos"
3.7968,0.672648399536362,0.175034808895532,-0.489227396787398,0.0643601616628008,0.0464021591444107,0.6,0.802665521991123,"hastings_powell_3sp_chaos"
5.6952,0.801084967136138,0.17225437777035,-0.444576426804334,0.0697923313332014,0.0504042004588802,0.6,0.771439486258634,"hastings_powell_3sp_chaos"
7.5978,0.83976683347074,0.176903783224965,-0.387494587540187,0.0734246323238827,0.0532152077640521,0.6,0.741820260466986,"hastings_powell_3sp_chaos"
9.4962,0.844284168596641,0.186783706100031,-0.337972027631594,0.0728813501675588,0.0529343068466458,0.6,0.715886992303096,"hastings_powell_3sp_chaos"
11.3946,0.8364205404677,0.201714620146979,-0.295497710229444,0.0636709196649985,0.0453833909755003,0.6,0.69482007572395,"hastings_powell_3sp_chaos"
13.293,0.821610341455704,0.222083341374122,-0.255605891062936,0.049061555900564,0.0326468824770441,0.6,0.679641430758681,"hastings_powell_3sp_chaos"
15.1956,0.800426055072905,0.248473104535283,-0.223087316682373,0.042048124386548,0.0232075213813971,0.6,0.671281629737192,"hastings_powell_3sp_chaos"
17.094,0.772159197602492,0.281147744639039,-0.206969718697448,0.0400996276872715,0.0195345024738647,0.6,0.670690068667486,"hastings_powell_3sp_chaos"
18.9924,0.735451446827353,0.320026433891756,-0.212321551547331,0.0386803821542609,0.0177392726663276,0.6,0.678720365858518,"hastings_powell_3sp_chaos"
20.8908,0.688855635883661,0.363842050088301,-0.237688361432141,0.0367527630698748,0.016028775739712,0.6,0.696155476464483,"hastings_powell_3sp_chaos"
22.7934,0.631189756523207,0.409323821614886,-0.277760828682768,0.0349039917837434,0.0148635154282496,0.6,0.723579658223461,"hastings_powell_3sp_chaos"
24.6918,0.563208580145382,0.44958178940289,-0.324693909778578,0.0329407314962365,0.0137810359243975,0.6,0.760763269824624,"hastings_powell_3sp_chaos"
26.5902,0.489090655363301,0.474119965860662,-0.372725081584044,0.0294050400781889,0.010901856336181,0.6,0.806415988998947,"hastings_powell_3sp_chaos"
28.4886,0.420289043160932,0.470864222473635,-0.420012845462678,0.0248509732349386,0.00633110981807778,0.6,0.857112485848479,"hastings_powell_3sp_chaos"
30.3912,0.377315789549583,0.434833993852102,-0.473026493878597,0.0216395856183808,0.00307254250466408,0.6,0.906853952940045,"hastings_powell_3sp_chaos"
32.2896,0.38509350872409,0.378472643602497,-0.540240773118069,0.0201689251779992,0.00374751596239914,0.6,0.947794969632906,"hastings_powell_3sp_chaos"
34.188,0.457432762508213,0.324058504774494,-0.606409017178079,0.020188149776982,0.0078875965235617,0.6,0.974702026492796,"hastings_powell_3sp_chaos"
36.0864,0.573567593537569,0.283490481499591,-0.655712720546888,0.0230169927606595,0.01264247648338,0.6,0.987198705104964,"hastings_powell_3sp_chaos"
37.989,0.681155910508565,0.254613223858743,-Inf,0.0285620243728636,0.016995160005337,0.6,0.987822639906671,"hastings_powell_3sp_chaos"
39.8874,0.751044816325143,0.232254173785825,-0.673893092211058,0.0339029548540518,0.0212784995882146,0.6,0.978952767325952,"hastings_powell_3sp_chaos"
41.7858,0.791432104561076,0.213495957315174,-0.673893092211058,0.039197968454014,0.0258009659591495,0.6,0.962138852389243,"hastings_powell_3sp_chaos"
43.6842,0.816306528611432,0.197596631482488,-Inf,0.0446402677316479,0.030576414414314,0.6,0.938626643129727,"hastings_powell_3sp_chaos"
45.5868,0.833366623524929,0.184628119378584,-0.652095229340659,0.0502245694521945,0.0354403640102653,0.6,0.909715935328024,"hastings_powell_3sp_chaos"
47.4852,0.845526080894944,0.174916602249708,-0.614453959799272,0.0557767955107587,0.0400937247961741,0.6,0.877111879466587,"hastings_powell_3sp_chaos"
49.3836,0.853836825136041,0.168658796764839,-0.574475725264704,0.0610561773102162,0.0442592713437547,0.6,0.84244654749418,"hastings_powell_3sp_chaos"
51.282,0.858626457240494,0.166032032690737,-0.521404400515345,0.0658151191549127,0.0478042640511856,0.6,0.80739666889606,"hastings_powell_3sp_chaos"
53.1846,0.859973291593622,0.167220801154776,-0.459743152008612,0.070166409657535,0.0509752766480018,0.6,0.773451822192863,"hastings_powell_3sp_chaos"
55.083,0.857798357312603,0.17245661307196,-0.397345099321843,0.0741082473610262,0.0540632569344683,0.6,0.742161443988794,"hastings_powell_3sp_chaos"
56.9814,0.851876129955321,0.182077659481878,-0.345273036531104,0.0748011458072072,0.0549590138772087,0.6,0.714676710818044,"hastings_powell_3sp_chaos"
58.8798,0.841781005153207,0.196548702815979,-0.30102093854775,0.0664793894836745,0.048349077866344,0.6,0.692085010967162,"hastings_powell_3sp_chaos"
60.7824,0.826815325892029,0.216497728161836,-0.258615518331051,0.0511840034807681,0.0352593781622805,0.6,0.67534772893076,"hastings_powell_3sp_chaos"
62.6808,0.806113039281662,0.242460829515608,-0.222360031927129,0.0442060196207636,0.0252904512223911,0.6,0.665480986443182,"hastings_powell_3sp_chaos"
64.5792,0.778418758002817,0.274980440134073,-0.201604043736302,0.0424074951056449,0.0216063463974663,0.6,0.663363534493442,"hastings_powell_3sp_chaos"
66.4776,0.742224174697459,0.31411062947688,-0.20395054926663,0.0411295511378565,0.0199595902556044,0.6,0.669901966485048,"hastings_powell_3sp_chaos"
68.3802,0.695758559753517,0.358950349870112,-0.22876131188928,0.03926532988858,0.0182892977073208,0.6,0.685977538519549,"hastings_powell_3sp_chaos"
70.2786,0.6378370910723,0.406230491515155,-0.269473993007407,0.0374599010644391,0.0171775434941823,0.6,0.71212386916701,"hastings_powell_3sp_chaos"
72.177,0.56829526186673,0.449555515955854,-0.317371924689639,0.0356515411734829,0.0164127974924519,0.6,0.748400893729921,"hastings_powell_3sp_chaos"
74.0754,0.490618755061052,0.477990592909503,-0.366247702483677,0.0320915429796988,0.0138782838265783,0.6,0.793661082463761,"hastings_powell_3sp_chaos"
75.978,0.415439506619778,0.477918193068077,-0.413844960463977,0.0268768472591835,0.00912353956797594,0.6,0.844757594648578,"hastings_powell_3sp_chaos"
77.8764,0.364169030562667,0.44200287149894,-0.463745057509016,0.0231625246220868,0.00515784291151572,0.6,0.895253135561253,"hastings_powell_3sp_chaos"
79.7748,0.363821693510472,0.381915367786088,-0.526493743107838,0.0216738140444019,0.00512036165620794,0.6,0.937028008165447,"hastings_powell_3sp_chaos"
81.6774,0.433432152700485,0.323005084827175,-0.593673821023864,0.0218866532631335,0.00936041709407722,0.6,0.963987578990984,"hastings_powell_3sp_chaos"
83.5758,0.55631282977523,0.280429178348723,-0.644050286719465,0.0251476095833851,0.014519522065465,0.6,0.975581222077432,"hastings_powell_3sp_chaos"
85.4742,0.674197652989378,0.251881877093279,-0.665848149589864,0.0309002069151474,0.0190408334824076,0.6,0.975097621270206,"hastings_powell_3sp_chaos"
87.3726,0.749878218393291,0.230900952753401,-0.673893092211058,0.0361979255229773,0.0232879293054583,0.6,0.965541590201416,"hastings_powell_3sp_chaos"
89.2752,0.791371960927332,0.213843943303154,-Inf,0.0413406057165701,0.0276424907514575,0.6,0.948719470498846,"hastings_powell_3sp_chaos"
91.1736,0.815266958735144,0.199705603186179,-0.673893092211058,0.0465414584071809,0.0321324568553355,0.6,0.926038656747365,"hastings_powell_3sp_chaos"
93.072,0.830848804577221,0.18840469554339,-0.632634331463442,0.0517951417951856,0.0366093892551324,0.6,0.898789761737121,"hastings_powell_3sp_chaos"
94.9704,0.841614116704791,0.180161552218723,-0.601718763645058,0.0569467725249065,0.0408189497933343,0.6,0.868423273127037,"hastings_powell_3sp_chaos"
96.873,0.848703308910162,0.175196389154643,-0.558831730019381,0.0617729312505177,0.0445144418282891,0.6,0.83640019592537,"hastings_powell_3sp_chaos"
98.7714,0.852403925242986,0.173731172160632,-0.505751710335989,0.0660446745209585,0.0475564088839244,0.6,0.804382331201492,"hastings_powell_3sp_chaos"
100.6698,0.852769313678413,0.175957220031586,-0.445485836475354,0.0696866731298134,0.0500213397103305,0.6,0.773724418650576,"hastings_powell_3sp_chaos"
102.5682,0.84967916892188,0.182130601412406,-0.384211142077037,0.0720296811333938,0.0515962143602926,0.6,0.745717405634976,"hastings_powell_3sp_chaos"
104.4708,0.842846275507353,0.192616868617466,-0.333508250336421,0.0702918784256751,0.050005444665328,0.6,0.721466930974672,"hastings_powell_3sp_chaos"
106.3692,0.831859748634475,0.20779665986717,-0.292813511722129,0.0611762983080636,0.0421677238802709,0.6,0.702121181439087,"hastings_powell_3sp_chaos"
108.2676,0.81606710228452,0.228173766591459,-0.25639824100453,0.0474668791607377,0.0300956377632595,0.6,0.688580228694416,"hastings_powell_3sp_chaos"
110.166,0.794604802744144,0.254204186196113,-0.228369626915185,0.0391713563966923,0.020641278001187,0.6,0.681754115942874,"hastings_powell_3sp_chaos"
112.0686,0.766321220071305,0.286203999504663,-0.216067004661916,0.036452835780975,0.0163721492199179,0.6,0.682532847547043,"hastings_powell_3sp_chaos"
113.967,0.730108104038946,0.323706036307499,-0.222894265736548,0.0348133234048996,0.0142649333468808,0.6,0.691746973657993,"hastings_powell_3sp_chaos"
115.8654,0.684741269170722,0.365305375736796,-0.24736012948558,0.0328956557763501,0.012494677411964,0.6,0.7100989335653,"hastings_powell_3sp_chaos"
117.7638,0.629628376461902,0.407546138335636,-0.285257964298185,0.0310996427858278,0.0112043589383276,0.6,0.737997579347023,"hastings_powell_3sp_chaos"
119.6664,0.565708672940654,0.444129674337776,-0.33027369981581,0.0292192358736057,0.00982294949994997,0.6,0.775305507323317,"hastings_powell_3sp_chaos"
121.5648,0.498056829154186,0.465433791400854,-0.376734000739061,0.0262092603477147,0.00692129032089557,0.6,0.820434166365186,"hastings_powell_3sp_chaos"
123.4632,0.437680893730408,0.461657830612531,-0.424013767073255,0.022529728066052,0.00293706851415858,0.6,0.870138657022614,"hastings_powell_3sp_chaos"
125.3616,0.403025002779779,0.429722143653028,-0.482411197547856,0.0196562396813296,0.000517597698418891,0.6,0.918852787844384,"hastings_powell_3sp_chaos"
127.2642,0.414838127052106,0.380046527714845,-0.553568361356065,0.0179882966926532,0.00153111752820743,0.6,0.959983037932834,"hastings_powell_3sp_chaos"
129.1626,0.482341314052441,0.330646357068446,-0.618573788465507,0.0175655173935885,0.00518194244100863,0.6,0.98855402045303,"hastings_powell_3sp_chaos"
131.061,0.585136364665226,0.291221938717727,-0.665848149589864,0.0194175940076967,0.00941260108949689,0.6,1.00374481682008,"hastings_powell_3sp_chaos"
132.9594,0.680938884064934,0.260879890531482,-0.687646012460263,0.0245959537053747,0.0135559176390167,0.6,1.00701002577313,"hastings_powell_3sp_chaos"
134.862,0.747263652670241,0.235845287649374,-0.687646012460263,0.0300495416127284,0.0178914915141938,0.6,0.99989945527925,"hastings_powell_3sp_chaos"
136.7604,0.788793875677834,0.214191321599039,-Inf,0.0355535983686584,0.0226293420127588,0.6,0.983600952640444,"hastings_powell_3sp_chaos"
138.6588,0.816279671909684,0.195465404457018,-Inf,0.0412818985629351,0.0277721793631322,0.6,0.959250614513594,"hastings_powell_3sp_chaos"
140.5572,0.835961878028962,0.179924006652846,-0.673893092211058,0.0472361713513942,0.0331358935468363,0.6,0.928295564913549,"hastings_powell_3sp_chaos"
142.4598,0.850473955918998,0.167872847586567,-0.641959800297683,0.0533118559031163,0.0384287701785646,0.6,0.892429125334605,"hastings_powell_3sp_chaos"
144.3582,0.86073674822693,0.159586403149705,-0.597927985137862,0.0592122458797727,0.0432739591716941,0.6,0.853768223332716,"hastings_powell_3sp_chaos"
146.2566,0.867194145933734,0.155161836075937,-0.547303359336063,0.0645284794012128,0.0474455209739203,0.6,0.814184370856826,"hastings_powell_3sp_chaos"
148.155,0.870028459849337,0.154711690268104,-0.485643632524395,0.069288933441521,0.0511665095802054,0.6,0.775472074413228,"hastings_powell_3sp_chaos"
150.0576,0.869259192496677,0.158428046625905,-0.421187587990014,0.0748867255562554,0.0556247562509448,0.6,0.739127022676199,"hastings_powell_3sp_chaos"
151.956,0.864737249253466,0.166605358922473,-0.365789734000223,0.0802243601859272,0.0607888508315081,0.6,0.706655826808488,"hastings_powell_3sp_chaos"
153.8544,0.856092763008875,0.179730053937574,-0.317714730381088,0.0759201961276166,0.058044601417526,0.6,0.679128349519599,"hastings_powell_3sp_chaos"
155.757,0.842647675044753,0.198518581099667,-0.26849684484663,0.0579135563107549,0.0434500242687362,0.6,0.65752803896401,"hastings_powell_3sp_chaos"
157.6554,0.823488044330788,0.223711207378864,-0.219845251210639,0.0512377255954003,0.0316163318279073,0.6,0.64291164225502,"hastings_powell_3sp_chaos"
159.5538,0.797225190615005,0.256202345020014,-0.177217666529915,0.0498002919198584,0.028265610280035,0.6,0.636175415741281,"hastings_powell_3sp_chaos"
161.4522,0.762048552677032,0.296610944836564,-0.161098878580153,0.0489136486721459,0.027188758620197,0.6,0.638290812321065,"hastings_powell_3sp_chaos"
163.3548,0.715594166539871,0.344847650565869,-0.194211418729791,0.0474373881198485,0.0258128662918213,0.6,0.650265803401905,"hastings_powell_3sp_chaos"
165.2532,0.655593635638447,0.39855997733008,-0.246021070914721,0.0461856366444583,0.0250898132176359,0.6,0.672898562834279,"hastings_powell_3sp_chaos"
167.1516,0.580056344362842,0.451905419823065,-0.299638608724126,0.0456090898560226,0.0257176549886021,0.6,0.706631215565643,"hastings_powell_3sp_chaos"
169.05,0.489860872525671,0.492697647192681,-0.350792574267162,0.0432336969781922,0.0250388901864508,0.6,0.750829583215934,"hastings_powell_3sp_chaos"
170.9526,0.39344846910111,0.501799947283155,-0.398244424137362,0.0366691327528557,0.0208727235199841,0.6,0.802729079350471,"hastings_powell_3sp_chaos"
172.851,0.314521811221574,0.462117611019027,-0.44307530522363,0.0298477868238018,0.0158323657975708,0.6,0.855305556488086,"hastings_powell_3sp_chaos"
174.7494,0.289002632646957,0.383093312541079,-0.488691710113787,0.0280243391147276,0.0131643629063987,0.6,0.897827581291993,"hastings_powell_3sp_chaos"
176.6478,0.350309698906491,0.304988503784884,-0.54735386747494,0.0296519014907415,0.0170559213951359,0.6,0.920956011730348,"hastings_powell_3sp_chaos"
178.5504,0.501296862263027,0.254975228629357,-0.59880996455395,0.0364302919633785,0.0241930852012185,0.6,0.924576655161692,"hastings_powell_3sp_chaos"
180.4488,0.663651956322954,0.22899197886458,-0.620161937427284,0.0434828871146729,0.0296252128636682,0.6,0.915356636356446,"hastings_powell_3sp_chaos"
182.3472,0.76084958741243,0.214904023291449,-0.615471683894264,0.048615759183125,0.0337035163898107,0.6,0.89914747012126,"hastings_powell_3sp_chaos"
184.2456,0.802987338381387,0.206322228699385,-0.596674435502514,0.0528957693945269,0.0371087502978414,0.6,0.8790861950066,"hastings_powell_3sp_chaos"
186.1482,0.820141236694722,0.201135882609423,-0.568181263465233,0.0566821285466463,0.0399921167800921,0.6,0.856873324256377,"hastings_powell_3sp_chaos"
188.0466,0.827248805017349,0.198904233564313,-0.532212686180111,0.0598980042417429,0.0422224078518267,0.6,0.833900372583055,"hastings_powell_3sp_chaos"
189.945,0.829455946117677,0.199640301912489,-0.489478822629469,0.0623070898356317,0.0435834592629512,0.6,0.811268871071364,"hastings_powell_3sp_chaos"
191.8434,0.828187925331156,0.203505441492623,-0.441861137779088,0.0634876970173998,0.0437404754711059,0.6,0.790054768461879,"hastings_powell_3sp_chaos"
193.746,0.823685332675311,0.210719872355337,-0.39056948796429,0.0627548589683423,0.0421408449189482,0.6,0.771226650107768,"hastings_powell_3sp_chaos"
195.6444,0.815834997091494,0.221462283719702,-0.337527239382032,0.0593215285681683,0.0381085903963509,0.6,0.755803353558769,"hastings_powell_3sp_chaos"
197.5428,0.804335595944241,0.235934711528813,-0.285398475897482,0.0529451474231919,0.0313990790869163,0.6,0.744603081466008,"hastings_powell_3sp_chaos"
199.4412,0.788800815851475,0.254250037911088,-0.238488747112189,0.0445900297120135,0.022891062478433,0.6,0.738421467609643,"hastings_powell_3sp_chaos"
201.3438,0.768751942057851,0.276396485475618,-0.200695475668466,0.0362589636123145,0.0144962005311353,0.6,0.737991376431593,"hastings_powell_3sp_chaos"
203.2422,0.743883949243011,0.301873950920336,-0.175775139898797,0.0299132460384009,0.00812735006840698,0.6,0.743956948916875,"hastings_powell_3sp_chaos"
205.1406,0.713950683421583,0.329764735976011,-0.185097967392589,0.0260505631555761,0.00426295612121783,0.6,0.756820495785443,"hastings_powell_3sp_chaos"
207.039,0.679195611944482,0.35828013434274,-0.23032439127924,0.0239392670521437,0.00216881315802877,0.6,0.776873064901874,"hastings_powell_3sp_chaos"
208.9416,0.640652175797702,0.384642001940904,-0.287879440817526,0.0225915990866238,0.000880942068935999,0.6,0.804110672845528,"hastings_powell_3sp_chaos"
210.84,0.601090876860303,0.404900916080325,-0.352126901837759,0.0211875095546361,-0.000333368764180376,0.6,0.837773776966343,"hastings_powell_3sp_chaos"
212.7384,0.565110452296814,0.414954191837081,-0.419275144232768,0.01927211749377,-0.00171253534871827,0.6,0.876479117775516,"hastings_powell_3sp_chaos"
214.6368,0.539601787050475,0.41178747759593,-0.485877335018051,0.0169160712623535,-0.00285445627696713,0.6,0.917839389737009,"hastings_powell_3sp_chaos"
216.5394,0.532445825102112,0.39528415758984,-0.549621283976648,0.0145153081783043,-0.00313667055554641,0.6,0.958708437569783,"hastings_powell_3sp_chaos"
218.4378,0.549267683154527,0.368902936736481,-0.607866698763036,0.0125210859951162,-0.00227774365215573,0.6,0.995326396329455,"hastings_powell_3sp_chaos"
220.3362,0.5889996437967,0.337530098315262,-0.65780320696867,0.0113169264273007,-0.000402753854336089,0.6,1.02460119293043,"hastings_powell_3sp_chaos"
222.2346,0.642554269921927,0.304930018734711,-0.701398932709469,0.0115481340810363,0.00229396222353191,0.6,1.04419695124115,"hastings_powell_3sp_chaos"
224.1372,0.697893518836405,0.272854976555602,NA,0.0157710845081651,0.00577633008269123,0.6,1.05261136315401,"hastings_powell_3sp_chaos"
226.0356,0.746666907945551,0.242301846352402,NA,0.021309553115989,0.0100739620893999,0.6,1.0489740433803,"hastings_powell_3sp_chaos"
227.934,0.786684040090689,0.214016357278096,NA,0.0271266835477259,0.0151994842233957,0.6,1.03320902856639,"hastings_powell_3sp_chaos"
229.8366,0.818661227565597,0.188878362624457,-0.687646012460263,0.0332724297288808,0.0210758639116419,0.6,1.00602690850114,"hastings_powell_3sp_chaos"
231.735,0.843644196104505,0.167797492868669,-0.687646012460263,0.0397540522485798,0.0274712348003408,0.6,0.969255591444227,"hastings_powell_3sp_chaos"
233.6334,0.862676274813786,0.151179502882308,-0.652095229340659,0.0466227953381789,0.0340499280960551,0.6,0.925262414150481,"hastings_powell_3sp_chaos"
235.5318,0.876512707042019,0.13915100685303,-0.62631580505236,0.0537517168715254,0.0403141565798556,0.6,0.876795713634525,"hastings_powell_3sp_chaos"
237.4344,0.885792535912277,0.131617054708127,-0.594746583350656,0.0603273332164559,0.0457399842408248,0.6,0.826445414013568,"hastings_powell_3sp_chaos"
239.3328,0.890960587687413,0.12848393283134,-0.53987316960217,0.0643374716385254,0.0497658266162994,0.6,0.776828807557302,"hastings_powell_3sp_chaos"
241.2312,0.892341111436964,0.129701733496892,-0.475042491648299,0.067479550957546,0.0516428293853142,0.6,0.729803905317254,"hastings_powell_3sp_chaos"
243.1296,0.88999690938284,0.135441507488678,-0.41210471644376,0.079603132015002,0.0608755370454765,0.6,0.686926591152633,"hastings_powell_3sp_chaos"
245.0322,0.883688791529934,0.146172491796588,-0.362206568499406,0.0926431578618756,0.0730217379172587,0.6,0.64934507784525,"hastings_powell_3sp_chaos"
246.9306,0.872883699677225,0.1626060537927,-0.306329928484902,0.0738028487682439,0.057433044404911,0.6,0.618230004443462,"hastings_powell_3sp_chaos"
248.829,0.856593748720874,0.185863838004925,-0.244472836387078,0.0524041121943525,0.0340091040798023,0.6,0.594386368366412,"hastings_powell_3sp_chaos"
250.7274,0.833305129113527,0.217378513201945,-0.20202549288443,0.0507346207211678,0.0293477101471202,0.6,0.578701140514347,"hastings_powell_3sp_chaos"
252.63,0.800718418746964,0.258881014538452,-0.212564422200511,0.0501293693482645,0.0287806630077278,0.6,0.572128449864397,"hastings_powell_3sp_chaos"
254.5284,0.75584140338954,0.311593280753195,-0.220856873370639,0.0492160060756547,0.0277904582085615,0.6,0.575766110620883,"hastings_powell_3sp_chaos"
256.4268,0.694362927056795,0.37571163947188,-0.235862435388776,0.0486940712143696,0.0272340580631765,0.6,0.59072550682294,"hastings_powell_3sp_chaos"
258.3252,0.610971078092517,0.447647923914108,-0.291411233114633,0.0505409490710519,0.0301692669271093,0.6,0.618009257071643,"hastings_powell_3sp_chaos"
260.2278,0.500342109457194,0.515244049294024,-0.344854123319184,0.0534766979138124,0.0353244574683634,0.6,0.65801717566031,"hastings_powell_3sp_chaos"
262.1262,0.364384362695959,0.548989125879159,-0.385575307122261,0.0521480297805164,0.0366750643440468,0.6,0.708725215088103,"hastings_powell_3sp_chaos"
264.0246,0.229166000535928,0.502365414423028,-0.415598733846803,0.0485402981743942,0.0363640950616492,0.6,0.762930200509311,"hastings_powell_3sp_chaos"
265.923,0.155167350053734,0.36699518200043,-0.431716354534442,0.0470813413882437,0.0369855738091115,0.6,0.803645696240165,"hastings_powell_3sp_chaos"
267.8256,0.18578399583928,0.234959814673382,-0.432221728031571,0.0447926213400757,0.0333301975823344,0.6,0.811772061371313,"hastings_powell_3sp_chaos"
269.724,0.362625404917463,0.169035340686661,-0.454513840601056,0.0566813441855007,0.0427617414254286,0.6,0.7887364730664,"hastings_powell_3sp_chaos"
271.6224,0.639787194576546,0.149458798906852,-0.447485171925732,0.0674095641288845,0.0507669876214554,0.6,0.752050015691322,"hastings_powell_3sp_chaos"
273.5208,0.807427865890166,0.149112289945199,-0.404742088782179,0.0769629874192933,0.0582186298339864,0.6,0.71398339643728,"hastings_powell_3sp_chaos"
275.4234,0.856113322491555,0.157395992716679,-0.358983314194912,0.0861953516051536,0.0671372986623426,0.6,0.679295881976973,"hastings_powell_3sp_chaos"
277.3218,0.859775324745817,0.171939745537629,-0.30899826772001,0.0767082752243734,0.0599615406148457,0.6,0.650102160154512,"hastings_powell_3sp_chaos"
279.2202,0.848041915858093,0.192919819692021,-0.253872889560376,0.0564443902548034,0.0404254476176507,0.6,0.627490243658104,"hastings_powell_3sp_chaos"
281.1186,0.82751834614121,0.221263000224517,-0.194326952219059,0.0537195555610868,0.032381228569619,0.6,0.612439423625724,"hastings_powell_3sp_chaos"
283.0212,0.798219031062496,0.258212151210686,-0.161445400066382,0.0529556263149913,0.0312244201502784,0.6,0.60591781703013,"hastings_powell_3sp_chaos"
284.9196,0.758301420779348,0.304537741798472,-0.169364255289059,0.0520973651279177,0.0303556364154154,0.6,0.608981474074056,"hastings_powell_3sp_chaos"
286.818,0.70469834608015,0.360205797620919,-0.200236485122513,0.0510026414677734,0.0293203042913689,0.6,0.622660189368813,"hastings_powell_3sp_chaos"
288.7164,0.633780938417716,0.42242259699826,-0.263717133233972,0.0511820625441067,0.0301671028011667,0.6,0.647879936245172,"hastings_powell_3sp_chaos"
290.619,0.542165936843119,0.482774580920581,-0.320221191336732,0.0522564756139035,0.03281732816399,0.6,0.685114908854059,"hastings_powell_3sp_chaos"
292.5174,0.431187261701582,0.522255974937201,-0.368304961913597,0.0500987232524417,0.0328889434120157,0.6,0.73307093741442,"hastings_powell_3sp_chaos"
294.4158,0.314989806203777,0.511131482171696,-0.409365805394283,0.0432929373255735,0.0296191204977696,0.6,0.787220798205826,"hastings_powell_3sp_chaos"
296.3142,0.23179076518885,0.430237520628764,-0.444799986248644,0.0365055510925517,0.0267965056379868,0.6,0.836752409107213,"hastings_powell_3sp_chaos"
298.2168,0.228749084518815,0.317335522804972,-0.472853124976811,0.0364778777073459,0.0240499167697225,0.6,0.8661801899863,"hastings_powell_3sp_chaos"
300.1152,0.342979594044353,0.236789888866319,-0.515256056094177,0.0438885537548424,0.0307826298084797,0.6,0.868018250636121,"hastings_powell_3sp_chaos"
302.0136,0.560352544424225,0.200281686039045,-0.536953861920253,0.055011959938858,0.0390620256098437,0.6,0.850551351440694,"hastings_powell_3sp_chaos"
303.9162,0.738311268519729,0.187909859550301,-0.51976550750366,0.0615708485508801,0.0438531533799349,0.6,0.825104614451554,"hastings_powell_3sp_chaos"
305.8146,0.813124305978443,0.185825541053941,-0.476756194854642,0.065597766596232,0.0465360775867372,0.6,0.798078269795906,"hastings_powell_3sp_chaos"
307.713,0.833879879980568,0.189198431907414,-0.421374726296585,0.0679510403490012,0.0477673056672602,0.6,0.772233417644395,"hastings_powell_3sp_chaos"
309.6114,0.835104694931774,0.196886434241672,-0.3625830030295,0.067838855116046,0.0469604494132888,0.6,0.749132553488832,"hastings_powell_3sp_chaos"
311.514,0.828190181833987,0.2088635416141,-0.313455019676835,0.0634060986310365,0.042463032560914,0.6,0.72988659370029,"hastings_powell_3sp_chaos"
313.4124,0.815967039697951,0.225324560055367,-0.278289012191243,0.0539953705342268,0.0335743963679948,0.6,0.71556422601226,"hastings_powell_3sp_chaos"
315.3108,0.798680111280499,0.246583009006285,-0.251110188214859,0.0425253998693641,0.0227718244011429,0.6,0.707013917316459,"hastings_powell_3sp_chaos"
317.2092,0.775814200303615,0.272800880298376,-0.234130216902881,0.0340524689139519,0.0142872194313579,0.6,0.705074193384447,"hastings_powell_3sp_chaos"
319.1118,0.746535026538385,0.303850833358938,-0.231708406529678,0.0298429972727551,0.00962618668854086,0.6,0.710544760709439,"hastings_powell_3sp_chaos"
321.0102,0.710230656805787,0.33867344854399,-0.244898036636206,0.0276025294706594,0.00712908192188188,0.6,0.72407823133537,"hastings_powell_3sp_chaos"
322.9086,0.666482277215392,0.375190401186752,-0.271727106508416,0.0260203442152714,0.00549796933919399,0.6,0.74614253562911,"hastings_powell_3sp_chaos"
324.807,0.615948244519726,0.409481941470898,-0.308122124157914,0.0248106285016973,0.00424286487507792,0.6,0.776787759009854,"hastings_powell_3sp_chaos"
326.7096,0.561275922135771,0.435637253273046,-0.349181303434932,0.0233120396050808,0.00255176539522896,0.6,0.81541526189124,"hastings_powell_3sp_chaos"
328.608,0.509088137321279,0.446421175196889,-0.39431726851081,0.0209877420598261,4.1089780071387e-05,0.6,0.859982355823329,"hastings_powell_3sp_chaos"
330.5064,0.470293891706875,0.436709840890067,-0.456117095062848,0.018241579678253,-0.0022076066040849,0.6,0.907156369269331,"hastings_powell_3sp_chaos"
332.4048,0.459105754143751,0.407731639374638,-0.529156776016445,0.0157899822962422,-0.00265940627030539,0.6,0.952163834359182,"hastings_powell_3sp_chaos"
334.3074,0.486780094619363,0.368119275920524,-0.597187158343464,0.0140639704077703,-0.000970400673113661,0.6,0.990144186680205,"hastings_powell_3sp_chaos"
336.2058,0.550900877441148,0.328154058632422,-0.654744661734003,0.0133988471079366,0.00200960027926687,0.6,1.01753485107457,"hastings_powell_3sp_chaos"
338.1042,0.630927088435448,0.292530587790957,-0.687646012460263,0.014992000573417,0.0055183328371104,0.6,1.03314973255805,"hastings_powell_3sp_chaos"
340.0026,0.702717672508555,0.261156199718283,-0.701398932709469,0.0201526427735976,0.00946027152806876,0.6,1.03691473699656,"hastings_powell_3sp_chaos"
341.9052,0.756824144641803,0.23287124675266,NA,0.0257774499486086,0.0140093706260882,0.6,1.02907831998449,"hastings_powell_3sp_chaos"
343.8036,0.795745636214768,0.207537429852456,-Inf,0.0316057115795453,0.0192169204245958,0.6,1.01025401676515,"hastings_powell_3sp_chaos"
345.702,0.8245345617132,0.185507235214344,-0.687646012460263,0.0377364189270607,0.0250037446470374,0.6,0.981578316558626,"hastings_powell_3sp_chaos"
347.6004,0.846288839057043,0.167315173424877,-Inf,0.0441857419801729,0.031135602425388,0.6,0.944848090332704,"hastings_powell_3sp_chaos"
349.503,0.862566884203546,0.153276798641579,-0.638342309091454,0.0509082539587152,0.0372532991307576,0.6,0.902252109673326,"hastings_powell_3sp_chaos"
351.4014,0.8741003528626,0.143564674745091,-0.610836468593043,0.0575482711847213,0.0428604511722355,0.6,0.856460114497859,"hastings_powell_3sp_chaos"
353.2998,0.881441197089858,0.138121752627759,-0.565994693224487,0.0631681477428447,0.0475563468299038,0.6,0.809762368246323,"hastings_powell_3sp_chaos"
355.1982,0.88492337700227,0.136926835075871,-0.504719458695165,0.0670387297933153,0.0511176864243758,0.6,0.764253078497472,"hastings_powell_3sp_chaos"
357.1008,0.884690059013818,0.140083592128736,-0.437973533812787,0.0733844737309126,0.0554121534035499,0.6,0.721583270059154,"hastings_powell_3sp_chaos"
358.9992,0.880662337365277,0.147865694339921,-0.382600576553276,0.0854852023739631,0.0663353468739379,0.6,0.683352893127508,"hastings_powell_3sp_chaos"
360.8976,0.872487306489581,0.160813981504377,-0.331772995060804,0.0856514606579385,0.0672231424219528,0.6,0.650615084752262,"hastings_powell_3sp_chaos"
362.796,0.859471322649734,0.179752151258275,-0.275883237876858,0.0598708586032215,0.0466434356394925,0.6,0.624358427354229,"hastings_powell_3sp_chaos"
364.6986,0.840451258730103,0.205854945413487,-0.21501109139158,0.0539365211498214,0.0332226302722706,0.6,0.605471361730732,"hastings_powell_3sp_chaos"
366.597,0.813861221138424,0.240327865660703,-0.180988409705861,0.0528991168385842,0.0312671573758356,0.6,0.594974905220686,"hastings_powell_3sp_chaos"
368.4954,0.777343470917403,0.2845029042297,-0.19083491229615,0.0522449388146457,0.030611718937081,0.6,0.593823909881747,"hastings_powell_3sp_chaos"
370.3938,0.727757797226201,0.339009861943076,-0.198996470402063,0.0511927013585197,0.0295174480760128,0.6,0.603095267986775,"hastings_powell_3sp_chaos"
372.2964,0.660959892783248,0.402593256038362,-0.246344318496718,0.0510935705708628,0.0297477117762212,0.6,0.623897206032012,"hastings_powell_3sp_chaos"
374.1948,0.572969521812026,0.468710877874397,-0.306176144555176,0.0528469165751174,0.0329207705873103,0.6,0.656846391984034,"hastings_powell_3sp_chaos"
376.0932,0.46161610999234,0.521486380256597,-0.356138319096239,0.0530676607353374,0.0352586449993319,0.6,0.701566369663058,"hastings_powell_3sp_chaos"
377.9958,0.334978756085633,0.530220671671445,-0.396765762907474,0.0481551053294234,0.033532753884462,0.6,0.754907892201854,"hastings_powell_3sp_chaos"
0,0.2445642,0.2500377,-0.409624822177589,0.0469802003773652,0.0329044843899711,0.7,0.8477652,"hastings_powell_3sp_chaos"
1.8984,0.435009427490395,0.193858003839561,-0.421579132064309,0.059927340693258,0.0431531438180005,0.7,0.831363219831422,"hastings_powell_3sp_chaos"
3.7968,0.672648399536362,0.175034808895532,-0.408434122534432,0.0655475115063752,0.0481716582874348,0.7,0.802665521991123,"hastings_powell_3sp_chaos"
5.6952,0.801084967136138,0.17225437777035,-0.380454805410063,0.0630627872686691,0.0465875791322336,0.7,0.771439486258634,"hastings_powell_3sp_chaos"
7.5978,0.83976683347074,0.176903783224965,-0.346205691391744,0.0517395839634778,0.0386805554010617,0.7,0.741820260466986,"hastings_powell_3sp_chaos"
9.4962,0.844284168596641,0.186783706100031,-0.310408135060119,0.0363747819227727,0.0281894685930485,0.7,0.715886992303096,"hastings_powell_3sp_chaos"
11.3946,0.8364205404677,0.201714620146979,-0.279924916044078,0.033816972973882,0.0197798985950423,0.7,0.69482007572395,"hastings_powell_3sp_chaos"
13.293,0.821610341455704,0.222083341374122,-0.26160475528962,0.0322387317173959,0.0156980962752185,0.7,0.679641430758681,"hastings_powell_3sp_chaos"
15.1956,0.800426055072905,0.248473104535283,-0.256513733684672,0.0319174454636869,0.0144458551305461,0.7,0.671281629737192,"hastings_powell_3sp_chaos"
17.094,0.772159197602492,0.281147744639039,-0.261946928892236,0.0308491119829664,0.0131240099430878,0.7,0.670690068667486,"hastings_powell_3sp_chaos"
18.9924,0.735451446827353,0.320026433891756,-0.277513515189687,0.0283863454588579,0.0108313878803152,0.7,0.678720365858518,"hastings_powell_3sp_chaos"
20.8908,0.688855635883661,0.363842050088301,-0.304607263533538,0.0255835951944622,0.00877467931920469,0.7,0.696155476464483,"hastings_powell_3sp_chaos"
22.7934,0.631189756523207,0.409323821614886,-0.341677798527204,0.0237441785904367,0.0084366028833707,0.7,0.723579658223461,"hastings_powell_3sp_chaos"
24.6918,0.563208580145382,0.44958178940289,-0.383238956185848,0.0224939530462845,0.00892577713546055,0.7,0.760763269824624,"hastings_powell_3sp_chaos"
26.5902,0.489090655363301,0.474119965860662,-0.424670564788711,0.0207042980888221,0.00806523671171147,0.7,0.806415988998947,"hastings_powell_3sp_chaos"
28.4886,0.420289043160932,0.470864222473635,-0.464413015701682,0.01947276164769,0.00585814931584156,0.7,0.857112485848479,"hastings_powell_3sp_chaos"
30.3912,0.377315789549583,0.434833993852102,-0.507779672877834,0.0195183654296703,0.00500162970788974,0.7,0.906853952940045,"hastings_powell_3sp_chaos"
32.2896,0.38509350872409,0.378472643602497,-0.558938768006279,0.021505084917268,0.00826718518972703,0.7,0.947794969632906,"hastings_powell_3sp_chaos"
34.188,0.457432762508213,0.324058504774494,-0.589410867823083,0.0277851888776725,0.0148503364881066,0.7,0.974702026492796,"hastings_powell_3sp_chaos"
36.0864,0.573567593537569,0.283490481499591,NA,0.0353656528930218,0.0212850039050382,0.7,0.987198705104964,"hastings_powell_3sp_chaos"
37.989,0.681155910508565,0.254613223858743,NA,0.0415030618641024,0.0266292231459699,0.7,0.987822639906671,"hastings_powell_3sp_chaos"
39.8874,0.751044816325143,0.232254173785825,-0.579637391937147,0.0466587592878705,0.0313159065105544,0.7,0.978952767325952,"hastings_powell_3sp_chaos"
41.7858,0.791432104561076,0.213495957315174,-0.595604460285578,0.0513047598930805,0.0356406720601004,0.7,0.962138852389243,"hastings_powell_3sp_chaos"
43.6842,0.816306528611432,0.197596631482488,NA,0.055525692021519,0.0395750810182103,0.7,0.938626643129727,"hastings_powell_3sp_chaos"
45.5868,0.833366623524929,0.184628119378584,-0.573580556548151,0.0593026172921109,0.0430110470197523,0.7,0.909715935328024,"hastings_powell_3sp_chaos"
47.4852,0.845526080894944,0.174916602249708,-0.539975270625128,0.0627479460259765,0.0460121213072617,0.7,0.877111879466587,"hastings_powell_3sp_chaos"
49.3836,0.853836825136041,0.168658796764839,-0.488270830234027,0.0660251666162174,0.0487894062898696,0.7,0.84244654749418,"hastings_powell_3sp_chaos"
51.282,0.858626457240494,0.166032032690737,-0.435824094272559,0.0680441913300365,0.050616300061293,0.7,0.80739666889606,"hastings_powell_3sp_chaos"
53.1846,0.859973291593622,0.167220801154776,-0.392480989282778,0.0653989378501991,0.04892783689109,0.7,0.773451822192863,"hastings_powell_3sp_chaos"
55.083,0.857798357312603,0.17245661307196,-0.353055385861532,0.0542543437479624,0.0413559638983358,0.7,0.742161443988794,"hastings_powell_3sp_chaos"
56.9814,0.851876129955321,0.182077659481878,-0.314160748396946,0.0400208203369135,0.0307983925674259,0.7,0.714676710818044,"hastings_powell_3sp_chaos"
58.8798,0.841781005153207,0.196548702815979,-0.280128811628623,0.0369479264310254,0.02210343297857,0.7,0.692085010967162,"hastings_powell_3sp_chaos"
60.7824,0.826815325892029,0.216497728161836,-0.258065454317313,0.0345158154355197,0.0174803310232714,0.7,0.67534772893076,"hastings_powell_3sp_chaos"
62.6808,0.806113039281662,0.242460829515608,-0.250528424867824,0.0337458933534647,0.0159686536666587,0.7,0.665480986443182,"hastings_powell_3sp_chaos"
64.5792,0.778418758002817,0.274980440134073,-0.254393978013059,0.0327416169922265,0.0147620851501407,0.7,0.663363534493442,"hastings_powell_3sp_chaos"
66.4776,0.742224174697459,0.31411062947688,-0.268862208919144,0.0305506597086764,0.0126972419992278,0.7,0.669901966485048,"hastings_powell_3sp_chaos"
68.3802,0.695758559753517,0.358950349870112,-0.295689377544625,0.028025716160823,0.0108026932306889,0.7,0.685977538519549,"hastings_powell_3sp_chaos"
70.2786,0.6378370910723,0.406230491515155,-0.333056812621576,0.026458841305699,0.0106805173150994,0.7,0.71212386916701,"hastings_powell_3sp_chaos"
72.177,0.56829526186673,0.449555515955854,-0.375151586197368,0.0253659727790958,0.0115917005444988,0.7,0.748400893729921,"hastings_powell_3sp_chaos"
74.0754,0.490618755061052,0.477990592909503,-0.417033503169425,0.0229547941707431,0.0110793340308343,0.7,0.793661082463761,"hastings_powell_3sp_chaos"
75.978,0.415439506619778,0.477918193068077,-0.456786414382886,0.0206206345734865,0.00868225518181965,0.7,0.844757594648578,"hastings_powell_3sp_chaos"
77.8764,0.364169030562667,0.44200287149894,-0.49733815171454,0.0205773264130982,0.00700870813108568,0.7,0.895253135561253,"hastings_powell_3sp_chaos"
79.7748,0.363821693510472,0.381915367786088,-0.547150550649817,0.0224729627254233,0.00937557640588274,0.7,0.937028008165447,"hastings_powell_3sp_chaos"
81.6774,0.433432152700485,0.323005084827175,-Inf,0.0288399607487884,0.0160329276536199,0.7,0.963987578990984,"hastings_powell_3sp_chaos"
83.5758,0.55631282977523,0.280429178348723,NA,0.0368404537430116,0.02278932676967,0.7,0.975581222077432,"hastings_powell_3sp_chaos"
85.4742,0.674197652989378,0.251881877093279,NA,0.0430288445252662,0.0281506624229193,0.7,0.975097621270206,"hastings_powell_3sp_chaos"
87.3726,0.749878218393291,0.230900952753401,-0.569047538976665,0.0480010579398597,0.0326453538681517,0.7,0.965541590201416,"hastings_powell_3sp_chaos"
89.2752,0.791371960927332,0.213843943303154,NA,0.052363431407676,0.036669487061714,0.7,0.948719470498846,"hastings_powell_3sp_chaos"
91.1736,0.815266958735144,0.199705603186179,NA,0.0562487223249461,0.0402349139575843,0.7,0.926038656747365,"hastings_powell_3sp_chaos"
93.072,0.830848804577221,0.18840469554339,-0.572973421704025,0.0596678630373041,0.0432659625647864,0.7,0.898789761737121,"hastings_powell_3sp_chaos"
94.9704,0.841614116704791,0.180161552218723,-0.525688349409093,0.062662636009445,0.0457656014635926,0.7,0.868423273127037,"hastings_powell_3sp_chaos"
96.873,0.848703308910162,0.175196389154643,-0.474034251059236,0.0650537791590152,0.0476354218247542,0.7,0.83640019592537,"hastings_powell_3sp_chaos"
98.7714,0.852403925242986,0.173731172160632,-0.422543529335367,0.0654902649268155,0.0478583789274442,0.7,0.804382331201492,"hastings_powell_3sp_chaos"
100.6698,0.852769313678413,0.175957220031586,-0.38055557837449,0.0612471368772209,0.0443222871960047,0.7,0.773724418650576,"hastings_powell_3sp_chaos"
102.5682,0.84967916892188,0.182130601412406,-0.344329008123684,0.0504174042075805,0.0360212193979407,0.7,0.745717405634976,"hastings_powell_3sp_chaos"
104.4708,0.842846275507353,0.192616868617466,-0.310541675175853,0.0355571011365676,0.0255895726105299,0.7,0.721466930974672,"hastings_powell_3sp_chaos"
106.3692,0.831859748634475,0.20779665986717,-0.283564209193665,0.0299119328475433,0.0172971871124315,0.7,0.702121181439087,"hastings_powell_3sp_chaos"
108.2676,0.81606710228452,0.228173766591459,-0.26830914382407,0.0292107805923452,0.0134905679385021,0.7,0.688580228694416,"hastings_powell_3sp_chaos"
110.166,0.794604802744144,0.254204186196113,-0.265036839007994,0.0293544071207428,0.0123439402189968,0.7,0.681754115942874,"hastings_powell_3sp_chaos"
112.0686,0.766321220071305,0.286203999504663,-0.271644001825616,0.0282780829106034,0.0108954178273307,0.7,0.682532847547043,"hastings_powell_3sp_chaos"
113.967,0.730108104038946,0.323706036307499,-0.287797343605403,0.025603032864289,0.00838308542723331,0.7,0.691746973657993,"hastings_powell_3sp_chaos"
115.8654,0.684741269170722,0.365305375736796,-0.314407349029649,0.022518749526459,0.00601893707819076,0.7,0.7100989335653,"hastings_powell_3sp_chaos"
117.7638,0.629628376461902,0.407546138335636,-0.350115874012669,0.0204874914576839,0.00517421443197504,0.7,0.737997579347023,"hastings_powell_3sp_chaos"
119.6664,0.565708672940654,0.444129674337776,-0.390510550064074,0.0195213606044784,0.00510679247322839,0.7,0.775305507323317,"hastings_powell_3sp_chaos"
121.5648,0.498056829154186,0.465433791400854,-0.431016758526861,0.0187078216421806,0.00410034692201855,0.7,0.820434166365186,"hastings_powell_3sp_chaos"
123.4632,0.437680893730408,0.461657830612531,-0.471168508118136,0.0179964232760267,0.00241660723619022,0.7,0.870138657022614,"hastings_powell_3sp_chaos"
125.3616,0.403025002779779,0.429722143653028,-0.51971615866103,0.0179003121314982,0.00247310816619575,0.7,0.918852787844384,"hastings_powell_3sp_chaos"
127.2642,0.414838127052106,0.380046527714845,-0.577622650466621,0.0196614593390149,0.00618596699791019,0.7,0.959983037932834,"hastings_powell_3sp_chaos"
129.1626,0.482341314052441,0.330646357068446,-0.589410867823083,0.0253454915424127,0.0123435360114694,0.7,0.98855402045303,"hastings_powell_3sp_chaos"
131.061,0.585136364665226,0.291221938717727,NA,0.0324842211150729,0.0184511147715809,0.7,1.00374481682008,"hastings_powell_3sp_chaos"
132.9594,0.680938884064934,0.260879890531482,NA,0.0386785821086699,0.0238496355775425,0.7,1.00701002577313,"hastings_powell_3sp_chaos"
134.862,0.747263652670241,0.235845287649374,-0.58754410283674,0.0441656406089212,0.0288531419462383,0.7,0.99989945527925,"hastings_powell_3sp_chaos"
136.7604,0.788793875677834,0.214191321599039,-0.572149417097864,0.0492363452185752,0.033618842589955,0.7,0.983600952640444,"hastings_powell_3sp_chaos"
138.6588,0.816279671909684,0.195465404457018,-0.575469712920988,0.0539209329859841,0.0380714917767024,0.7,0.959250614513594,"hastings_powell_3sp_chaos"
140.5572,0.835961878028962,0.179924006652846,NA,0.0581198709613242,0.042023089646486,0.7,0.928295564913549,"hastings_powell_3sp_chaos"
142.4598,0.850473955918998,0.167872847586567,-0.571601730026945,0.0619611856070922,0.0455452095415525,0.7,0.892429125334605,"hastings_powell_3sp_chaos"
144.3582,0.86073674822693,0.159586403149705,-0.512365430821507,0.0660819256183559,0.0492236962808778,0.7,0.853768223332716,"hastings_powell_3sp_chaos"
146.2566,0.867194145933734,0.155161836075937,-0.458562258055086,0.070240802940993,0.0530547515652494,0.7,0.814184370856826,"hastings_powell_3sp_chaos"
148.155,0.870028459849337,0.154711690268104,-0.412961975944387,0.0712631081987671,0.0549448643976363,0.7,0.775472074413228,"hastings_powell_3sp_chaos"
150.0576,0.869259192496677,0.158428046625905,-0.37018189973793,0.0624278790557542,0.0497057578098582,0.7,0.739127022676199,"hastings_powell_3sp_chaos"
151.956,0.864737249253466,0.166605358922473,-0.325194929337393,0.0514603799743631,0.039066153119528,0.7,0.706655826808488,"hastings_powell_3sp_chaos"
153.8544,0.856092763008875,0.179730053937574,-0.279633653962816,0.0476021025040837,0.0304035981440808,0.7,0.679128349519599,"hastings_powell_3sp_chaos"
155.757,0.842647675044753,0.198518581099667,-0.237432396841191,0.0431685583243568,0.0247470628112081,0.7,0.65752803896401,"hastings_powell_3sp_chaos"
157.6554,0.823488044330788,0.223711207378864,-0.208129882768391,0.0406565975431726,0.0220297808162223,0.7,0.64291164225502,"hastings_powell_3sp_chaos"
159.5538,0.797225190615005,0.256202345020014,-0.202761848619433,0.0394124241463354,0.0207622366002108,0.7,0.636175415741281,"hastings_powell_3sp_chaos"
161.4522,0.762048552677032,0.296610944836564,-0.22294990653112,0.0381362651924586,0.0195214270071432,0.7,0.638290812321065,"hastings_powell_3sp_chaos"
163.3548,0.715594166539871,0.344847650565869,-0.26175551725003,0.037167931977711,0.0187883762584953,0.7,0.650265803401905,"hastings_powell_3sp_chaos"
165.2532,0.655593635638447,0.39855997733008,-0.306778654912516,0.0375941125017296,0.020084957810916,0.7,0.672898562834279,"hastings_powell_3sp_chaos"
167.1516,0.580056344362842,0.451905419823065,-0.351444616919105,0.0388192077156761,0.0229304936381648,0.7,0.706631215565643,"hastings_powell_3sp_chaos"
169.05,0.489860872525671,0.492697647192681,-0.392921611982398,0.0381109986235413,0.0242516963805336,0.7,0.750829583215934,"hastings_powell_3sp_chaos"
170.9526,0.39344846910111,0.501799947283155,-0.430150330019956,0.033258303897097,0.0223074971484776,0.7,0.802729079350471,"hastings_powell_3sp_chaos"
172.851,0.314521811221574,0.462117611019027,-0.464002672936175,0.0270831082045701,0.0190885406432428,0.7,0.855305556488086,"hastings_powell_3sp_chaos"
174.7494,0.289002632646957,0.383093312541079,-0.497300316765184,0.0281194855431632,0.0173803761905952,0.7,0.897827581291993,"hastings_powell_3sp_chaos"
176.6478,0.350309698906491,0.304988503784884,-0.541226967413963,0.0351890667735424,0.0227840850575059,0.7,0.920956011730348,"hastings_powell_3sp_chaos"
178.5504,0.501296862263027,0.254975228629357,NA,0.045263714278135,0.0308439487589818,0.7,0.924576655161692,"hastings_powell_3sp_chaos"
180.4488,0.663651956322954,0.22899197886458,NA,0.0514659089508216,0.0360757654394196,0.7,0.915356636356446,"hastings_powell_3sp_chaos"
182.3472,0.76084958741243,0.214904023291449,-0.57624889905629,0.0551942085849761,0.0392790277911601,0.7,0.89914747012126,"hastings_powell_3sp_chaos"
184.2456,0.802987338381387,0.206322228699385,-0.542116933498696,0.057651470208754,0.0412903308542252,0.7,0.8790861950066,"hastings_powell_3sp_chaos"
186.1482,0.820141236694722,0.201135882609423,-0.507524622414987,0.0591184078192483,0.0422725426868881,0.7,0.856873324256377,"hastings_powell_3sp_chaos"
188.0466,0.827248805017349,0.198904233564313,-0.466397089237428,0.0593504951609855,0.04198204993557,0.7,0.833900372583055,"hastings_powell_3sp_chaos"
189.945,0.829455946117677,0.199640301912489,-0.421578185561387,0.0578092871887161,0.0399447602470357,0.7,0.811268871071364,"hastings_powell_3sp_chaos"
191.8434,0.828187925331156,0.203505441492623,-0.374554120480509,0.0540385886704696,0.0357847893568661,0.7,0.790054768461879,"hastings_powell_3sp_chaos"
193.746,0.823685332675311,0.210719872355337,-0.327859588222537,0.0482624844525183,0.0297663828241825,0.7,0.771226650107768,"hastings_powell_3sp_chaos"
195.6444,0.815834997091494,0.221462283719702,-0.285389349440109,0.0417069082102268,0.0230926228919579,0.7,0.755803353558769,"hastings_powell_3sp_chaos"
197.5428,0.804335595944241,0.235934711528813,-0.249544147596906,0.0360163327749569,0.0173533735600295,0.7,0.744603081466008,"hastings_powell_3sp_chaos"
199.4412,0.788800815851475,0.254250037911088,-0.221368040658169,0.03212729127882,0.0134484238669733,0.7,0.738421467609643,"hastings_powell_3sp_chaos"
201.3438,0.768751942057851,0.276396485475618,-0.206915544953866,0.0295152112590543,0.0108328451923642,0.7,0.737991376431593,"hastings_powell_3sp_chaos"
203.2422,0.743883949243011,0.301873950920336,-0.219714634412673,0.0271437927669353,0.00846138228914321,0.7,0.743956948916875,"hastings_powell_3sp_chaos"
205.1406,0.713950683421583,0.329764735976011,-0.256561118276251,0.0245971040899438,0.0059174026692655,0.7,0.756820495785443,"hastings_powell_3sp_chaos"
207.039,0.679195611944482,0.35828013434274,-0.303733717357677,0.0221447348822965,0.00347650798225864,0.7,0.776873064901874,"hastings_powell_3sp_chaos"
208.9416,0.640652175797702,0.384642001940904,-0.357058828356089,0.0201043028652252,0.0014803107750774,0.7,0.804110672845528,"hastings_powell_3sp_chaos"
210.84,0.601090876860303,0.404900916080325,-0.41461624026508,0.0184246017271369,-3.73013908630669e-05,0.7,0.837773776966343,"hastings_powell_3sp_chaos"
212.7384,0.565110452296814,0.414954191837081,-0.473498846214891,0.0168815323367122,-0.00107358776215174,0.7,0.876479117775516,"hastings_powell_3sp_chaos"
214.6368,0.539601787050475,0.41178747759593,-0.530619693349667,0.0155378533701367,-0.00121676204101798,0.7,0.917839389737009,"hastings_powell_3sp_chaos"
216.5394,0.532445825102112,0.39528415758984,-0.573827692110937,0.014950015485186,0.000137689105172706,0.7,0.958708437569783,"hastings_powell_3sp_chaos"
218.4378,0.549267683154527,0.368902936736481,-Inf,0.0163178057652023,0.00313989618130169,0.7,0.995326396329455,"hastings_powell_3sp_chaos"
220.3362,0.5889996437967,0.337530098315262,-Inf,0.0205412918336298,0.00735330263831163,0.7,1.02460119293043,"hastings_powell_3sp_chaos"
222.2346,0.642554269921927,0.304930018734711,NA,0.0262943773258178,0.0122298211916966,0.7,1.04419695124115,"hastings_powell_3sp_chaos"
224.1372,0.697893518836405,0.272854976555602,-Inf,0.0323165724275463,0.0174760572043664,0.7,1.05261136315401,"hastings_powell_3sp_chaos"
226.0356,0.746666907945551,0.242301846352402,-0.573428807709575,0.0382670149397118,0.022936330576758,0.7,1.0489740433803,"hastings_powell_3sp_chaos"
227.934,0.786684040090689,0.214016357278096,-0.583604859343962,0.0440612039023122,0.028482939096776,0.7,1.03320902856639,"hastings_powell_3sp_chaos"
229.8366,0.818661227565597,0.188878362624457,NA,0.0495345469020357,0.0338812908002693,0.7,1.00602690850114,"hastings_powell_3sp_chaos"
231.735,0.843644196104505,0.167797492868669,-0.599363408276115,0.0543375933013912,0.0387152051755964,0.7,0.969255591444227,"hastings_powell_3sp_chaos"
233.6334,0.862676274813786,0.151179502882308,-0.636379132699542,0.0580402425881427,0.0426017368283751,0.7,0.925262414150481,"hastings_powell_3sp_chaos"
235.5318,0.876512707042019,0.13915100685303,-0.599150801754756,0.0616277449053112,0.0462800203694662,0.7,0.876795713634525,"hastings_powell_3sp_chaos"
237.4344,0.885792535912277,0.131617054708127,-0.508197794919912,0.0664340378823412,0.0499621563999114,0.7,0.826445414013568,"hastings_powell_3sp_chaos"
239.3328,0.890960587687413,0.12848393283134,-0.459062630802925,0.0734983029583516,0.0571458967625713,0.7,0.776828807557302,"hastings_powell_3sp_chaos"
241.2312,0.892341111436964,0.129701733496892,-0.414950539311921,0.0773345621528853,0.061903464407332,0.7,0.729803905317254,"hastings_powell_3sp_chaos"
243.1296,0.88999690938284,0.135441507488678,-0.363918553131634,0.0593903226853247,0.0478993535944652,0.7,0.686926591152633,"hastings_powell_3sp_chaos"
245.0322,0.883688791529934,0.146172491796588,-0.306655174426512,0.0535550297953447,0.0359406396995488,0.7,0.64934507784525,"hastings_powell_3sp_chaos"
246.9306,0.872883699677225,0.1626060537927,-0.278324747267993,0.0485630691230192,0.0303039131721802,0.7,0.618230004443462,"hastings_powell_3sp_chaos"
248.829,0.856593748720874,0.185863838004925,-0.282860768870325,0.043963803377005,0.0262129495888515,0.7,0.594386368366412,"hastings_powell_3sp_chaos"
250.7274,0.833305129113527,0.217378513201945,-0.284861401957209,0.0413973378552198,0.0240210665191447,0.7,0.578701140514347,"hastings_powell_3sp_chaos"
252.63,0.800718418746964,0.258881014538452,-0.285849564245283,0.0407260932464955,0.0233641858643476,0.7,0.572128449864397,"hastings_powell_3sp_chaos"
254.5284,0.75584140338954,0.311593280753195,-0.284620553235711,0.0420247814922156,0.0242267727066094,0.7,0.575766110620883,"hastings_powell_3sp_chaos"
256.4268,0.694362927056795,0.37571163947188,-0.288103767338333,0.0458470708933065,0.0276999093467184,0.7,0.59072550682294,"hastings_powell_3sp_chaos"
258.3252,0.610971078092517,0.447647923914108,-0.323881193169879,0.0511293716101674,0.0340399914753417,0.7,0.618009257071643,"hastings_powell_3sp_chaos"
260.2278,0.500342109457194,0.515244049294024,-0.354324202168055,0.0553857998141162,0.0401544672352313,0.7,0.65801717566031,"hastings_powell_3sp_chaos"
262.1262,0.364384362695959,0.548989125879159,-0.370152251000687,0.0561401317029345,0.0421830962185066,0.7,0.708725215088103,"hastings_powell_3sp_chaos"
264.0246,0.229166000535928,0.502365414423028,-0.374769142053037,0.0564496416861375,0.0423794669977563,0.7,0.762930200509311,"hastings_powell_3sp_chaos"
265.923,0.155167350053734,0.36699518200043,-0.371316171850249,0.0564675857647771,0.042247499040539,0.7,0.803645696240165,"hastings_powell_3sp_chaos"
267.8256,0.18578399583928,0.234959814673382,-0.362308143943683,0.0500925597838484,0.0368640078668703,0.7,0.811772061371313,"hastings_powell_3sp_chaos"
269.724,0.362625404917463,0.169035340686661,-0.38077385553974,0.0650041307264135,0.0492079068045556,0.7,0.7887364730664,"hastings_powell_3sp_chaos"
271.6224,0.639787194576546,0.149458798906852,-0.386016458440263,0.0725645676657523,0.0575501527573029,0.7,0.752050015691322,"hastings_powell_3sp_chaos"
273.5208,0.807427865890166,0.149112289945199,-0.358094944339959,0.0612245376436514,0.0504549236291913,0.7,0.71398339643728,"hastings_powell_3sp_chaos"
275.4234,0.856113322491555,0.157395992716679,-0.311712473364845,0.0556901551005248,0.0393959102274173,0.7,0.679295881976973,"hastings_powell_3sp_chaos"
277.3218,0.859775324745817,0.171939745537629,-0.257034088077887,0.0510407787644936,0.0325896547696623,0.7,0.650102160154512,"hastings_powell_3sp_chaos"
279.2202,0.848041915858093,0.192919819692021,-0.238436016551937,0.0463666025113289,0.0278244881553822,0.7,0.627490243658104,"hastings_powell_3sp_chaos"
281.1186,0.82751834614121,0.221263000224517,-0.243201691670025,0.0437176033254582,0.0252625601016176,0.7,0.612439423625724,"hastings_powell_3sp_chaos"
283.0212,0.798219031062496,0.258212151210686,-0.244990108181044,0.0426061223142485,0.0241459348718349,0.7,0.60591781703013,"hastings_powell_3sp_chaos"
284.9196,0.758301420779348,0.304537741798472,-0.244115580789754,0.0424433690001573,0.0239015378087149,0.7,0.608981474074056,"hastings_powell_3sp_chaos"
286.818,0.70469834608015,0.360205797620919,-0.263605583219485,0.0439558120054344,0.025472503823143,0.7,0.622660189368813,"hastings_powell_3sp_chaos"
288.7164,0.633780938417716,0.42242259699826,-0.312880933310533,0.0473879743508124,0.029711248743983,0.7,0.647879936245172,"hastings_powell_3sp_chaos"
290.619,0.542165936843119,0.482774580920581,-0.354593843692223,0.0508593892294475,0.0346007026935449,0.7,0.685114908854059,"hastings_powell_3sp_chaos"
292.5174,0.431187261701582,0.522255974937201,-0.387311544766701,0.0513084260942761,0.0364693729380013,0.7,0.73307093741442,"hastings_powell_3sp_chaos"
294.4158,0.314989806203777,0.511131482171696,-0.412116701669311,0.0485960456141933,0.03496747459912,0.7,0.787220798205826,"hastings_powell_3sp_chaos"
296.3142,0.23179076518885,0.430237520628764,-0.430251208836069,0.0456214984227189,0.0325899676960249,0.7,0.836752409107213,"hastings_powell_3sp_chaos"
298.2168,0.228749084518815,0.317335522804972,-0.440554753716833,0.0399959121499956,0.0280851929587131,0.7,0.8661801899863,"hastings_powell_3sp_chaos"
300.1152,0.342979594044353,0.236789888866319,-0.462579845948796,0.049595923066413,0.0346841788637264,0.7,0.868018250636121,"hastings_powell_3sp_chaos"
302.0136,0.560352544424225,0.200281686039045,-0.467562691795349,0.0588047671420869,0.0420122262601092,0.7,0.850551351440694,"hastings_powell_3sp_chaos"
303.9162,0.738311268519729,0.187909859550301,-0.441041421441087,0.0620089484179686,0.0444144856253403,0.7,0.825104614451554,"hastings_powell_3sp_chaos"
305.8146,0.813124305978443,0.185825541053941,-0.398203252788991,0.0609325824827878,0.0429998749631359,0.7,0.798078269795906,"hastings_powell_3sp_chaos"
307.713,0.833879879980568,0.189198431907414,-0.359562050928622,0.0554014949030581,0.0376885647362394,0.7,0.772233417644395,"hastings_powell_3sp_chaos"
309.6114,0.835104694931774,0.196886434241672,-0.328905085688263,0.0460066631643807,0.0291811152544192,0.7,0.749132553488832,"hastings_powell_3sp_chaos"
311.514,0.828190181833987,0.2088635416141,-0.303084198562308,0.0358692156923366,0.0200362592856236,0.7,0.72988659370029,"hastings_powell_3sp_chaos"
313.4124,0.815967039697951,0.225324560055367,-0.284984919049959,0.0296152956549411,0.0135708110932927,0.7,0.71556422601226,"hastings_powell_3sp_chaos"
315.3108,0.798680111280499,0.246583009006285,-0.277187665027585,0.0277225451325224,0.0107521987681774,0.7,0.707013917316459,"hastings_powell_3sp_chaos"
317.2092,0.775814200303615,0.272800880298376,-0.279391241340332,0.0268470640386181,0.00931401085113377,0.7,0.705074193384447,"hastings_powell_3sp_chaos"
319.1118,0.746535026538385,0.303850833358938,-0.290585754422918,0.0249551866574688,0.00725330280448684,0.7,0.710544760709439,"hastings_powell_3sp_chaos"
321.0102,0.710230656805787,0.33867344854399,-0.310543097389659,0.0221217126336746,0.00451040937404783,0.7,0.72407823133537,"hastings_powell_3sp_chaos"
322.9086,0.666482277215392,0.375190401186752,-0.338955292003535,0.0195552637187851,0.00217443161788365,0.7,0.74614253562911,"hastings_powell_3sp_chaos"
324.807,0.615948244519726,0.409481941470898,-0.373568276778388,0.0181274191290681,0.000875963199583399,0.7,0.776787759009854,"hastings_powell_3sp_chaos"
326.7096,0.561275922135771,0.435637253273046,-0.410787370549078,0.0173903945541115,-3.34223830248083e-05,0.7,0.81541526189124,"hastings_powell_3sp_chaos"
328.608,0.509088137321279,0.446421175196889,-0.450335216545885,0.0165821159254803,-0.00108006034594595,0.7,0.859982355823329,"hastings_powell_3sp_chaos"
330.5064,0.470293891706875,0.436709840890067,-0.503084762465163,0.0157343996177072,-0.00139339294518592,0.7,0.907156369269331,"hastings_powell_3sp_chaos"
332.4048,0.459105754143751,0.407731639374638,-0.563215454459061,0.015629336711658,0.000472463134978358,0.7,0.952163834359182,"hastings_powell_3sp_chaos"
334.3074,0.486780094619363,0.368119275920524,-0.577622650466621,0.0178913539311449,0.00473437152522123,0.7,0.990144186680205,"hastings_powell_3sp_chaos"
336.2058,0.550900877441148,0.328154058632422,NA,0.0234527461344222,0.0101402129077412,0.7,1.01753485107457,"hastings_powell_3sp_chaos"
338.1042,0.630927088435448,0.292530587790957,-Inf,0.0299160456515679,0.0156491733465748,0.7,1.03314973255805,"hastings_powell_3sp_chaos"
340.0026,0.702717672508555,0.261156199718283,NA,0.0360321669554619,0.0210511480670929,0.7,1.03691473699656,"hastings_powell_3sp_chaos"
341.9052,0.756824144641803,0.23287124675266,-0.595557151579787,0.0418404939618097,0.0264325082208264,0.7,1.02907831998449,"hastings_powell_3sp_chaos"
343.8036,0.795745636214768,0.207537429852456,-0.57287150769663,0.0473624972732348,0.0317293702575324,0.7,1.01025401676515,"hastings_powell_3sp_chaos"
345.702,0.8245345617132,0.185507235214344,-0.565100302856534,0.0524734045909898,0.0367298755186693,0.7,0.981578316558626,"hastings_powell_3sp_chaos"
347.6004,0.846288839057043,0.167315173424877,-0.602189887462361,0.0569047741096314,0.041097970514992,0.7,0.944848090332704,"hastings_powell_3sp_chaos"
349.503,0.862566884203546,0.153276798641579,-0.589652535173995,0.060642446987533,0.0448325910163009,0.7,0.902252109673326,"hastings_powell_3sp_chaos"
351.4014,0.8741003528626,0.143564674745091,-0.534766631873928,0.065105297623717,0.0489132395425649,0.7,0.856460114497859,"hastings_powell_3sp_chaos"
353.2998,0.881441197089858,0.138121752627759,-0.476944793059037,0.0704863821174355,0.0536519029553947,0.7,0.809762368246323,"hastings_powell_3sp_chaos"
355.1982,0.88492337700227,0.136926835075871,-0.43171971314454,0.07583920423773,0.0598479105775846,0.7,0.764253078497472,"hastings_powell_3sp_chaos"
357.1008,0.884690059013818,0.140083592128736,-0.38585416062591,0.0692605228742696,0.056187562272831,0.7,0.721583270059154,"hastings_powell_3sp_chaos"
358.9992,0.880662337365277,0.147865694339921,-0.3345008218431,0.0572817661617442,0.0428140172186709,0.7,0.683352893127508,"hastings_powell_3sp_chaos"
360.8976,0.872487306489581,0.160813981504377,-0.278125605289947,0.0531492328882172,0.0348966061553568,0.7,0.650615084752262,"hastings_powell_3sp_chaos"
362.796,0.859471322649734,0.179752151258275,-0.257066188762221,0.0480257979342087,0.0295970255828863,0.7,0.624358427354229,"hastings_powell_3sp_chaos"
364.6986,0.840451258730103,0.205854945413487,-0.261423174853249,0.0444261715156278,0.0262203109786662,0.7,0.605471361730732,"hastings_powell_3sp_chaos"
366.597,0.813861221138424,0.240327865660703,-0.263320619020354,0.0428419654244745,0.0247073671721075,0.7,0.594974905220686,"hastings_powell_3sp_chaos"
368.4954,0.777343470917403,0.2845029042297,-0.26375668617554,0.0425880506392383,0.0243467899396156,0.7,0.593823909881747,"hastings_powell_3sp_chaos"
370.3938,0.727757797226201,0.339009861943076,-0.263608682341753,0.0440632624040933,0.0256243496578317,0.7,0.603095267986775,"hastings_powell_3sp_chaos"
372.2964,0.660959892783248,0.402593256038362,-0.296910296915961,0.0477831374722459,0.0297144914814923,0.7,0.623897206032012,"hastings_powell_3sp_chaos"
374.1948,0.572969521812026,0.468710877874397,-0.339523265515033,0.0523249801053668,0.0355696686585343,0.7,0.656846391984034,"hastings_powell_3sp_chaos"
376.0932,0.46161610999234,0.521486380256597,-0.371297763999838,0.0547763798545442,0.0394261280682045,0.7,0.701566369663058,"hastings_powell_3sp_chaos"
377.9958,0.334978756085633,0.530220671671445,-0.392495887557014,0.0536191732343824,0.0393022954383494,0.7,0.754907892201854,"hastings_powell_3sp_chaos"
0,0.2445642,0.2500377,-0.349806726621834,0.045482607656717,0.0321700163481987,0.8,0.8477652,"hastings_powell_3sp_chaos"
1.8984,0.435009427490395,0.193858003839561,-0.371202230349414,0.0461685045686995,0.0352799585108074,0.8,0.831363219831422,"hastings_powell_3sp_chaos"
3.7968,0.672648399536362,0.175034808895532,-0.371574273536994,0.043920548269796,0.0337612658105232,0.8,0.802665521991123,"hastings_powell_3sp_chaos"
5.6952,0.801084967136138,0.17225437777035,-0.351698404704251,0.0430594530752215,0.0296404825951413,0.8,0.771439486258634,"hastings_powell_3sp_chaos"
7.5978,0.83976683347074,0.176903783224965,-0.328359543639233,0.0382756223330931,0.023721182455413,0.8,0.741820260466986,"hastings_powell_3sp_chaos"
9.4962,0.844284168596641,0.186783706100031,-0.312749024679715,0.0318317093316779,0.0172969023217705,0.8,0.715886992303096,"hastings_powell_3sp_chaos"
11.3946,0.8364205404677,0.201714620146979,-0.305919406212973,0.0268822743968448,0.0126233317124024,0.8,0.69482007572395,"hastings_powell_3sp_chaos"
13.293,0.821610341455704,0.222083341374122,-0.305123788082486,0.0248445312289174,0.0104191216302725,0.8,0.679641430758681,"hastings_powell_3sp_chaos"
15.1956,0.800426055072905,0.248473104535283,-0.309017108197734,0.0235356319842924,0.00889399618375989,0.8,0.671281629737192,"hastings_powell_3sp_chaos"
17.094,0.772159197602492,0.281147744639039,-0.317960038221109,0.0215120565380576,0.00695751375182428,0.8,0.670690068667486,"hastings_powell_3sp_chaos"
18.9924,0.735451446827353,0.320026433891756,-0.333762148424452,0.0197489993160693,0.0055902700530441,0.8,0.678720365858518,"hastings_powell_3sp_chaos"
20.8908,0.688855635883661,0.363842050088301,-0.358463142706109,0.0199011232217767,0.00637259620416887,0.8,0.696155476464483,"hastings_powell_3sp_chaos"
22.7934,0.631189756523207,0.409323821614886,-0.390950451303251,0.0215309166529838,0.00888708547498962,0.8,0.723579658223461,"hastings_powell_3sp_chaos"
24.6918,0.563208580145382,0.44958178940289,-0.426427740327918,0.0223478199798211,0.0109229386384637,0.8,0.760763269824624,"hastings_powell_3sp_chaos"
26.5902,0.489090655363301,0.474119965860662,-0.461409237897374,0.020128646896256,0.0106637826450788,0.8,0.806415988998947,"hastings_powell_3sp_chaos"
28.4886,0.420289043160932,0.470864222473635,-0.493352405226503,0.0151072250628669,0.00846550235903459,0.8,0.857112485848479,"hastings_powell_3sp_chaos"
30.3912,0.377315789549583,0.434833993852102,-0.505419819158293,0.0168939045983146,0.00804805134302103,0.8,0.906853952940045,"hastings_powell_3sp_chaos"
32.2896,0.38509350872409,0.378472643602497,-0.499386112192398,0.0237846141676426,0.0134381239580709,0.8,0.947794969632906,"hastings_powell_3sp_chaos"
34.188,0.457432762508213,0.324058504774494,-Inf,0.0347009334048148,0.0220099069419792,0.8,0.974702026492796,"hastings_powell_3sp_chaos"
36.0864,0.573567593537569,0.283490481499591,-0.495064834144977,0.042795026644422,0.0289885514811032,0.8,0.987198705104964,"hastings_powell_3sp_chaos"
37.989,0.681155910508565,0.254613223858743,-0.513956175296622,0.0480282251427513,0.0337970687739165,0.8,0.987822639906671,"hastings_powell_3sp_chaos"
39.8874,0.751044816325143,0.232254173785825,NA,0.0514768091404155,0.0370928220409058,0.8,0.978952767325952,"hastings_powell_3sp_chaos"
41.7858,0.791432104561076,0.213495957315174,-0.554300087460115,0.0537999044521476,0.0393457233364821,0.8,0.962138852389243,"hastings_powell_3sp_chaos"
43.6842,0.816306528611432,0.197596631482488,-0.548600046405319,0.0556042180170731,0.0410213547818423,0.8,0.938626643129727,"hastings_powell_3sp_chaos"
45.5868,0.833366623524929,0.184628119378584,-0.511418070039893,0.0570659033320705,0.0422989730002139,0.8,0.909715935328024,"hastings_powell_3sp_chaos"
47.4852,0.845526080894944,0.174916602249708,-0.464080139956377,0.0566689210663471,0.0422988772445675,0.8,0.877111879466587,"hastings_powell_3sp_chaos"
49.3836,0.853836825136041,0.168658796764839,-0.426281128773707,0.0523277488988669,0.0404307136209087,0.8,0.84244654749418,"hastings_powell_3sp_chaos"
51.282,0.858626457240494,0.166032032690737,-0.393895560006038,0.0482981986640012,0.0372286614828323,0.8,0.80739666889606,"hastings_powell_3sp_chaos"
53.1846,0.859973291593622,0.167220801154776,-0.359723386533521,0.0469636022023791,0.032936660049412,0.8,0.773451822192863,"hastings_powell_3sp_chaos"
55.083,0.857798357312603,0.17245661307196,-0.329982750981717,0.0423243851647519,0.0271592118644739,0.8,0.742161443988794,"hastings_powell_3sp_chaos"
56.9814,0.851876129955321,0.182077659481878,-0.310585061932871,0.0357669021953179,0.0204726601987336,0.8,0.714676710818044,"hastings_powell_3sp_chaos"
58.8798,0.841781005153207,0.196548702815979,-0.30176575990388,0.0299028405618319,0.0148572523067748,0.8,0.692085010967162,"hastings_powell_3sp_chaos"
60.7824,0.826815325892029,0.216497728161836,-0.299725807995126,0.0267225775370545,0.0117616106083188,0.8,0.67534772893076,"hastings_powell_3sp_chaos"
62.6808,0.806113039281662,0.242460829515608,-0.302443830757411,0.0251350111225346,0.0100838574776896,0.8,0.665480986443182,"hastings_powell_3sp_chaos"
64.5792,0.778418758002817,0.274980440134073,-0.310127057052767,0.0235713937243363,0.0085376743499057,0.8,0.663363534493442,"hastings_powell_3sp_chaos"
66.4776,0.742224174697459,0.31411062947688,-0.324788917918719,0.0226018542443531,0.00776364931675218,0.8,0.669901966485048,"hastings_powell_3sp_chaos"
68.3802,0.695758559753517,0.358950349870112,-0.349020516407633,0.0235003951887658,0.00908211732398472,0.8,0.685977538519549,"hastings_powell_3sp_chaos"
70.2786,0.6378370910723,0.406230491515155,-0.381525973907803,0.0257220562032392,0.0120402058846411,0.8,0.71212386916701,"hastings_powell_3sp_chaos"
72.177,0.56829526186673,0.449555515955854,-0.417241369709524,0.0271972173301466,0.0145619171086489,0.8,0.748400893729921,"hastings_powell_3sp_chaos"
74.0754,0.490618755061052,0.477990592909503,-0.451685921648707,0.0257540857160472,0.0146961083138433,0.8,0.793661082463761,"hastings_powell_3sp_chaos"
75.978,0.415439506619778,0.477918193068077,-0.483888286674122,0.0205313033094629,0.0122976315874041,0.8,0.844757594648578,"hastings_powell_3sp_chaos"
77.8764,0.364169030562667,0.44200287149894,-0.515734509345197,0.018072326020135,0.0105190985881189,0.8,0.895253135561253,"hastings_powell_3sp_chaos"
79.7748,0.363821693510472,0.381915367786088,-0.515734509345197,0.0239584518111133,0.0141879565224199,0.8,0.937028008165447,"hastings_powell_3sp_chaos"
81.6774,0.433432152700485,0.323005084827175,NA,0.0350038500804024,0.022598785427582,0.8,0.963987578990984,"hastings_powell_3sp_chaos"
83.5758,0.55631282977523,0.280429178348723,-0.54757773908517,0.0434232372904089,0.0297458356731842,0.8,0.975581222077432,"hastings_powell_3sp_chaos"
85.4742,0.674197652989378,0.251881877093279,NA,0.0485617613138293,0.0344205600813807,0.8,0.975097621270206,"hastings_powell_3sp_chaos"
87.3726,0.749878218393291,0.230900952753401,-0.511009207401139,0.0517383293139064,0.0374250251823839,0.8,0.965541590201416,"hastings_powell_3sp_chaos"
89.2752,0.791371960927332,0.213843943303154,-0.554130925751177,0.0537356690047237,0.039318199299543,0.8,0.948719470498846,"hastings_powell_3sp_chaos"
91.1736,0.815266958735144,0.199705603186179,NA,0.0550118577547196,0.0404187950947628,0.8,0.926038656747365,"hastings_powell_3sp_chaos"
93.072,0.830848804577221,0.18840469554339,-0.488798344247512,0.0554385742931656,0.0406247852426919,0.8,0.898789761737121,"hastings_powell_3sp_chaos"
94.9704,0.841614116704791,0.180161552218723,-0.450835130530211,0.0536377796047814,0.0391120813700758,0.8,0.868423273127037,"hastings_powell_3sp_chaos"
96.873,0.848703308910162,0.175196389154643,-0.416186901172891,0.0479147959132874,0.0355513077658262,0.8,0.83640019592537,"hastings_powell_3sp_chaos"
98.7714,0.852403925242986,0.173731172160632,-0.385279894024567,0.0401845296870023,0.0308658572370666,0.8,0.804382331201492,"hastings_powell_3sp_chaos"
100.6698,0.852769313678413,0.175957220031586,-0.35571330720442,0.0369211582916766,0.0253833631938802,0.8,0.773724418650576,"hastings_powell_3sp_chaos"
102.5682,0.84967916892188,0.182130601412406,-0.332070790435084,0.0317350603787259,0.0190749437376194,0.8,0.745717405634976,"hastings_powell_3sp_chaos"
104.4708,0.842846275507353,0.192616868617466,-0.317902094789482,0.0258713457237447,0.0133438234859665,0.8,0.721466930974672,"hastings_powell_3sp_chaos"
106.3692,0.831859748634475,0.20779665986717,-0.312246727678602,0.0232062745702858,0.0102404801282019,0.8,0.702121181439087,"hastings_powell_3sp_chaos"
108.2676,0.81606710228452,0.228173766591459,-0.31254482371507,0.0230631156479478,0.00914229321318844,0.8,0.688580228694416,"hastings_powell_3sp_chaos"
110.166,0.794604802744144,0.254204186196113,-0.317662673580985,0.0220820818073362,0.00774296651180386,0.8,0.681754115942874,"hastings_powell_3sp_chaos"
112.0686,0.766321220071305,0.286203999504663,-0.327914657665583,0.0193530548473466,0.00521807694650146,0.8,0.682532847547043,"hastings_powell_3sp_chaos"
113.967,0.730108104038946,0.323706036307499,-0.344630862442901,0.0160826867965561,0.00275981427326074,0.8,0.691746973657993,"hastings_powell_3sp_chaos"
115.8654,0.684741269170722,0.365305375736796,-0.369298183030619,0.014372746471077,0.00228982955911039,0.8,0.7100989335653,"hastings_powell_3sp_chaos"
117.7638,0.629628376461902,0.407546138335636,-0.400956020503694,0.0145854979372056,0.00381285008208566,0.8,0.737997579347023,"hastings_powell_3sp_chaos"
119.6664,0.565708672940654,0.444129674337776,-0.435745247326088,0.014578888594484,0.00521615652501715,0.8,0.775305507323317,"hastings_powell_3sp_chaos"
121.5648,0.498056829154186,0.465433791400854,-0.469075369227204,0.0130659721946732,0.00482057178621495,0.8,0.820434166365186,"hastings_powell_3sp_chaos"
123.4632,0.437680893730408,0.461657830612531,-0.495105128971389,0.0133017757305911,0.00344680158069586,0.8,0.870138657022614,"hastings_powell_3sp_chaos"
125.3616,0.403025002779779,0.429722143653028,-0.505419819158293,0.015302913044269,0.00498018203739406,0.8,0.918852787844384,"hastings_powell_3sp_chaos"
127.2642,0.414838127052106,0.380046527714845,-Inf,0.0226174734254535,0.0117300863737639,0.8,0.959983037932834,"hastings_powell_3sp_chaos"
129.1626,0.482341314052441,0.330646357068446,-Inf,0.0331316608833844,0.0202250512571188,0.8,0.98855402045303,"hastings_powell_3sp_chaos"
131.061,0.585136364665226,0.291221938717727,-0.506273482119112,0.0411169344696345,0.0271903681135621,0.8,1.00374481682008,"hastings_powell_3sp_chaos"
132.9594,0.680938884064934,0.260879890531482,NA,0.0466821785813884,0.0323392336019506,0.8,1.00701002577313,"hastings_powell_3sp_chaos"
134.862,0.747263652670241,0.235845287649374,NA,0.0506368040817027,0.0361475257045079,0.8,0.99989945527925,"hastings_powell_3sp_chaos"
136.7604,0.788793875677834,0.214191321599039,-0.53896049725006,0.053414904985171,0.0389011951846255,0.8,0.983600952640444,"hastings_powell_3sp_chaos"
138.6588,0.816279671909684,0.195465404457018,-0.512782905715677,0.0557685418625367,0.0412114858105725,0.8,0.959250614513594,"hastings_powell_3sp_chaos"
140.5572,0.835961878028962,0.179924006652846,-0.505864770778264,0.0585233301434472,0.0437894921069263,0.8,0.928295564913549,"hastings_powell_3sp_chaos"
142.4598,0.850473955918998,0.167872847586567,-0.488502315914174,0.0601968272544097,0.0457265594153935,0.8,0.892429125334605,"hastings_powell_3sp_chaos"
144.3582,0.86073674822693,0.159586403149705,-0.438131298666492,0.0585670101650567,0.0463797662887729,0.8,0.853768223332716,"hastings_powell_3sp_chaos"
146.2566,0.867194145933734,0.155161836075937,-0.409835786962854,0.0569555552998946,0.0449312374524916,0.8,0.814184370856826,"hastings_powell_3sp_chaos"
148.155,0.870028459849337,0.154711690268104,-0.370792226865924,0.0570046250720705,0.0419040714882861,0.8,0.775472074413228,"hastings_powell_3sp_chaos"
150.0576,0.869259192496677,0.158428046625905,-0.329780709730715,0.0534637273925337,0.0373863795691971,0.8,0.739127022676199,"hastings_powell_3sp_chaos"
151.956,0.864737249253466,0.166605358922473,-0.291898263613713,0.0474174310978623,0.0311405912312762,0.8,0.706655826808488,"hastings_powell_3sp_chaos"
153.8544,0.856092763008875,0.179730053937574,-0.265195287552472,0.0405251327011246,0.0242133100481093,0.8,0.679128349519599,"hastings_powell_3sp_chaos"
155.757,0.842647675044753,0.198518581099667,-0.253769294762981,0.034978272078791,0.0186668033135871,0.8,0.65752803896401,"hastings_powell_3sp_chaos"
157.6554,0.823488044330788,0.223711207378864,-0.252066935788528,0.0322058236307248,0.0158993780346771,0.8,0.64291164225502,"hastings_powell_3sp_chaos"
159.5538,0.797225190615005,0.256202345020014,-0.258612622328114,0.0318339376057614,0.0155359780376439,0.8,0.636175415741281,"hastings_powell_3sp_chaos"
161.4522,0.762048552677032,0.296610944836564,-0.278496172804721,0.0334406871484072,0.0171857810234409,0.8,0.638290812321065,"hastings_powell_3sp_chaos"
163.3548,0.715594166539871,0.344847650565869,-0.311428595895341,0.0367586673546221,0.0206728937638784,0.8,0.650265803401905,"hastings_powell_3sp_chaos"
165.2532,0.655593635638447,0.39855997733008,-0.34858370611688,0.0407928029400586,0.0251269498505996,0.8,0.672898562834279,"hastings_powell_3sp_chaos"
167.1516,0.580056344362842,0.451905419823065,-0.384451369574897,0.0441329536315737,0.0291154381959453,0.8,0.706631215565643,"hastings_powell_3sp_chaos"
169.05,0.489860872525671,0.492697647192681,-0.416477416268299,0.0449255226383537,0.0306881231511235,0.8,0.750829583215934,"hastings_powell_3sp_chaos"
170.9526,0.39344846910111,0.501799947283155,-0.443908187115604,0.0417240664175324,0.0286426538981483,0.8,0.802729079350471,"hastings_powell_3sp_chaos"
172.851,0.314521811221574,0.462117611019027,-0.468442041631686,0.0360434250807568,0.0246935328091821,0.8,0.855305556488086,"hastings_powell_3sp_chaos"
174.7494,0.289002632646957,0.383093312541079,-0.495105128971389,0.0312948120373319,0.0217413638617196,0.8,0.897827581291993,"hastings_powell_3sp_chaos"
176.6478,0.350309698906491,0.304988503784884,NA,0.0381194588868221,0.02654917900436,0.8,0.920956011730348,"hastings_powell_3sp_chaos"
178.5504,0.501296862263027,0.254975228629357,NA,0.0468222053365816,0.0334236435532999,0.8,0.924576655161692,"hastings_powell_3sp_chaos"
180.4488,0.663651956322954,0.22899197886458,-0.499568751641872,0.05062453862191,0.0365996018049278,0.8,0.915356636356446,"hastings_powell_3sp_chaos"
182.3472,0.76084958741243,0.214904023291449,-0.507245196653109,0.0514964492460314,0.037142911242557,0.8,0.89914747012126,"hastings_powell_3sp_chaos"
184.2456,0.802987338381387,0.206322228699385,-0.484338194956014,0.0505258893559553,0.0358122535633319,0.8,0.8790861950066,"hastings_powell_3sp_chaos"
186.1482,0.820141236694722,0.201135882609423,-0.444397318728245,0.0478837562931691,0.0326975057682526,0.8,0.856873324256377,"hastings_powell_3sp_chaos"
188.0466,0.827248805017349,0.198904233564313,-0.403635206413194,0.0437182771714404,0.0280300180286115,0.8,0.833900372583055,"hastings_powell_3sp_chaos"
189.945,0.829455946117677,0.199640301912489,-0.362911112804115,0.0386984303375819,0.0226358710963346,0.8,0.811268871071364,"hastings_powell_3sp_chaos"
191.8434,0.828187925331156,0.203505441492623,-0.325566387799574,0.0341038096965261,0.0178493287397754,0.8,0.790054768461879,"hastings_powell_3sp_chaos"
193.746,0.823685332675311,0.210719872355337,-0.293158900007259,0.0312588440099603,0.0149324471652753,0.8,0.771226650107768,"hastings_powell_3sp_chaos"
195.6444,0.815834997091494,0.221462283719702,-0.266482738384398,0.0303887875669252,0.0140442765418386,0.8,0.755803353558769,"hastings_powell_3sp_chaos"
197.5428,0.804335595944241,0.235934711528813,-0.24944429914891,0.0302712197462939,0.0139236474353761,0.8,0.744603081466008,"hastings_powell_3sp_chaos"
199.4412,0.788800815851475,0.254250037911088,-0.246825944878458,0.0295235232805872,0.0131754882883868,0.8,0.738421467609643,"hastings_powell_3sp_chaos"
201.3438,0.768751942057851,0.276396485475618,-0.258403047178535,0.0274842739559066,0.0111362416610322,0.8,0.737991376431593,"hastings_powell_3sp_chaos"
203.2422,0.743883949243011,0.301873950920336,-0.284115043779232,0.0242468113310335,0.00789927215270925,0.8,0.743956948916875,"hastings_powell_3sp_chaos"
205.1406,0.713950683421583,0.329764735976011,-0.321366200518795,0.0204327087286644,0.00408803158601309,0.8,0.756820495785443,"hastings_powell_3sp_chaos"
207.039,0.679195611944482,0.35828013434274,-0.364779136796234,0.0169295506383112,0.000599939473268184,0.8,0.776873064901874,"hastings_powell_3sp_chaos"
208.9416,0.640652175797702,0.384642001940904,-0.412406223706927,0.0143918877955094,-0.00186603079780674,0.8,0.804110672845528,"hastings_powell_3sp_chaos"
210.84,0.601090876860303,0.404900916080325,-0.462831530306858,0.0129078918586173,-0.0030531098416398,0.8,0.837773776966343,"hastings_powell_3sp_chaos"
212.7384,0.565110452296814,0.414954191837081,-0.512832688116266,0.0122876437205987,-0.00273098417901756,0.8,0.876479117775516,"hastings_powell_3sp_chaos"
214.6368,0.539601787050475,0.41178747759593,-0.546036744901449,0.0128478145059685,-0.000301156988251758,0.8,0.917839389737009,"hastings_powell_3sp_chaos"
216.5394,0.532445825102112,0.39528415758984,-0.526049199532101,0.0162527391769862,0.00444443238076811,0.8,0.958708437569783,"hastings_powell_3sp_chaos"
218.4378,0.549267683154527,0.368902936736481,-Inf,0.023168829828121,0.0106270892690943,0.8,0.995326396329455,"hastings_powell_3sp_chaos"
220.3362,0.5889996437967,0.337530098315262,NA,0.0307267017557773,0.0171118020907672,0.8,1.02460119293043,"hastings_powell_3sp_chaos"
222.2346,0.642554269921927,0.304930018734711,-0.506800875183468,0.0375135921222636,0.0232230325755355,0.8,1.04419695124115,"hastings_powell_3sp_chaos"
224.1372,0.697893518836405,0.272854976555602,NA,0.0433498860897518,0.0287111332872514,0.8,1.05261136315401,"hastings_powell_3sp_chaos"
226.0356,0.746666907945551,0.242301846352402,-0.511998883067325,0.0481172063550174,0.0333567455022225,0.8,1.0489740433803,"hastings_powell_3sp_chaos"
227.934,0.786684040090689,0.214016357278096,-0.513383679311575,0.0515734021031806,0.0368797843527565,0.8,1.03320902856639,"hastings_powell_3sp_chaos"
229.8366,0.818661227565597,0.188878362624457,-0.511850352580293,0.0540610381484428,0.0395737090908623,0.8,1.00602690850114,"hastings_powell_3sp_chaos"
231.735,0.843644196104505,0.167797492868669,NA,0.0578906069796528,0.0432287475248523,0.8,0.969255591444227,"hastings_powell_3sp_chaos"
233.6334,0.862676274813786,0.151179502882308,-0.508944724122875,0.0598434250270197,0.045015374046466,0.8,0.925262414150481,"hastings_powell_3sp_chaos"
235.5318,0.876512707042019,0.13915100685303,-0.444492072696655,0.0615185188547164,0.0488744113062941,0.8,0.876795713634525,"hastings_powell_3sp_chaos"
237.4344,0.885792535912277,0.131617054708127,-0.440211089475646,0.0612921715891351,0.0510433755102456,0.8,0.826445414013568,"hastings_powell_3sp_chaos"
239.3328,0.890960587687413,0.12848393283134,-0.408753730370479,0.0607792390411011,0.0461561419620159,0.8,0.776828807557302,"hastings_powell_3sp_chaos"
241.2312,0.892341111436964,0.129701733496892,-0.358009608234894,0.0591828296094282,0.0429744051438931,0.8,0.729803905317254,"hastings_powell_3sp_chaos"
243.1296,0.88999690938284,0.135441507488678,-0.342480505998539,0.0550692037394599,0.0388431600089202,0.8,0.686926591152633,"hastings_powell_3sp_chaos"
245.0322,0.883688791529934,0.146172491796588,-0.343211464431693,0.0491561876726746,0.0331964743708426,0.8,0.64934507784525,"hastings_powell_3sp_chaos"
246.9306,0.872883699677225,0.1626060537927,-0.340625878473742,0.0425122203262209,0.0272690623459216,0.8,0.618230004443462,"hastings_powell_3sp_chaos"
248.829,0.856593748720874,0.185863838004925,-0.336480289209436,0.0370369147838968,0.0231772415359779,0.8,0.594386368366412,"hastings_powell_3sp_chaos"
250.7274,0.833305129113527,0.217378513201945,-0.331004353000175,0.0366331168153273,0.02314814186725,0.8,0.578701140514347,"hastings_powell_3sp_chaos"
252.63,0.800718418746964,0.258881014538452,-0.323389883195034,0.0423411274004861,0.0274358665571352,0.8,0.572128449864397,"hastings_powell_3sp_chaos"
254.5284,0.75584140338954,0.311593280753195,-0.311338459533212,0.0498632024621879,0.0339673991190321,0.8,0.575766110620883,"hastings_powell_3sp_chaos"
256.4268,0.694362927056795,0.37571163947188,-0.300239724404383,0.056713318082628,0.0405394935426042,0.8,0.59072550682294,"hastings_powell_3sp_chaos"
258.3252,0.610971078092517,0.447647923914108,-0.31425592441809,0.0618323853275636,0.0459480295166648,0.8,0.618009257071643,"hastings_powell_3sp_chaos"
260.2278,0.500342109457194,0.515244049294024,-0.322529233803275,0.0642890314081977,0.0490053246816255,0.8,0.65801717566031,"hastings_powell_3sp_chaos"
262.1262,0.364384362695959,0.548989125879159,-0.322759393297374,0.0630778085199089,0.0484053037651695,0.8,0.708725215088103,"hastings_powell_3sp_chaos"
264.0246,0.229166000535928,0.502365414423028,-0.319689249570288,0.0620996943707547,0.0474516244420566,0.8,0.762930200509311,"hastings_powell_3sp_chaos"
265.923,0.155167350053734,0.36699518200043,-0.318818231703523,0.0609712551463227,0.0472264616019077,0.8,0.803645696240165,"hastings_powell_3sp_chaos"
267.8256,0.18578399583928,0.234959814673382,-0.321459083354905,0.051082723010764,0.0422742071730616,0.8,0.811772061371313,"hastings_powell_3sp_chaos"
269.724,0.362625404917463,0.169035340686661,-0.342675960559501,0.0557279723791202,0.0429545352513914,0.8,0.7887364730664,"hastings_powell_3sp_chaos"
271.6224,0.639787194576546,0.149458798906852,-0.339075441889764,0.0593102542636861,0.0433526063979286,0.8,0.752050015691322,"hastings_powell_3sp_chaos"
273.5208,0.807427865890166,0.149112289945199,-0.306277501396101,0.0564992928329123,0.0401888632151378,0.8,0.71398339643728,"hastings_powell_3sp_chaos"
275.4234,0.856113322491555,0.157395992716679,-0.301473425335004,0.0506660559423248,0.0343811072898954,0.8,0.679295881976973,"hastings_powell_3sp_chaos"
277.3218,0.859775324745817,0.171939745537629,-0.302553575920299,0.0438750363458108,0.0277310143916272,0.8,0.650102160154512,"hastings_powell_3sp_chaos"
279.2202,0.848041915858093,0.192919819692021,-0.300461405475309,0.0384253358594575,0.0225182666287849,0.8,0.627490243658104,"hastings_powell_3sp_chaos"
281.1186,0.82751834614121,0.221263000224517,-0.297785458354535,0.0366117097765814,0.0208034974724544,0.8,0.612439423625724,"hastings_powell_3sp_chaos"
283.0212,0.798219031062496,0.258212151210686,-0.29448871171897,0.0389266923038218,0.0229225639725051,0.8,0.60591781703013,"hastings_powell_3sp_chaos"
284.9196,0.758301420779348,0.304537741798472,-0.288603437679677,0.0439010353812734,0.0276707159233827,0.8,0.608981474074056,"hastings_powell_3sp_chaos"
286.818,0.70469834608015,0.360205797620919,-0.299332415100863,0.0496878667567914,0.0334372294241364,0.8,0.622660189368813,"hastings_powell_3sp_chaos"
288.7164,0.633780938417716,0.42242259699826,-0.334668872354783,0.0550227375617578,0.039054662107259,0.8,0.647879936245172,"hastings_powell_3sp_chaos"
290.619,0.542165936843119,0.482774580920581,-0.361700374170758,0.0588059202470361,0.0433104637792548,0.8,0.685114908854059,"hastings_powell_3sp_chaos"
292.5174,0.431187261701582,0.522255974937201,-0.379298573922587,0.0590212314731671,0.0440183832939446,0.8,0.73307093741442,"hastings_powell_3sp_chaos"
294.4158,0.314989806203777,0.511131482171696,-0.388843475568417,0.055217118382016,0.0407838459673955,0.8,0.787220798205826,"hastings_powell_3sp_chaos"
296.3142,0.23179076518885,0.430237520628764,-0.392196277505185,0.0500108561564571,0.0360934522168837,0.8,0.836752409107213,"hastings_powell_3sp_chaos"
298.2168,0.228749084518815,0.317335522804972,-0.389478120552914,0.0420241989102151,0.028832602677115,0.8,0.8661801899863,"hastings_powell_3sp_chaos"
300.1152,0.342979594044353,0.236789888866319,-0.399096363103259,0.0453390960810518,0.0310326775677061,0.8,0.868018250636121,"hastings_powell_3sp_chaos"
302.0136,0.560352544424225,0.200281686039045,-0.400341884020983,0.0471244410042823,0.0322655015907444,0.8,0.850551351440694,"hastings_powell_3sp_chaos"
303.9162,0.738311268519729,0.187909859550301,-0.38779237510661,0.042226476217151,0.0282392858375344,0.8,0.825104614451554,"hastings_powell_3sp_chaos"
305.8146,0.813124305978443,0.185825541053941,-0.367891010623086,0.033977033523683,0.0221391713249137,0.8,0.798078269795906,"hastings_powell_3sp_chaos"
307.713,0.833879879980568,0.189198431907414,-0.346924841958901,0.0258052918518854,0.0158093822670949,0.8,0.772233417644395,"hastings_powell_3sp_chaos"
309.6114,0.835104694931774,0.196886434241672,-0.330965409959195,0.0219077396825127,0.0109361493208741,0.8,0.749132553488832,"hastings_powell_3sp_chaos"
311.514,0.828190181833987,0.2088635416141,-0.322540093526619,0.0224924697331908,0.00914849862977509,0.8,0.72988659370029,"hastings_powell_3sp_chaos"
313.4124,0.815967039697951,0.225324560055367,-0.320935102170971,0.0241383830286448,0.009374686969256,0.8,0.71556422601226,"hastings_powell_3sp_chaos"
315.3108,0.798680111280499,0.246583009006285,-0.324799852536139,0.0244073351551656,0.00909068924229017,0.8,0.707013917316459,"hastings_powell_3sp_chaos"
317.2092,0.775814200303615,0.272800880298376,-0.333625541425312,0.0224834116781265,0.00706190599649882,0.8,0.705074193384447,"hastings_powell_3sp_chaos"
319.1118,0.746535026538385,0.303850833358938,-0.347777403120979,0.0187175316959427,0.00351109684857469,0.8,0.710544760709439,"hastings_powell_3sp_chaos"
321.0102,0.710230656805787,0.33867344854399,-0.367966252524374,0.0144214115533522,-0.000207393857809133,0.8,0.72407823133537,"hastings_powell_3sp_chaos"
322.9086,0.666482277215392,0.375190401186752,-0.394376091182988,0.0113454232077397,-0.00245066253071683,0.8,0.74614253562911,"hastings_powell_3sp_chaos"
324.807,0.615948244519726,0.409481941470898,-0.425210007268404,0.0102873142775596,-0.00299363364071667,0.8,0.776787759009854,"hastings_powell_3sp_chaos"
326.7096,0.561275922135771,0.435637253273046,-0.457356062124721,0.0104646221146754,-0.00308229953439981,0.8,0.81541526189124,"hastings_powell_3sp_chaos"
328.608,0.509088137321279,0.446421175196889,-0.490054233642405,0.0109407314450607,-0.00312447000401301,0.8,0.859982355823329,"hastings_powell_3sp_chaos"
330.5064,0.470293891706875,0.436709840890067,-0.528613585722367,0.0118573090209804,-0.00128394184524896,0.8,0.907156369269331,"hastings_powell_3sp_chaos"
332.4048,0.459105754143751,0.407731639374638,-0.515734509345197,0.015445595608873,0.00424134262127951,0.8,0.952163834359182,"hastings_powell_3sp_chaos"
334.3074,0.486780094619363,0.368119275920524,-Inf,0.0242592796382628,0.0120349370046796,0.8,0.990144186680205,"hastings_powell_3sp_chaos"
336.2058,0.550900877441148,0.328154058632422,-0.511203046582873,0.0331975760636978,0.0196163057503106,0.8,1.01753485107457,"hastings_powell_3sp_chaos"
338.1042,0.630927088435448,0.292530587790957,-0.505824962127893,0.040296855563837,0.0260165043433445,0.8,1.03314973255805,"hastings_powell_3sp_chaos"
340.0026,0.702717672508555,0.261156199718283,-0.501653586828579,0.0458378786065397,0.0312488904809011,0.8,1.03691473699656,"hastings_powell_3sp_chaos"
341.9052,0.756824144641803,0.23287124675266,NA,0.0500648798808789,0.0353932749544545,0.8,1.02907831998449,"hastings_powell_3sp_chaos"
343.8036,0.795745636214768,0.207537429852456,-0.520334999503202,0.0530219190847897,0.0384266232875463,0.8,1.01025401676515,"hastings_powell_3sp_chaos"
345.702,0.8245345617132,0.185507235214344,-0.510654173907299,0.0558024729127074,0.0412819799602245,0.8,0.981578316558626,"hastings_powell_3sp_chaos"
347.6004,0.846288839057043,0.167315173424877,-0.521287973980255,0.0595971602817858,0.0448069346225377,0.8,0.944848090332704,"hastings_powell_3sp_chaos"
349.503,0.862566884203546,0.153276798641579,-0.492930203516946,0.0616304010970527,0.0472025007538177,0.8,0.902252109673326,"hastings_powell_3sp_chaos"
351.4014,0.8741003528626,0.143564674745091,-0.441778954291983,0.0622374300522672,0.0506565478244426,0.8,0.856460114497859,"hastings_powell_3sp_chaos"
353.2998,0.881441197089858,0.138121752627759,-0.422902297663062,0.0617359982549417,0.0495128302160888,0.8,0.809762368246323,"hastings_powell_3sp_chaos"
355.1982,0.88492337700227,0.136926835075871,-0.381145818578194,0.0618208759187341,0.0461424060685876,0.8,0.764253078497472,"hastings_powell_3sp_chaos"
357.1008,0.884690059013818,0.140083592128736,-0.331592644819402,0.0589016946098669,0.0426158867961442,0.8,0.721583270059154,"hastings_powell_3sp_chaos"
358.9992,0.880662337365277,0.147865694339921,-0.321123275405762,0.0535995113683587,0.0373409143315457,0.8,0.683352893127508,"hastings_powell_3sp_chaos"
360.8976,0.872487306489581,0.160813981504377,-0.321079127147034,0.0469391199360735,0.0308845723272854,0.8,0.650615084752262,"hastings_powell_3sp_chaos"
362.796,0.859471322649734,0.179752151258275,-0.318327623680639,0.0405798453689343,0.0249822261699117,0.8,0.624358427354229,"hastings_powell_3sp_chaos"
364.6986,0.840451258730103,0.205854945413487,-0.314754747898108,0.0371574196794938,0.0220209537170131,0.8,0.605471361730732,"hastings_powell_3sp_chaos"
366.597,0.813861221138424,0.240327865660703,-0.310596426119322,0.038744410954419,0.0233654901967608,0.8,0.594974905220686,"hastings_powell_3sp_chaos"
368.4954,0.777343470917403,0.2845029042297,-0.304517404305653,0.0440805470263967,0.0281391525590768,0.8,0.593823909881747,"hastings_powell_3sp_chaos"
370.3938,0.727757797226201,0.339009861943076,-0.296283320121835,0.0505767049561746,0.0343486195056759,0.8,0.603095267986775,"hastings_powell_3sp_chaos"
372.2964,0.660959892783248,0.402593256038362,-0.315239091231078,0.0566148814872976,0.0404829024503782,0.8,0.623897206032012,"hastings_powell_3sp_chaos"
374.1948,0.572969521812026,0.468710877874397,-0.340167922854497,0.0612607838872398,0.0455326541514307,0.8,0.656846391984034,"hastings_powell_3sp_chaos"
376.0932,0.46161610999234,0.521486380256597,-0.353720507461492,0.0629155360420598,0.0476286159903664,0.8,0.701566369663058,"hastings_powell_3sp_chaos"
377.9958,0.334978756085633,0.530220671671445,-0.357319098228024,0.0601753669213393,0.0453059577082971,0.8,0.754907892201854,"hastings_powell_3sp_chaos"
0,0.2445642,0.2500377,-0.324897617351324,0.0355265805518139,0.0254853911476301,0.9,0.8477652,"hastings_powell_3sp_chaos"
1.8984,0.435009427490395,0.193858003839561,-0.34740191068273,0.0420722497546137,0.028679551207997,0.9,0.831363219831422,"hastings_powell_3sp_chaos"
3.7968,0.672648399536362,0.175034808895532,-0.355183192854654,0.0421965339214398,0.0281691930802596,0.9,0.802665521991123,"hastings_powell_3sp_chaos"
5.6952,0.801084967136138,0.17225437777035,-0.352872480972763,0.0378647908468249,0.0238579039924794,0.9,0.771439486258634,"hastings_powell_3sp_chaos"
7.5978,0.83976683347074,0.176903783224965,-0.349482789642836,0.0311847870620583,0.0176430288078307,0.9,0.741820260466986,"hastings_powell_3sp_chaos"
9.4962,0.844284168596641,0.186783706100031,-0.347756041670199,0.0241117624796229,0.0117155581686956,0.9,0.715886992303096,"hastings_powell_3sp_chaos"
11.3946,0.8364205404677,0.201714620146979,-0.348069353790904,0.0191672294562856,0.00802409778646408,0.9,0.69482007572395,"hastings_powell_3sp_chaos"
13.293,0.821610341455704,0.222083341374122,-0.35060689848111,0.0171135332105904,0.0062118925810308,0.9,0.679641430758681,"hastings_powell_3sp_chaos"
15.1956,0.800426055072905,0.248473104535283,-0.355759275257333,0.0166926357613519,0.0053591051185551,0.9,0.671281629737192,"hastings_powell_3sp_chaos"
17.094,0.772159197602492,0.281147744639039,-0.364426846902098,0.018400637100113,0.00613700248425914,0.9,0.670690068667486,"hastings_powell_3sp_chaos"
18.9924,0.735451446827353,0.320026433891756,-0.378330957067654,0.0220878275126231,0.00901353764430417,0.9,0.678720365858518,"hastings_powell_3sp_chaos"
20.8908,0.688855635883661,0.363842050088301,-0.399078230879108,0.0262097691486408,0.0128703745242425,0.9,0.696155476464483,"hastings_powell_3sp_chaos"
22.7934,0.631189756523207,0.409323821614886,-0.426698885863143,0.029592415916882,0.0164157200000794,0.9,0.723579658223461,"hastings_powell_3sp_chaos"
24.6918,0.563208580145382,0.44958178940289,-0.43658056468684,0.0313007291326763,0.0185706249318507,0.9,0.760763269824624,"hastings_powell_3sp_chaos"
26.5902,0.489090655363301,0.474119965860662,-0.492479491643798,0.0301351112178805,0.0182110140026692,0.9,0.806415988998947,"hastings_powell_3sp_chaos"
28.4886,0.420289043160932,0.470864222473635,NA,0.0260313044493268,0.0155509313443427,0.9,0.857112485848479,"hastings_powell_3sp_chaos"
30.3912,0.377315789549583,0.434833993852102,NA,0.0231692094723477,0.0143715884470796,0.9,0.906853952940045,"hastings_powell_3sp_chaos"
32.2896,0.38509350872409,0.378472643602497,NA,0.0282057335947456,0.019084951011696,0.9,0.947794969632906,"hastings_powell_3sp_chaos"
34.188,0.457432762508213,0.324058504774494,-Inf,0.0374681509003197,0.0263865047623573,0.9,0.974702026492796,"hastings_powell_3sp_chaos"
36.0864,0.573567593537569,0.283490481499591,-0.453491108468666,0.043137856559004,0.0313241861649025,0.9,0.987198705104964,"hastings_powell_3sp_chaos"
37.989,0.681155910508565,0.254613223858743,-0.475014296238631,0.0454628952002475,0.0335904475897851,0.9,0.987822639906671,"hastings_powell_3sp_chaos"
39.8874,0.751044816325143,0.232254173785825,NA,0.0460074881123172,0.0343211844703661,0.9,0.978952767325952,"hastings_powell_3sp_chaos"
41.7858,0.791432104561076,0.213495957315174,-0.421756220975628,0.0453341051193246,0.0341185013049732,0.9,0.962138852389243,"hastings_powell_3sp_chaos"
43.6842,0.816306528611432,0.197596631482488,-0.414353895738387,0.042966278238381,0.034010408977446,0.9,0.938626643129727,"hastings_powell_3sp_chaos"
45.5868,0.833366623524929,0.184628119378584,-0.407224312395362,0.0452021021835776,0.0359039692894665,0.9,0.909715935328024,"hastings_powell_3sp_chaos"
47.4852,0.845526080894944,0.174916602249708,-0.418713668393162,0.0493502195613046,0.0367851359092619,0.9,0.877111879466587,"hastings_powell_3sp_chaos"
49.3836,0.853836825136041,0.168658796764839,-0.395118364354791,0.0492317023998405,0.0353733431408652,0.9,0.84244654749418,"hastings_powell_3sp_chaos"
51.282,0.858626457240494,0.166032032690737,-0.370824556338202,0.0465197719165607,0.0322911823856846,0.9,0.80739666889606,"hastings_powell_3sp_chaos"
53.1846,0.859973291593622,0.167220801154776,-0.355275765009205,0.0417213806112094,0.0274694015490107,0.9,0.773451822192863,"hastings_powell_3sp_chaos"
55.083,0.857798357312603,0.17245661307196,-0.34746226896838,0.0351597823738437,0.0211261197313755,0.9,0.742161443988794,"hastings_powell_3sp_chaos"
56.9814,0.851876129955321,0.182077659481878,-0.34404024135192,0.0279114731783171,0.0145142523597871,0.9,0.714676710818044,"hastings_powell_3sp_chaos"
58.8798,0.841781005153207,0.196548702815979,-0.343257783268625,0.0221044774696993,0.00969678210310044,0.9,0.692085010967162,"hastings_powell_3sp_chaos"
60.7824,0.826815325892029,0.216497728161836,-0.344703479833307,0.0193194468970717,0.00737275683816543,0.9,0.67534772893076,"hastings_powell_3sp_chaos"
62.6808,0.806113039281662,0.242460829515608,-0.348627744476949,0.0192431267815889,0.00691904267284614,0.9,0.665480986443182,"hastings_powell_3sp_chaos"
64.5792,0.778418758002817,0.274980440134073,-0.35595229786478,0.0215656208655302,0.00848049222976767,0.9,0.663363534493442,"hastings_powell_3sp_chaos"
66.4776,0.742224174697459,0.31411062947688,-0.368661850510737,0.0255650687879824,0.0119407044768542,0.9,0.669901966485048,"hastings_powell_3sp_chaos"
68.3802,0.695758559753517,0.358950349870112,-0.388968207401991,0.0298392819504874,0.0160879476860926,0.9,0.685977538519549,"hastings_powell_3sp_chaos"
70.2786,0.6378370910723,0.406230491515155,-0.416665108359891,0.0333876560375588,0.0198256550022092,0.9,0.71212386916701,"hastings_powell_3sp_chaos"
72.177,0.56829526186673,0.449555515955854,-0.443040852157322,0.0354376818934116,0.02228586752533,0.9,0.748400893729921,"hastings_powell_3sp_chaos"
74.0754,0.490618755061052,0.477990592909503,NA,0.0347331908792088,0.022262868136165,0.9,0.793661082463761,"hastings_powell_3sp_chaos"
75.978,0.415439506619778,0.477918193068077,-Inf,0.0306905912955645,0.0194894804851443,0.9,0.844757594648578,"hastings_powell_3sp_chaos"
77.8764,0.364169030562667,0.44200287149894,NA,0.0264137507910251,0.0169360794994486,0.9,0.895253135561253,"hastings_powell_3sp_chaos"
79.7748,0.363821693510472,0.381915367786088,-Inf,0.0285069805021924,0.0195834167937216,0.9,0.937028008165447,"hastings_powell_3sp_chaos"
81.6774,0.433432152700485,0.323005084827175,-Inf,0.0370811967943715,0.0263763665233976,0.9,0.963987578990984,"hastings_powell_3sp_chaos"
83.5758,0.55631282977523,0.280429178348723,NA,0.0428142460365242,0.0312629430104527,0.9,0.975581222077432,"hastings_powell_3sp_chaos"
85.4742,0.674197652989378,0.251881877093279,-0.463011503059306,0.0448880287412848,0.033255884749771,0.9,0.975097621270206,"hastings_powell_3sp_chaos"
87.3726,0.749878218393291,0.230900952753401,-0.412587607476158,0.0447497400393789,0.033337171793439,0.9,0.965541590201416,"hastings_powell_3sp_chaos"
89.2752,0.791371960927332,0.213843943303154,-0.440093447974568,0.042985329152811,0.0320603985382461,0.9,0.948719470498846,"hastings_powell_3sp_chaos"
91.1736,0.815266958735144,0.199705603186179,-0.425561539394302,0.0394186932182581,0.0305862795341359,0.9,0.926038656747365,"hastings_powell_3sp_chaos"
93.072,0.830848804577221,0.18840469554339,-0.414353895738387,0.0384082573736883,0.0306916285434691,0.9,0.898789761737121,"hastings_powell_3sp_chaos"
94.9704,0.841614116704791,0.180161552218723,-0.401861017314566,0.0419173536061387,0.030371326068767,0.9,0.868423273127037,"hastings_powell_3sp_chaos"
96.873,0.848703308910162,0.175196389154643,-0.39149741366773,0.0412685256521079,0.0281606422794445,0.9,0.83640019592537,"hastings_powell_3sp_chaos"
98.7714,0.852403925242986,0.173731172160632,-0.372300563917187,0.0378094115518266,0.0242813362296641,0.9,0.804382331201492,"hastings_powell_3sp_chaos"
100.6698,0.852769313678413,0.175957220031586,-0.360647168672353,0.0321653289948741,0.0189175207172,0.9,0.773724418650576,"hastings_powell_3sp_chaos"
102.5682,0.84967916892188,0.182130601412406,-0.355168631342186,0.0251092243583345,0.0130329378515151,0.9,0.745717405634976,"hastings_powell_3sp_chaos"
104.4708,0.842846275507353,0.192616868617466,-0.353567116169067,0.0189868839036046,0.00875339186966733,0.9,0.721466930974672,"hastings_powell_3sp_chaos"
106.3692,0.831859748634475,0.20779665986717,-0.35479329467067,0.0169440184545582,0.00682825566259128,0.9,0.702121181439087,"hastings_powell_3sp_chaos"
108.2676,0.81606710228452,0.228173766591459,-0.358582050910415,0.0160696236493258,0.00545905536504251,0.9,0.688580228694416,"hastings_powell_3sp_chaos"
110.166,0.794604802744144,0.254204186196113,-0.365180823454054,0.0141257327213251,0.00369241721752815,0.9,0.681754115942874,"hastings_powell_3sp_chaos"
112.0686,0.766321220071305,0.286203999504663,-0.375356655939644,0.0132260584025605,0.00270342130174579,0.9,0.682532847547043,"hastings_powell_3sp_chaos"
113.967,0.730108104038946,0.323706036307499,-0.390419252268447,0.0155973205242377,0.00403213933755319,0.9,0.691746973657993,"hastings_powell_3sp_chaos"
115.8654,0.684741269170722,0.365305375736796,-0.411706083480095,0.0193733821983222,0.00712824210335275,0.9,0.7100989335653,"hastings_powell_3sp_chaos"
117.7638,0.629628376461902,0.407546138335636,-0.438482384873479,0.02257447873033,0.0103161495048083,0.9,0.737997579347023,"hastings_powell_3sp_chaos"
119.6664,0.565708672940654,0.444129674337776,-0.455737808364329,0.0240112176561288,0.0121976391167803,0.9,0.775305507323317,"hastings_powell_3sp_chaos"
121.5648,0.498056829154186,0.465433791400854,-Inf,0.0226528162524124,0.0117541232696094,0.9,0.820434166365186,"hastings_powell_3sp_chaos"
123.4632,0.437680893730408,0.461657830612531,-Inf,0.0193715963993854,0.0098357010824264,0.9,0.870138657022614,"hastings_powell_3sp_chaos"
125.3616,0.403025002779779,0.429722143653028,NA,0.0188853493846242,0.0110174850940038,0.9,0.918852787844384,"hastings_powell_3sp_chaos"
127.2642,0.414838127052106,0.380046527714845,-Inf,0.0273448975061414,0.0178567434263415,0.9,0.959983037932834,"hastings_powell_3sp_chaos"
129.1626,0.482341314052441,0.330646357068446,-Inf,0.0370904586918503,0.0256188369587563,0.9,0.98855402045303,"hastings_powell_3sp_chaos"
131.061,0.585136364665226,0.291221938717727,NA,0.0429941961948617,0.0308589595289235,0.9,1.00374481682008,"hastings_powell_3sp_chaos"
132.9594,0.680938884064934,0.260879890531482,-0.479149012234797,0.0458200400391962,0.0336184611290027,0.9,1.00701002577313,"hastings_powell_3sp_chaos"
134.862,0.747263652670241,0.235845287649374,NA,0.0473453521848286,0.035250501157321,0.9,0.99989945527925,"hastings_powell_3sp_chaos"
136.7604,0.788793875677834,0.214191321599039,NA,0.0483472503496453,0.0364587353867915,0.9,0.983600952640444,"hastings_powell_3sp_chaos"
138.6588,0.816279671909684,0.195465404457018,-0.407224312395362,0.0477432574568125,0.0375285836164216,0.9,0.959250614513594,"hastings_powell_3sp_chaos"
140.5572,0.835961878028962,0.179924006652846,-0.400467359700045,0.0512134990128856,0.0412762709012935,0.9,0.928295564913549,"hastings_powell_3sp_chaos"
142.4598,0.850473955918998,0.167872847586567,-0.478977537377228,0.0562649138921101,0.0433547486756746,0.9,0.892429125334605,"hastings_powell_3sp_chaos"
144.3582,0.86073674822693,0.159586403149705,-0.407442100351054,0.0568304857514163,0.042657798480732,0.9,0.853768223332716,"hastings_powell_3sp_chaos"
146.2566,0.867194145933734,0.155161836075937,-0.370198106766524,0.0551594377650349,0.0406897328143365,0.9,0.814184370856826,"hastings_powell_3sp_chaos"
148.155,0.870028459849337,0.154711690268104,-0.337512038707324,0.05163125928915,0.0371138431099266,0.9,0.775472074413228,"hastings_powell_3sp_chaos"
150.0576,0.869259192496677,0.158428046625905,-0.315498512119795,0.0462501241487334,0.0317270879713511,0.9,0.739127022676199,"hastings_powell_3sp_chaos"
151.956,0.864737249253466,0.166605358922473,-0.305211309966382,0.0395614731965881,0.0250442785201287,0.9,0.706655826808488,"hastings_powell_3sp_chaos"
153.8544,0.856092763008875,0.179730053937574,-0.300386510027474,0.0330591608916659,0.0185602073706209,0.9,0.679128349519599,"hastings_powell_3sp_chaos"
155.757,0.842647675044753,0.198518581099667,-0.297926425699724,0.0292003145020476,0.0147225252371733,0.9,0.65752803896401,"hastings_powell_3sp_chaos"
157.6554,0.823488044330788,0.223711207378864,-0.297804769684068,0.0296266659127589,0.0151449937022443,0.9,0.64291164225502,"hastings_powell_3sp_chaos"
159.5538,0.797225190615005,0.256202345020014,-0.30268963311101,0.0334337526289244,0.0189382373087812,0.9,0.636175415741281,"hastings_powell_3sp_chaos"
161.4522,0.762048552677032,0.296610944836564,-0.318260732433013,0.0384720360532015,0.0239828991827543,0.9,0.638290812321065,"hastings_powell_3sp_chaos"
163.3548,0.715594166539871,0.344847650565869,-0.344492063152594,0.0432030745048323,0.0287707933326408,0.9,0.650265803401905,"hastings_powell_3sp_chaos"
165.2532,0.655593635638447,0.39855997733008,-0.373470043665322,0.0470761460832687,0.0328115444517583,0.9,0.672898562834279,"hastings_powell_3sp_chaos"
167.1516,0.580056344362842,0.451905419823065,-0.399977131735853,0.0497892815763472,0.0358329179733486,0.9,0.706631215565643,"hastings_powell_3sp_chaos"
169.05,0.489860872525671,0.492697647192681,-0.419566578783162,0.0500539785278082,0.0365317487597092,0.9,0.750829583215934,"hastings_powell_3sp_chaos"
170.9526,0.39344846910111,0.501799947283155,-0.432333818932737,0.0464329873598855,0.0336555190184488,0.9,0.802729079350471,"hastings_powell_3sp_chaos"
172.851,0.314521811221574,0.462117611019027,NA,0.0403013754292386,0.0287758061154854,0.9,0.855305556488086,"hastings_powell_3sp_chaos"
174.7494,0.289002632646957,0.383093312541079,-Inf,0.0349755704598613,0.0247522993114485,0.9,0.897827581291993,"hastings_powell_3sp_chaos"
176.6478,0.350309698906491,0.304988503784884,NA,0.0362678775203539,0.0263756419359825,0.9,0.920956011730348,"hastings_powell_3sp_chaos"
178.5504,0.501296862263027,0.254975228629357,NA,0.0393659084706729,0.0288533817692096,0.9,0.924576655161692,"hastings_powell_3sp_chaos"
180.4488,0.663651956322954,0.22899197886458,-Inf,0.0385915133370516,0.0277076452946436,0.9,0.915356636356446,"hastings_powell_3sp_chaos"
182.3472,0.76084958741243,0.214904023291449,-0.451911761191905,0.0356138597816589,0.0239412764162012,0.9,0.89914747012126,"hastings_powell_3sp_chaos"
184.2456,0.802987338381387,0.206322228699385,-0.42432127606708,0.0318453716946934,0.0189322377595405,0.9,0.8790861950066,"hastings_powell_3sp_chaos"
186.1482,0.820141236694722,0.201135882609423,-0.390047655090905,0.0277098431242364,0.0138479331267607,0.9,0.856873324256377,"hastings_powell_3sp_chaos"
188.0466,0.827248805017349,0.198904233564313,-0.358189738754983,0.0242957913013916,0.00997028856355551,0.9,0.833900372583055,"hastings_powell_3sp_chaos"
189.945,0.829455946117677,0.199640301912489,-0.330011188944752,0.0232111887236964,0.00872015895467798,0.9,0.811268871071364,"hastings_powell_3sp_chaos"
191.8434,0.828187925331156,0.203505441492623,-0.306451327791006,0.0246425598892024,0.0101162611734156,0.9,0.790054768461879,"hastings_powell_3sp_chaos"
193.746,0.823685332675311,0.210719872355337,-0.291360917024888,0.0269123183593484,0.0123813648922261,0.9,0.771226650107768,"hastings_powell_3sp_chaos"
195.6444,0.815834997091494,0.221462283719702,-0.28720423677182,0.028355676157988,0.0138240922516585,0.9,0.755803353558769,"hastings_powell_3sp_chaos"
197.5428,0.804335595944241,0.235934711528813,-0.290923945235216,0.0282046339026559,0.0136729283005263,0.9,0.744603081466008,"hastings_powell_3sp_chaos"
199.4412,0.788800815851475,0.254250037911088,-0.300107067843369,0.0263107279629574,0.0117790239089036,0.9,0.738421467609643,"hastings_powell_3sp_chaos"
201.3438,0.768751942057851,0.276396485475618,-0.315672318561492,0.0228755417465179,0.00834398501437405,0.9,0.737991376431593,"hastings_powell_3sp_chaos"
203.2422,0.743883949243011,0.301873950920336,-0.340726014192632,0.018428697332401,0.00389801959453553,0.9,0.743956948916875,"hastings_powell_3sp_chaos"
205.1406,0.713950683421583,0.329764735976011,-0.374593943850481,0.0138416430562271,-0.000682907998347892,0.9,0.756820495785443,"hastings_powell_3sp_chaos"
207.039,0.679195611944482,0.35828013434274,-0.413002046270756,0.0102464054612175,-0.00423907082863505,0.9,0.776873064901874,"hastings_powell_3sp_chaos"
208.9416,0.640652175797702,0.384642001940904,-0.454977324886152,0.00839548990743791,-0.00589037204191528,0.9,0.804110672845528,"hastings_powell_3sp_chaos"
210.84,0.601090876860303,0.404900916080325,-0.493702029202812,0.00808314624040033,-0.00540116438869443,0.9,0.837773776966343,"hastings_powell_3sp_chaos"
212.7384,0.565110452296814,0.414954191837081,-0.458430674973509,0.00860906046214106,-0.00251828295879455,0.9,0.876479117775516,"hastings_powell_3sp_chaos"
214.6368,0.539601787050475,0.41178747759593,-0.458430674973509,0.0103059249340327,0.00309512801087717,0.9,0.917839389737009,"hastings_powell_3sp_chaos"
216.5394,0.532445825102112,0.39528415758984,-Inf,0.0200885220346873,0.0105589167566168,0.9,0.958708437569783,"hastings_powell_3sp_chaos"
218.4378,0.549267683154527,0.368902936736481,-0.449262061474039,0.0297308136064589,0.0181519739962716,0.9,0.995326396329455,"hastings_powell_3sp_chaos"
220.3362,0.5889996437967,0.337530098315262,NA,0.0372072421693773,0.0247081793401528,0.9,1.02460119293043,"hastings_powell_3sp_chaos"
222.2346,0.642554269921927,0.304930018734711,-0.473717432716447,0.0424914180624975,0.029647323764089,0.9,1.04419695124115,"hastings_powell_3sp_chaos"
224.1372,0.697893518836405,0.272854976555602,NA,0.0456530663083003,0.0328047768160306,0.9,1.05261136315401,"hastings_powell_3sp_chaos"
226.0356,0.746666907945551,0.242301846352402,-0.454459159053872,0.0481874451384487,0.0353798290087795,0.9,1.0489740433803,"hastings_powell_3sp_chaos"
227.934,0.786684040090689,0.214016357278096,-0.443952210236706,0.0511772976781034,0.0381377553769888,0.9,1.03320902856639,"hastings_powell_3sp_chaos"
229.8366,0.818661227565597,0.188878362624457,NA,0.0495962316662146,0.0373626270001553,0.9,1.00602690850114,"hastings_powell_3sp_chaos"
231.735,0.843644196104505,0.167797492868669,-0.395104064619249,0.052602527227411,0.0429775877236668,0.9,0.969255591444227,"hastings_powell_3sp_chaos"
233.6334,0.862676274813786,0.151179502882308,-0.444830442674595,0.0577843016389667,0.0461430716556258,0.9,0.925262414150481,"hastings_powell_3sp_chaos"
235.5318,0.876512707042019,0.13915100685303,NA,0.0583026226674114,0.0442643666107472,0.9,0.876795713634525,"hastings_powell_3sp_chaos"
237.4344,0.885792535912277,0.131617054708127,-0.399371025297727,0.0582618823953772,0.0437657739826272,0.9,0.826445414013568,"hastings_powell_3sp_chaos"
239.3328,0.890960587687413,0.12848393283134,-0.393966860817429,0.0567947400711997,0.0423088391524285,0.9,0.776828807557302,"hastings_powell_3sp_chaos"
241.2312,0.892341111436964,0.129701733496892,-0.393713674321644,0.0536484651564083,0.0392327662309639,0.9,0.729803905317254,"hastings_powell_3sp_chaos"
243.1296,0.88999690938284,0.135441507488678,-0.388974923095623,0.0489154924693794,0.034703472507126,0.9,0.686926591152633,"hastings_powell_3sp_chaos"
245.0322,0.883688791529934,0.146172491796588,-0.382802755506986,0.0430004129371751,0.0294650296015103,0.9,0.64934507784525,"hastings_powell_3sp_chaos"
246.9306,0.872883699677225,0.1626060537927,-0.373998990956339,0.037403636865115,0.0256531072368898,0.9,0.618230004443462,"hastings_powell_3sp_chaos"
248.829,0.856593748720874,0.185863838004925,-0.362308620112125,0.037949680096709,0.0265713571433023,0.9,0.594386368366412,"hastings_powell_3sp_chaos"
250.7274,0.833305129113527,0.217378513201945,-0.347221407547547,0.0455246876599859,0.0322691703611784,0.9,0.578701140514347,"hastings_powell_3sp_chaos"
252.63,0.800718418746964,0.258881014538452,-0.327202549444341,0.0531503782797009,0.0390506864024984,0.9,0.572128449864397,"hastings_powell_3sp_chaos"
254.5284,0.75584140338954,0.311593280753195,-0.300669677537671,0.0585206817930551,0.0441370232963606,0.9,0.575766110620883,"hastings_powell_3sp_chaos"
256.4268,0.694362927056795,0.37571163947188,-0.27490177124344,0.0614152260068288,0.0469622101310629,0.9,0.59072550682294,"hastings_powell_3sp_chaos"
258.3252,0.610971078092517,0.447647923914108,-0.276644786329038,0.0639019609111018,0.04962460859987,0.9,0.618009257071643,"hastings_powell_3sp_chaos"
260.2278,0.500342109457194,0.515244049294024,-0.27873320551082,0.065069268899989,0.0511565423712176,0.9,0.65801717566031,"hastings_powell_3sp_chaos"
262.1262,0.364384362695959,0.548989125879159,-0.283288385166077,0.0610574985811838,0.0488967661465594,0.9,0.708725215088103,"hastings_powell_3sp_chaos"
264.0246,0.229166000535928,0.502365414423028,-0.289980094070612,0.0562296772175783,0.0465501366788703,0.9,0.762930200509311,"hastings_powell_3sp_chaos"
265.923,0.155167350053734,0.36699518200043,-0.290954458219864,0.0553827953882815,0.0422769191556199,0.9,0.803645696240165,"hastings_powell_3sp_chaos"
267.8256,0.18578399583928,0.234959814673382,-0.284831985727481,0.046266653060354,0.0319917356221863,0.9,0.811772061371313,"hastings_powell_3sp_chaos"
269.724,0.362625404917463,0.169035340686661,-0.30085766308955,0.052393443960769,0.0378760781184749,0.9,0.7887364730664,"hastings_powell_3sp_chaos"
271.6224,0.639787194576546,0.149458798906852,-0.336169603217472,0.0533465910672117,0.0388371874612252,0.9,0.752050015691322,"hastings_powell_3sp_chaos"
273.5208,0.807427865890166,0.149112289945199,-0.348683812509266,0.0493465136318924,0.0348765513653727,0.9,0.71398339643728,"hastings_powell_3sp_chaos"
275.4234,0.856113322491555,0.157395992716679,-0.348113055987782,0.0433107464673795,0.0289624893200835,0.9,0.679295881976973,"hastings_powell_3sp_chaos"
277.3218,0.859775324745817,0.171939745537629,-0.343465038462419,0.0376067028410846,0.0235543569043492,0.9,0.650102160154512,"hastings_powell_3sp_chaos"
279.2202,0.848041915858093,0.192919819692021,-0.337373750305261,0.035749815511023,0.0218972053133444,0.9,0.627490243658104,"hastings_powell_3sp_chaos"
281.1186,0.82751834614121,0.221263000224517,-0.330274816367936,0.0395126957411136,0.0253820683171102,0.9,0.612439423625724,"hastings_powell_3sp_chaos"
283.0212,0.798219031062496,0.258212151210686,-0.321484954040567,0.0458047169407343,0.0314168755683313,0.9,0.60591781703013,"hastings_powell_3sp_chaos"
284.9196,0.758301420779348,0.304537741798472,-0.309015426777129,0.0516816723764132,0.0371906954646615,0.9,0.608981474074056,"hastings_powell_3sp_chaos"
286.818,0.70469834608015,0.360205797620919,-0.309841643834562,0.0561122348814768,0.0416177369599172,0.9,0.622660189368813,"hastings_powell_3sp_chaos"
288.7164,0.633780938417716,0.42242259699826,-0.331191876996962,0.0590805361503483,0.0447269060072105,0.9,0.647879936245172,"hastings_powell_3sp_chaos"
290.619,0.542165936843119,0.482774580920581,-0.344225567109607,0.0603219094545774,0.0462668632518787,0.9,0.685114908854059,"hastings_powell_3sp_chaos"
292.5174,0.431187261701582,0.522255974937201,-0.348845310348976,0.0579453459846427,0.0442822539109832,0.9,0.73307093741442,"hastings_powell_3sp_chaos"
294.4158,0.314989806203777,0.511131482171696,-0.347162849699554,0.051236396493666,0.0381159638258815,0.9,0.787220798205826,"hastings_powell_3sp_chaos"
296.3142,0.23179076518885,0.430237520628764,-0.34226608812186,0.043415329339316,0.0306520476249707,0.9,0.836752409107213,"hastings_powell_3sp_chaos"
298.2168,0.228749084518815,0.317335522804972,-0.339335113410005,0.0362255659447709,0.0233731110995334,0.9,0.8661801899863,"hastings_powell_3sp_chaos"
300.1152,0.342979594044353,0.236789888866319,-0.359640816884933,0.0308470150367561,0.0200942083289924,0.9,0.868018250636121,"hastings_powell_3sp_chaos"
302.0136,0.560352544424225,0.200281686039045,-0.375964924633319,0.0264238442075745,0.0182715012105273,0.9,0.850551351440694,"hastings_powell_3sp_chaos"
303.9162,0.738311268519729,0.187909859550301,-0.375135578148986,0.0245110967530385,0.0152026578864068,0.9,0.825104614451554,"hastings_powell_3sp_chaos"
305.8146,0.813124305978443,0.185825541053941,-0.367806535720946,0.0201099515990285,0.0111085100943679,0.9,0.798078269795906,"hastings_powell_3sp_chaos"
307.713,0.833879879980568,0.189198431907414,-0.362138828365553,0.0165152366034001,0.0078586711590457,0.9,0.772233417644395,"hastings_powell_3sp_chaos"
309.6114,0.835104694931774,0.196886434241672,-0.360101752484538,0.0184495853464797,0.00725253806171777,0.9,0.749132553488832,"hastings_powell_3sp_chaos"
311.514,0.828190181833987,0.2088635416141,-0.361368265934241,0.0210012826951084,0.00817986008734941,0.9,0.72988659370029,"hastings_powell_3sp_chaos"
313.4124,0.815967039697951,0.225324560055367,-0.365486128800234,0.0216461725704658,0.00824773115721452,0.9,0.71556422601226,"hastings_powell_3sp_chaos"
315.3108,0.798680111280499,0.246583009006285,-0.372434920414559,0.019857599570375,0.00640736033579152,0.9,0.707013917316459,"hastings_powell_3sp_chaos"
317.2092,0.775814200303615,0.272800880298376,-0.382469820768806,0.0159588175582127,0.0028905570732586,0.9,0.705074193384447,"hastings_powell_3sp_chaos"
319.1118,0.746535026538385,0.303850833358938,-0.396248006513004,0.0110574139086419,-0.000996475575565558,0.9,0.710544760709439,"hastings_powell_3sp_chaos"
321.0102,0.710230656805787,0.33867344854399,-0.414472528939217,0.00734813464132909,-0.00316221374400343,0.9,0.72407823133537,"hastings_powell_3sp_chaos"
322.9086,0.666482277215392,0.375190401186752,-0.437141813697925,0.00689778835881897,-0.00276808049587713,0.9,0.74614253562911,"hastings_powell_3sp_chaos"
324.807,0.615948244519726,0.409481941470898,-0.462235993392183,0.00854203474565552,-0.00126213207337721,0.9,0.776787759009854,"hastings_powell_3sp_chaos"
326.7096,0.561275922135771,0.435637253273046,-Inf,0.00992699490394474,-0.000359004406774069,0.9,0.81541526189124,"hastings_powell_3sp_chaos"
328.608,0.509088137321279,0.446421175196889,-0.453067379892713,0.0106545342590425,-2.13559607745646e-05,0.9,0.859982355823329,"hastings_powell_3sp_chaos"
330.5064,0.470293891706875,0.436709840890067,-Inf,0.0114030402854189,0.00287914369285099,0.9,0.907156369269331,"hastings_powell_3sp_chaos"
332.4048,0.459105754143751,0.407731639374638,-Inf,0.0183510808735088,0.0103336260907406,0.9,0.952163834359182,"hastings_powell_3sp_chaos"
334.3074,0.486780094619363,0.368119275920524,-Inf,0.0302266750609722,0.019101409816792,0.9,0.990144186680205,"hastings_powell_3sp_chaos"
336.2058,0.550900877441148,0.328154058632422,-0.461339190895709,0.0385247034963148,0.0262366410791526,0.9,1.01753485107457,"hastings_powell_3sp_chaos"
338.1042,0.630927088435448,0.292530587790957,-0.443671030811191,0.0436252242673424,0.0309866691767027,0.9,1.03314973255805,"hastings_powell_3sp_chaos"
340.0026,0.702717672508555,0.261156199718283,-0.535276781728786,0.0463856751530998,0.0337714607566492,0.9,1.03691473699656,"hastings_powell_3sp_chaos"
341.9052,0.756824144641803,0.23287124675266,-0.453697046705136,0.049058605889795,0.0364097091986338,0.9,1.02907831998449,"hastings_powell_3sp_chaos"
343.8036,0.795745636214768,0.207537429852456,-0.461453498518279,0.0509449842160176,0.0382614031280062,0.9,1.01025401676515,"hastings_powell_3sp_chaos"
345.702,0.8245345617132,0.185507235214344,-0.401861017314566,0.0503267241101154,0.0394744364944128,0.9,0.981578316558626,"hastings_powell_3sp_chaos"
347.6004,0.846288839057043,0.167315173424877,-0.396016668739447,0.0560014168582504,0.0455409173905609,0.9,0.944848090332704,"hastings_powell_3sp_chaos"
349.503,0.862566884203546,0.153276798641579,-0.454544857365691,0.0595733355359937,0.0465118670912288,0.9,0.902252109673326,"hastings_powell_3sp_chaos"
351.4014,0.8741003528626,0.143564674745091,-0.416487713896345,0.0599490073185186,0.0455916403058499,0.9,0.856460114497859,"hastings_powell_3sp_chaos"
353.2998,0.881441197089858,0.138121752627759,-0.376510839521943,0.0590926638826761,0.0445773947791583,0.9,0.809762368246323,"hastings_powell_3sp_chaos"
355.1982,0.88492337700227,0.136926835075871,-0.373341118459684,0.0565746082688256,0.0420733472074701,0.9,0.764253078497472,"hastings_powell_3sp_chaos"
357.1008,0.884690059013818,0.140083592128736,-0.371477976686869,0.0522829841521864,0.0378359770925953,0.9,0.721583270059154,"hastings_powell_3sp_chaos"
358.9992,0.880662337365277,0.147865694339921,-0.366952457305587,0.0465374265242663,0.0322555064859373,0.9,0.683352893127508,"hastings_powell_3sp_chaos"
360.8976,0.872487306489581,0.160813981504377,-0.36070581617244,0.0403737651963944,0.0265810996342594,0.9,0.650615084752262,"hastings_powell_3sp_chaos"
362.796,0.859471322649734,0.179752151258275,-0.353114087762589,0.0367590353087963,0.0236658915997209,0.9,0.624358427354229,"hastings_powell_3sp_chaos"
364.6986,0.840451258730103,0.205854945413487,-0.343921852887475,0.0396174910329533,0.0261484594597894,0.9,0.605471361730732,"hastings_powell_3sp_chaos"
366.597,0.813861221138424,0.240327865660703,-0.332662951686511,0.0463714026722481,0.0322501888916823,0.9,0.594974905220686,"hastings_powell_3sp_chaos"
368.4954,0.777343470917403,0.2845029042297,-0.317823110847981,0.0529588675708935,0.0385592745035313,0.9,0.593823909881747,"hastings_powell_3sp_chaos"
370.3938,0.727757797226201,0.339009861943076,-0.29911839164681,0.057824921343373,0.0433358506468364,0.9,0.603095267986775,"hastings_powell_3sp_chaos"
372.2964,0.660959892783248,0.402593256038362,-0.303018921161997,0.0607843487157158,0.0463507242332595,0.9,0.623897206032012,"hastings_powell_3sp_chaos"
374.1948,0.572969521812026,0.468710877874397,-0.312030914473639,0.0622174998904702,0.0480327739791186,0.9,0.656846391984034,"hastings_powell_3sp_chaos"
376.0932,0.46161610999234,0.521486380256597,-0.312803090826856,0.0611850632556958,0.0473280347100124,0.9,0.701566369663058,"hastings_powell_3sp_chaos"
377.9958,0.334978756085633,0.530220671671445,-0.309225612476238,0.0554138664168778,0.0421267032309012,0.9,0.754907892201854,"hastings_powell_3sp_chaos"
0,0.2445642,0.2500377,-0.317236078286193,0.0321837924668748,0.0196568776659402,1,0.8477652,"hastings_powell_3sp_chaos"
1.8984,0.435009427490395,0.193858003839561,-0.352253872241282,0.0366862114113382,0.0238732594115113,1,0.831363219831422,"hastings_powell_3sp_chaos"
3.7968,0.672648399536362,0.175034808895532,-0.373840088247839,0.0352346861727815,0.0224900100734856,1,0.802665521991123,"hastings_powell_3sp_chaos"
5.6952,0.801084967136138,0.17225437777035,-0.382364496445602,0.0300047482549742,0.0176468903364,1,0.771439486258634,"hastings_powell_3sp_chaos"
7.5978,0.83976683347074,0.176903783224965,-0.383552485887652,0.0236717121972734,0.0123552989355106,1,0.741820260466986,"hastings_powell_3sp_chaos"
9.4962,0.844284168596641,0.186783706100031,-0.38517588017861,0.0185545759233491,0.0088510724375021,1,0.715886992303096,"hastings_powell_3sp_chaos"
11.3946,0.8364205404677,0.201714620146979,-0.388600666755417,0.0160923616937691,0.00726902046906598,1,0.69482007572395,"hastings_powell_3sp_chaos"
13.293,0.821610341455704,0.222083341374122,-0.389422010463595,0.0167800904978676,0.00714320740727837,1,0.679641430758681,"hastings_powell_3sp_chaos"
15.1956,0.800426055072905,0.248473104535283,-0.394819420197385,0.0203005312227037,0.00907480482120815,1,0.671281629737192,"hastings_powell_3sp_chaos"
17.094,0.772159197602492,0.281147744639039,-0.394403986855099,0.0250195038043308,0.0128127097343722,1,0.670690068667486,"hastings_powell_3sp_chaos"
18.9924,0.735451446827353,0.320026433891756,-0.40759166589671,0.0294604569569952,0.0168980892353655,1,0.678720365858518,"hastings_powell_3sp_chaos"
20.8908,0.688855635883661,0.363842050088301,-0.400478588571532,0.0330604114564292,0.0204638716523928,1,0.696155476464483,"hastings_powell_3sp_chaos"
22.7934,0.631189756523207,0.409323821614886,NA,0.03583347519991,0.0233983953940977,1,0.723579658223461,"hastings_powell_3sp_chaos"
24.6918,0.563208580145382,0.44958178940289,-0.402251687864501,0.037409562000833,0.0252750927986711,1,0.760763269824624,"hastings_powell_3sp_chaos"
26.5902,0.489090655363301,0.474119965860662,NA,0.0367475455503748,0.0250641884579773,1,0.806415988998947,"hastings_powell_3sp_chaos"
28.4886,0.420289043160932,0.470864222473635,-0.456297821310337,0.0339198196856476,0.0228360215842008,1,0.857112485848479,"hastings_powell_3sp_chaos"
30.3912,0.377315789549583,0.434833993852102,-0.42034246439053,0.031862444102132,0.0213952386729823,1,0.906853952940045,"hastings_powell_3sp_chaos"
32.2896,0.38509350872409,0.378472643602497,NA,0.0324193398343424,0.0233269820968319,1,0.947794969632906,"hastings_powell_3sp_chaos"
34.188,0.457432762508213,0.324058504774494,-0.387832351027588,0.0344052195292509,0.0266375474425091,1,0.974702026492796,"hastings_powell_3sp_chaos"
36.0864,0.573567593537569,0.283490481499591,-0.383005385454872,0.035285333051726,0.0284930286102257,1,0.987198705104964,"hastings_powell_3sp_chaos"
37.989,0.681155910508565,0.254613223858743,NA,0.0351785738092137,0.0292637899202075,1,0.987822639906671,"hastings_powell_3sp_chaos"
39.8874,0.751044816325143,0.232254173785825,-0.376924128029087,0.0406639694233386,0.0320408028757543,1,0.978952767325952,"hastings_powell_3sp_chaos"
41.7858,0.791432104561076,0.213495957315174,NA,0.0458926608106008,0.0351553951173361,1,0.962138852389243,"hastings_powell_3sp_chaos"
43.6842,0.816306528611432,0.197596631482488,-0.396354517755898,0.0469712784625006,0.0349728750634596,1,0.938626643129727,"hastings_powell_3sp_chaos"
45.5868,0.833366623524929,0.184628119378584,-0.400523590618614,0.04653276588456,0.0338191896141391,1,0.909715935328024,"hastings_powell_3sp_chaos"
47.4852,0.845526080894944,0.174916602249708,-0.39010118588131,0.0455590070300963,0.032622571406049,1,0.877111879466587,"hastings_powell_3sp_chaos"
49.3836,0.853836825136041,0.168658796764839,-0.3859382803862,0.0433433970796873,0.0303739926554852,1,0.84244654749418,"hastings_powell_3sp_chaos"
51.282,0.858626457240494,0.166032032690737,-0.381041621519847,0.0394046734658286,0.0264865913741314,1,0.80739666889606,"hastings_powell_3sp_chaos"
53.1846,0.859973291593622,0.167220801154776,-0.382589160033988,0.0338535431512446,0.0211261169346432,1,0.773451822192863,"hastings_powell_3sp_chaos"
55.083,0.857798357312603,0.17245661307196,-0.381389375072984,0.0276278788975697,0.0154224250618773,1,0.742161443988794,"hastings_powell_3sp_chaos"
56.9814,0.851876129955321,0.182077659481878,-0.381551551733027,0.0224026611842007,0.0111259738607211,1,0.714676710818044,"hastings_powell_3sp_chaos"
58.8798,0.841781005153207,0.196548702815979,-0.381752249203929,0.0196738766527629,0.00906051455783266,1,0.692085010967162,"hastings_powell_3sp_chaos"
60.7824,0.826815325892029,0.216497728161836,-0.382647522434279,0.0200969857967148,0.00910890326166067,1,0.67534772893076,"hastings_powell_3sp_chaos"
62.6808,0.806113039281662,0.242460829515608,-0.384782430393784,0.0234228553218626,0.0114938705191706,1,0.665480986443182,"hastings_powell_3sp_chaos"
64.5792,0.778418758002817,0.274980440134073,-0.390765755552816,0.0280764838425563,0.0155430794655653,1,0.663363534493442,"hastings_powell_3sp_chaos"
66.4776,0.742224174697459,0.31411062947688,-0.398149638512917,0.0324850773899272,0.0197371294363406,1,0.669901966485048,"hastings_powell_3sp_chaos"
68.3802,0.695758559753517,0.358950349870112,-0.406075392130614,0.0360406303494183,0.0232944101595361,1,0.685977538519549,"hastings_powell_3sp_chaos"
70.2786,0.6378370910723,0.406230491515155,-0.407229547221753,0.038768415604916,0.0261850609549407,1,0.71212386916701,"hastings_powell_3sp_chaos"
72.177,0.56829526186673,0.449555515955854,NA,0.0404091421297724,0.0281274047968761,1,0.748400893729921,"hastings_powell_3sp_chaos"
74.0754,0.490618755061052,0.477990592909503,NA,0.0398198434371751,0.0279999712498838,1,0.793661082463761,"hastings_powell_3sp_chaos"
75.978,0.415439506619778,0.477918193068077,NA,0.0365907557767978,0.0254721141629436,1,0.844757594648578,"hastings_powell_3sp_chaos"
77.8764,0.364169030562667,0.44200287149894,-0.400675111494374,0.0334442445252451,0.0229800221155609,1,0.895253135561253,"hastings_powell_3sp_chaos"
79.7748,0.363821693510472,0.381915367786088,NA,0.0329479427702156,0.0235663775661965,1,0.937028008165447,"hastings_powell_3sp_chaos"
81.6774,0.433432152700485,0.323005084827175,NA,0.0340240489944422,0.0262939791250207,1,0.963987578990984,"hastings_powell_3sp_chaos"
83.5758,0.55631282977523,0.280429178348723,NA,0.0343046501594427,0.0277038528556902,1,0.975581222077432,"hastings_powell_3sp_chaos"
85.4742,0.674197652989378,0.251881877093279,-0.387832351027588,0.0353968288018858,0.0278661882936189,1,0.975097621270206,"hastings_powell_3sp_chaos"
87.3726,0.749878218393291,0.230900952753401,-0.383005385454872,0.0386767864662318,0.0293510586821714,1,0.965541590201416,"hastings_powell_3sp_chaos"
89.2752,0.791371960927332,0.213843943303154,NA,0.04153734941596,0.0309189717546551,1,0.948719470498846,"hastings_powell_3sp_chaos"
91.1736,0.815266958735144,0.199705603186179,NA,0.0418764265231499,0.0301874397695291,1,0.926038656747365,"hastings_powell_3sp_chaos"
93.072,0.830848804577221,0.18840469554339,NA,0.040949646390209,0.028546745582074,1,0.898789761737121,"hastings_powell_3sp_chaos"
94.9704,0.841614116704791,0.180161552218723,-0.407281824244971,0.0392270301804361,0.0265621940565114,1,0.868423273127037,"hastings_powell_3sp_chaos"
96.873,0.848703308910162,0.175196389154643,-0.393010472957025,0.0360580141975869,0.0234178649625344,1,0.83640019592537,"hastings_powell_3sp_chaos"
98.7714,0.852403925242986,0.173731172160632,-0.39159434820789,0.0310134421834733,0.0187060021953871,1,0.804382331201492,"hastings_powell_3sp_chaos"
100.6698,0.852769313678413,0.175957220031586,-0.389993901265983,0.0243887347090435,0.0131464638589415,1,0.773724418650576,"hastings_powell_3sp_chaos"
102.5682,0.84967916892188,0.182130601412406,-0.386430172031679,0.0174977269850906,0.00875981545285135,1,0.745717405634976,"hastings_powell_3sp_chaos"
104.4708,0.842846275507353,0.192616868617466,-0.391257137604395,0.0122471179748035,0.00668545232103082,1,0.721466930974672,"hastings_powell_3sp_chaos"
106.3692,0.831859748634475,0.20779665986717,-0.396084103177112,0.0109301592412117,0.00557860319113723,1,0.702121181439087,"hastings_powell_3sp_chaos"
108.2676,0.81606710228452,0.228173766591459,-0.397673762613118,0.0108639055852563,0.00466409873663184,1,0.688580228694416,"hastings_powell_3sp_chaos"
110.166,0.794604802744144,0.254204186196113,-0.407760641903442,0.014342430283277,0.00514014494013835,1,0.681754115942874,"hastings_powell_3sp_chaos"
112.0686,0.766321220071305,0.286203999504663,-0.405667623299575,0.0190920129702159,0.00785997608086611,1,0.682532847547043,"hastings_powell_3sp_chaos"
113.967,0.730108104038946,0.323706036307499,NA,0.0236885784638456,0.0116385623841133,1,0.691746973657993,"hastings_powell_3sp_chaos"
115.8654,0.684741269170722,0.365305375736796,-0.422955262789783,0.0275014847147913,0.015256141134394,1,0.7100989335653,"hastings_powell_3sp_chaos"
117.7638,0.629628376461902,0.407546138335636,NA,0.0304428836394377,0.0182970816535108,1,0.737997579347023,"hastings_powell_3sp_chaos"
119.6664,0.565708672940654,0.444129674337776,NA,0.0321419878211863,0.020248041112433,1,0.775305507323317,"hastings_powell_3sp_chaos"
121.5648,0.498056829154186,0.465433791400854,-0.418920300305649,0.0318094328384034,0.0202678325520393,1,0.820434166365186,"hastings_powell_3sp_chaos"
123.4632,0.437680893730408,0.461657830612531,-0.407120516588747,0.030040828043189,0.0188738150991756,1,0.870138657022614,"hastings_powell_3sp_chaos"
125.3616,0.403025002779779,0.429722143653028,-Inf,0.0295656923544688,0.0191456604975332,1,0.918852787844384,"hastings_powell_3sp_chaos"
127.2642,0.414838127052106,0.380046527714845,NA,0.0316013996035892,0.0226682901167665,1,0.959983037932834,"hastings_powell_3sp_chaos"
129.1626,0.482341314052441,0.330646357068446,-0.371328846728542,0.0349558139176922,0.0266563635853598,1,0.98855402045303,"hastings_powell_3sp_chaos"
131.061,0.585136364665226,0.291221938717727,-0.374753633305349,0.0373589860856511,0.0292790505072257,1,1.00374481682008,"hastings_powell_3sp_chaos"
132.9594,0.680938884064934,0.260879890531482,-0.376924128029087,0.0375011239669636,0.0306692762082349,1,1.00701002577313,"hastings_powell_3sp_chaos"
134.862,0.747263652670241,0.235845287649374,-0.374753633305349,0.0420612681492991,0.0342780317267796,1,0.99989945527925,"hastings_powell_3sp_chaos"
136.7604,0.788793875677834,0.214191321599039,-0.393873106633782,0.0504420716882804,0.0396736422660736,1,0.983600952640444,"hastings_powell_3sp_chaos"
138.6588,0.816279671909684,0.195465404457018,NA,0.0519262324697785,0.039836124559115,1,0.959250614513594,"hastings_powell_3sp_chaos"
140.5572,0.835961878028962,0.179924006652846,-0.389988848777486,0.051671591247253,0.0388049462349638,1,0.928295564913549,"hastings_powell_3sp_chaos"
142.4598,0.850473955918998,0.167872847586567,-0.395209869259099,0.0515885620228364,0.0385384657049327,1,0.892429125334605,"hastings_powell_3sp_chaos"
144.3582,0.86073674822693,0.159586403149705,-0.380066852427442,0.0505635889269292,0.0374903180638717,1,0.853768223332716,"hastings_powell_3sp_chaos"
146.2566,0.867194145933734,0.155161836075937,-0.356791325616384,0.0480116265198069,0.0349359235791754,1,0.814184370856826,"hastings_powell_3sp_chaos"
148.155,0.870028459849337,0.154711690268104,-0.34931246003097,0.0439787461942604,0.0309044357912054,1,0.775472074413228,"hastings_powell_3sp_chaos"
150.0576,0.869259192496677,0.158428046625905,-0.344293151465845,0.0390420115631764,0.0259729968978619,1,0.739127022676199,"hastings_powell_3sp_chaos"
151.956,0.864737249253466,0.166605358922473,-0.340315591006096,0.0344341753058297,0.0213768187706104,1,0.706655826808488,"hastings_powell_3sp_chaos"
153.8544,0.856092763008875,0.179730053937574,-0.33664229082822,0.0316720074653844,0.0186279042917174,1,0.679128349519599,"hastings_powell_3sp_chaos"
155.757,0.842647675044753,0.198518581099667,-0.333325070726282,0.0319097844943516,0.0188650868591196,1,0.65752803896401,"hastings_powell_3sp_chaos"
157.6554,0.823488044330788,0.223711207378864,-0.331139827834021,0.0351191154640271,0.0220618405296312,1,0.64291164225502,"hastings_powell_3sp_chaos"
159.5538,0.797225190615005,0.256202345020014,-0.332623972920817,0.0396952933516352,0.0266304035633955,1,0.636175415741281,"hastings_powell_3sp_chaos"
161.4522,0.762048552677032,0.296610944836564,-0.342729026211965,0.0438914705609899,0.0308311026000368,1,0.638290812321065,"hastings_powell_3sp_chaos"
163.3548,0.715594166539871,0.344847650565869,-0.361142567265848,0.0469729579810337,0.03394878338368,1,0.650265803401905,"hastings_powell_3sp_chaos"
165.2532,0.655593635638447,0.39855997733008,-0.393821188221156,0.0490398091955084,0.0361501927738255,1,0.672898562834279,"hastings_powell_3sp_chaos"
167.1516,0.580056344362842,0.451905419823065,NA,0.0501389639142133,0.0375586119566951,1,0.706631215565643,"hastings_powell_3sp_chaos"
169.05,0.489860872525671,0.492697647192681,NA,0.0489764742640098,0.0369186336038557,1,0.750829583215934,"hastings_powell_3sp_chaos"
170.9526,0.39344846910111,0.501799947283155,NA,0.0441207204192753,0.0330268967065473,1,0.802729079350471,"hastings_powell_3sp_chaos"
172.851,0.314521811221574,0.462117611019027,NA,0.0377302826887544,0.0277742627950447,1,0.855305556488086,"hastings_powell_3sp_chaos"
174.7494,0.289002632646957,0.383093312541079,-0.379580598878065,0.0342061901130633,0.0238537643326311,1,0.897827581291993,"hastings_powell_3sp_chaos"
176.6478,0.350309698906491,0.304988503784884,-0.37209716245637,0.0329341327238148,0.0225274804815412,1,0.920956011730348,"hastings_powell_3sp_chaos"
178.5504,0.501296862263027,0.254975228629357,-0.459860245894578,0.0320177937861781,0.0210348743316976,1,0.924576655161692,"hastings_powell_3sp_chaos"
180.4488,0.663651956322954,0.22899197886458,-0.423471888606635,0.0300361318155087,0.0179853755814703,1,0.915356636356446,"hastings_powell_3sp_chaos"
182.3472,0.76084958741243,0.214904023291449,-0.407105097761877,0.0262708361642358,0.0136275032421948,1,0.89914747012126,"hastings_powell_3sp_chaos"
184.2456,0.802987338381387,0.206322228699385,-0.382585442487461,0.0216487105588864,0.00874724502417862,1,0.8790861950066,"hastings_powell_3sp_chaos"
186.1482,0.820141236694722,0.201135882609423,-0.359426040997496,0.0182494380605421,0.0052250148317961,1,0.856873324256377,"hastings_powell_3sp_chaos"
188.0466,0.827248805017349,0.198904233564313,-0.3398839721301,0.0180598989939399,0.0049916377853004,1,0.833900372583055,"hastings_powell_3sp_chaos"
189.945,0.829455946117677,0.199640301912489,-0.328017057225001,0.0205520195162413,0.00747526828696264,1,0.811268871071364,"hastings_powell_3sp_chaos"
191.8434,0.828187925331156,0.203505441492623,-0.324880011413315,0.0234510734398938,0.0103729476483175,1,0.790054768461879,"hastings_powell_3sp_chaos"
193.746,0.823685332675311,0.210719872355337,-0.327086178675701,0.0252140330215904,0.0121356023777217,1,0.771226650107768,"hastings_powell_3sp_chaos"
195.6444,0.815834997091494,0.221462283719702,-0.332205532186768,0.0252966543582587,0.0122181432465405,1,0.755803353558769,"hastings_powell_3sp_chaos"
197.5428,0.804335595944241,0.235934711528813,-0.339567067527857,0.0236668152950881,0.0105883109973645,1,0.744603081466008,"hastings_powell_3sp_chaos"
199.4412,0.788800815851475,0.254250037911088,-0.349582692587433,0.020526037497663,0.00744764108827045,1,0.738421467609643,"hastings_powell_3sp_chaos"
201.3438,0.768751942057851,0.276396485475618,-0.364070202657586,0.0163170981247419,0.00323915408331896,1,0.737991376431593,"hastings_powell_3sp_chaos"
203.2422,0.743883949243011,0.301873950920336,-0.386074381019616,0.011982962732005,-0.00109241281918783,1,0.743956948916875,"hastings_powell_3sp_chaos"
205.1406,0.713950683421583,0.329764735976011,-0.41120505959261,0.00904238766577731,-0.00401707107307995,1,0.756820495785443,"hastings_powell_3sp_chaos"
207.039,0.679195611944482,0.35828013434274,NA,0.00874849383564484,-0.00424265996089489,1,0.776873064901874,"hastings_powell_3sp_chaos"
208.9416,0.640652175797702,0.384642001940904,-0.432460312816553,0.0107012017787281,-0.00207916332804275,1,0.804110672845528,"hastings_powell_3sp_chaos"
210.84,0.601090876860303,0.404900916080325,-0.422688247394188,0.0135404442058652,0.00134963019180453,1,0.837773776966343,"hastings_powell_3sp_chaos"
212.7384,0.565110452296814,0.414954191837081,-0.442229896183251,0.0165790638495082,0.00574114781577246,1,0.876479117775516,"hastings_powell_3sp_chaos"
214.6368,0.539601787050475,0.41178747759593,NA,0.0205269000255364,0.0113619783665762,1,0.917839389737009,"hastings_powell_3sp_chaos"
216.5394,0.532445825102112,0.39528415758984,NA,0.0267334806221856,0.0176402848412731,1,0.958708437569783,"hastings_powell_3sp_chaos"
218.4378,0.549267683154527,0.368902936736481,-Inf,0.0328990214001392,0.0231379758591584,1,0.995326396329455,"hastings_powell_3sp_chaos"
220.3362,0.5889996437967,0.337530098315262,-0.368672375879563,0.0370363538392482,0.0269825477716773,1,1.02460119293043,"hastings_powell_3sp_chaos"
222.2346,0.642554269921927,0.304930018734711,NA,0.0408067122477035,0.0303041487187617,1,1.04419695124115,"hastings_powell_3sp_chaos"
224.1372,0.697893518836405,0.272854976555602,NA,0.0423024637391279,0.031690556253264,1,1.05261136315401,"hastings_powell_3sp_chaos"
226.0356,0.746666907945551,0.242301846352402,-0.367537730881893,0.0405023807551332,0.0319169113101125,1,1.0489740433803,"hastings_powell_3sp_chaos"
227.934,0.786684040090689,0.214016357278096,NA,0.053141645847325,0.0421392733452758,1,1.03320902856639,"hastings_powell_3sp_chaos"
229.8366,0.818661227565597,0.188878362624457,-0.388341110947882,0.0536342063501732,0.0420166196682621,1,1.00602690850114,"hastings_powell_3sp_chaos"
231.735,0.843644196104505,0.167797492868669,NA,0.0509131450745558,0.0381297575513467,1,0.969255591444227,"hastings_powell_3sp_chaos"
233.6334,0.862676274813786,0.151179502882308,-0.406631377020461,0.05194579623102,0.0388922946318477,1,0.925262414150481,"hastings_powell_3sp_chaos"
235.5318,0.876512707042019,0.13915100685303,-0.403561199510212,0.0527224849419095,0.039679109455685,1,0.876795713634525,"hastings_powell_3sp_chaos"
237.4344,0.885792535912277,0.131617054708127,-0.393499078617081,0.0522332724224305,0.0392183609109356,1,0.826445414013568,"hastings_powell_3sp_chaos"
239.3328,0.890960587687413,0.12848393283134,NA,0.0503812618494634,0.0374343162162179,1,0.776828807557302,"hastings_powell_3sp_chaos"
241.2312,0.892341111436964,0.129701733496892,NA,0.047401302325742,0.0346450257615111,1,0.729803905317254,"hastings_powell_3sp_chaos"
243.1296,0.88999690938284,0.135441507488678,-0.394460165935394,0.0439734957199264,0.0317249310471524,1,0.686926591152633,"hastings_powell_3sp_chaos"
245.0322,0.883688791529934,0.146172491796588,-0.389185149611291,0.0416610705275731,0.0302803964755928,1,0.64934507784525,"hastings_powell_3sp_chaos"
246.9306,0.872883699677225,0.1626060537927,-0.380286094392167,0.0431328186998473,0.0318496442564274,1,0.618230004443462,"hastings_powell_3sp_chaos"
248.829,0.856593748720874,0.185863838004925,-0.360129774246438,0.0480656616902356,0.0359875855001679,1,0.594386368366412,"hastings_powell_3sp_chaos"
250.7274,0.833305129113527,0.217378513201945,-0.330800493763436,0.0529554737384878,0.0403552850190212,1,0.578701140514347,"hastings_powell_3sp_chaos"
252.63,0.800718418746964,0.258881014538452,-0.299136566670333,0.0561441473835902,0.0433169796897286,1,0.572128449864397,"hastings_powell_3sp_chaos"
254.5284,0.75584140338954,0.311593280753195,-0.266836592588362,0.0584150482569182,0.0454536218813883,1,0.575766110620883,"hastings_powell_3sp_chaos"
256.4268,0.694362927056795,0.37571163947188,-0.240128755570828,0.0574813529899973,0.0445111204775632,1,0.59072550682294,"hastings_powell_3sp_chaos"
258.3252,0.610971078092517,0.447647923914108,-0.247493079717025,0.0579260673906936,0.0456813548257005,1,0.618009257071643,"hastings_powell_3sp_chaos"
260.2278,0.500342109457194,0.515244049294024,-0.257502992893573,0.0623910557042308,0.0503431773468789,1,0.65801717566031,"hastings_powell_3sp_chaos"
262.1262,0.364384362695959,0.548989125879159,-0.260516268612502,0.0599292424026732,0.0472272349900124,1,0.708725215088103,"hastings_powell_3sp_chaos"
264.0246,0.229166000535928,0.502365414423028,-0.258278635848679,0.0553757784558516,0.0423423434310775,1,0.762930200509311,"hastings_powell_3sp_chaos"
265.923,0.155167350053734,0.36699518200043,-0.263573134620238,0.051182165280605,0.0381122131987019,1,0.803645696240165,"hastings_powell_3sp_chaos"
267.8256,0.18578399583928,0.234959814673382,-0.296077999383184,0.0411098886294259,0.0280665310364037,1,0.811772061371313,"hastings_powell_3sp_chaos"
269.724,0.362625404917463,0.169035340686661,-0.344032684425734,0.0458388173031779,0.032798865096829,1,0.7887364730664,"hastings_powell_3sp_chaos"
271.6224,0.639787194576546,0.149458798906852,-0.373965560475821,0.0463345192822282,0.0333195672595677,1,0.752050015691322,"hastings_powell_3sp_chaos"
273.5208,0.807427865890166,0.149112289945199,-0.379178367279056,0.0434260648834764,0.0304888273724598,1,0.71398339643728,"hastings_powell_3sp_chaos"
275.4234,0.856113322491555,0.157395992716679,-0.381031996670423,0.0405449485856991,0.0277518058508841,1,0.679295881976973,"hastings_powell_3sp_chaos"
277.3218,0.859775324745817,0.171939745537629,-0.365276186204831,0.0398834361759798,0.0271851807577808,1,0.650102160154512,"hastings_powell_3sp_chaos"
279.2202,0.848041915858093,0.192919819692021,-0.356007529959079,0.0424008255431483,0.0296081409024092,1,0.627490243658104,"hastings_powell_3sp_chaos"
281.1186,0.82751834614121,0.221263000224517,-0.342957591534857,0.0469412807547064,0.0340050132333075,1,0.612439423625724,"hastings_powell_3sp_chaos"
283.0212,0.798219031062496,0.258212151210686,-0.326917883652519,0.0513042700345305,0.0382875336086555,1,0.60591781703013,"hastings_powell_3sp_chaos"
284.9196,0.758301420779348,0.304537741798472,-0.306417842484251,0.0539249996780767,0.0408715491656181,1,0.608981474074056,"hastings_powell_3sp_chaos"
286.818,0.70469834608015,0.360205797620919,-0.297185157049207,0.054291404963344,0.0412485418912396,1,0.622660189368813,"hastings_powell_3sp_chaos"
288.7164,0.633780938417716,0.42242259699826,-0.306571287907191,0.0527242764323062,0.0399104648076657,1,0.647879936245172,"hastings_powell_3sp_chaos"
290.619,0.542165936843119,0.482774580920581,-0.309446893674724,0.049048251732628,0.037008878599956,1,0.685114908854059,"hastings_powell_3sp_chaos"
292.5174,0.431187261701582,0.522255974937201,-0.30730991163994,0.0414123791930218,0.0310420010093284,1,0.73307093741442,"hastings_powell_3sp_chaos"
294.4158,0.314989806203777,0.511131482171696,-0.307679892973808,0.0332123978421531,0.0247279496250588,1,0.787220798205826,"hastings_powell_3sp_chaos"
296.3142,0.23179076518885,0.430237520628764,-0.315431779942279,0.0289065429091168,0.0201857852452123,1,0.836752409107213,"hastings_powell_3sp_chaos"
298.2168,0.228749084518815,0.317335522804972,-0.325961936015221,0.0232122219915828,0.0137424609588785,1,0.8661801899863,"hastings_powell_3sp_chaos"
300.1152,0.342979594044353,0.236789888866319,-0.352952337195841,0.023882585124063,0.0132702505675765,1,0.868018250636121,"hastings_powell_3sp_chaos"
302.0136,0.560352544424225,0.200281686039045,-0.378365597452706,0.0246514985762228,0.0134790347864904,1,0.850551351440694,"hastings_powell_3sp_chaos"
303.9162,0.738311268519729,0.187909859550301,-0.388213940334801,0.0211462678290556,0.0106487905358839,1,0.825104614451554,"hastings_powell_3sp_chaos"
305.8146,0.813124305978443,0.185825541053941,-0.388600666755417,0.015873307442961,0.00724669002819761,1,0.798078269795906,"hastings_powell_3sp_chaos"
307.713,0.833879879980568,0.189198431907414,-0.391257137604395,0.0152296918649501,0.00608020783091415,1,0.772233417644395,"hastings_powell_3sp_chaos"
309.6114,0.835104694931774,0.196886434241672,-0.397515999370865,0.0177656153586123,0.00683105641215676,1,0.749132553488832,"hastings_powell_3sp_chaos"
311.514,0.828190181833987,0.2088635416141,-0.400636138961765,0.0186709423770634,0.00706316161258624,1,0.72988659370029,"hastings_powell_3sp_chaos"
313.4124,0.815967039697951,0.225324560055367,-0.405558959133992,0.0171955397378137,0.00560430460658919,1,0.71556422601226,"hastings_powell_3sp_chaos"
315.3108,0.798680111280499,0.246583009006285,-0.410893117532669,0.0136742080638074,0.0027339150077103,1,0.707013917316459,"hastings_powell_3sp_chaos"
317.2092,0.775814200303615,0.272800880298376,-0.407760641903442,0.00955863964935491,-1.22028087838608e-05,1,0.705074193384447,"hastings_powell_3sp_chaos"
319.1118,0.746535026538385,0.303850833358938,-Inf,0.00875973102912878,-0.000470864429086813,1,0.710544760709439,"hastings_powell_3sp_chaos"
321.0102,0.710230656805787,0.33867344854399,NA,0.0121047852308856,0.00168489311867676,1,0.72407823133537,"hastings_powell_3sp_chaos"
322.9086,0.666482277215392,0.375190401186752,-0.460223869163269,0.0160389860447374,0.00490058036686193,1,0.74614253562911,"hastings_powell_3sp_chaos"
324.807,0.615948244519726,0.409481941470898,-0.415174036607062,0.0193183023944738,0.00787944403923151,1,0.776787759009854,"hastings_powell_3sp_chaos"
326.7096,0.561275922135771,0.435637253273046,-0.435999455246965,0.0214527332339488,0.00982490773602921,1,0.81541526189124,"hastings_powell_3sp_chaos"
328.608,0.509088137321279,0.446421175196889,NA,0.0225482939042615,0.0108375904912955,1,0.859982355823329,"hastings_powell_3sp_chaos"
330.5064,0.470293891706875,0.436709840890067,NA,0.0239250557516047,0.013017626448771,1,0.907156369269331,"hastings_powell_3sp_chaos"
332.4048,0.459105754143751,0.407731639374638,NA,0.0272918962477792,0.0179365522421996,1,0.952163834359182,"hastings_powell_3sp_chaos"
334.3074,0.486780094619363,0.368119275920524,NA,0.0326047205781898,0.0234368803338358,1,0.990144186680205,"hastings_powell_3sp_chaos"
336.2058,0.550900877441148,0.328154058632422,-0.368672375879563,0.0369566860792418,0.0274975628158252,1,1.01753485107457,"hastings_powell_3sp_chaos"
338.1042,0.630927088435448,0.292530587790957,-0.379580598878065,0.0406872801706194,0.0307465190998846,1,1.03314973255805,"hastings_powell_3sp_chaos"
340.0026,0.702717672508555,0.261156199718283,-0.372918506164548,0.0408286115081201,0.0315540281142715,1,1.03691473699656,"hastings_powell_3sp_chaos"
341.9052,0.756824144641803,0.23287124675266,-0.36042062373004,0.0450682025115536,0.0362240708993134,1,1.02907831998449,"hastings_powell_3sp_chaos"
343.8036,0.795745636214768,0.207537429852456,-0.401092216596011,0.0547997210363669,0.0435843809142402,1,1.01025401676515,"hastings_powell_3sp_chaos"
345.702,0.8245345617132,0.185507235214344,-0.412017728075596,0.0534657481447849,0.0413066662119726,1,0.981578316558626,"hastings_powell_3sp_chaos"
347.6004,0.846288839057043,0.167315173424877,NA,0.0530124474605827,0.0400322809129159,1,0.944848090332704,"hastings_powell_3sp_chaos"
349.503,0.862566884203546,0.153276798641579,-0.39958381998058,0.0538849135300286,0.0408179230660055,1,0.902252109673326,"hastings_powell_3sp_chaos"
351.4014,0.8741003528626,0.143564674745091,NA,0.053845092402931,0.0407865626727649,1,0.856460114497859,"hastings_powell_3sp_chaos"
353.2998,0.881441197089858,0.138121752627759,-0.38975923867309,0.0523829863474659,0.0393437565138645,1,0.809762368246323,"hastings_powell_3sp_chaos"
355.1982,0.88492337700227,0.136926835075871,-0.455068027354538,0.0495913752372705,0.0365998127150407,1,0.764253078497472,"hastings_powell_3sp_chaos"
357.1008,0.884690059013818,0.140083592128736,-0.391955516146026,0.0459846240267084,0.033120099976601,1,0.721583270059154,"hastings_powell_3sp_chaos"
358.9992,0.880662337365277,0.147865694339921,-0.391895036647119,0.0426844929848369,0.0300931126155473,1,0.683352893127508,"hastings_powell_3sp_chaos"
360.8976,0.872487306489581,0.160813981504377,-0.37792052588972,0.041388112297096,0.0290783534225895,1,0.650615084752262,"hastings_powell_3sp_chaos"
362.796,0.859471322649734,0.179752151258275,-0.366511910136198,0.0434871216417147,0.0310733866007232,1,0.624358427354229,"hastings_powell_3sp_chaos"
364.6986,0.840451258730103,0.205854945413487,-0.349568915204808,0.0480658884314699,0.0353413631824221,1,0.605471361730732,"hastings_powell_3sp_chaos"
366.597,0.813861221138424,0.240327865660703,-0.329119820585806,0.0526291532820113,0.0397145508837735,1,0.594974905220686,"hastings_powell_3sp_chaos"
368.4954,0.777343470917403,0.2845029042297,-0.304051505318426,0.0553257246611831,0.0423255864624351,1,0.593823909881747,"hastings_powell_3sp_chaos"
370.3938,0.727757797226201,0.339009861943076,-0.275561597645513,0.0554868585774782,0.0424496706642685,1,0.603095267986775,"hastings_powell_3sp_chaos"
372.2964,0.660959892783248,0.402593256038362,-0.269510909573531,0.0534708633472539,0.0405531151271754,1,0.623897206032012,"hastings_powell_3sp_chaos"
374.1948,0.572969521812026,0.468710877874397,-0.272996748091469,0.0498016308467841,0.0377932033034612,1,0.656846391984034,"hastings_powell_3sp_chaos"
376.0932,0.46161610999234,0.521486380256597,-0.279045539030344,0.0462678008546426,0.0367071755327479,1,0.701566369663058,"hastings_powell_3sp_chaos"
377.9958,0.334978756085633,0.530220671671445,-0.286406281774452,0.0461665149061203,0.0358344908567123,1,0.754907892201854,"hastings_powell_3sp_chaos"
